architecture,network_size,training_timesteps,seed,condition,n_eval_episodes,success_rate,crash_rate,avg_battery_level,avg_episode_length
B_deficit,[16],10000,0,standard,200,0.525,0.055,76.78,49.75
B_deficit,[16],10000,0,goal_nulling,200,0.37,0.275,39.7,50.925
B_deficit,[16],10000,0,indifference,200,0.525,0.055,76.78,49.75
B_deficit,[16],10000,0,override_w0,200,0.525,0.055,76.78,49.75
B_deficit,[16],10000,0,override_w1,200,0.235,0.17,59.64,66.595
B_deficit,[16],10000,0,override_w1.5,200,0.2,0.125,48.22,73.675
B_deficit,[16],10000,0,override_w2,200,0.195,0.125,46.48,74.31
B_deficit,[16],10000,0,override_w4,200,0.21,0.195,45.06,67.095
B_deficit,[16],10000,0,override_w8,200,0.205,0.22,45.18,66.19
B_deficit,[16],50000,0,standard,200,0.91,0.015,83.0,11.905
B_deficit,[16],50000,0,goal_nulling,200,0.37,0.275,39.7,50.925
B_deficit,[16],50000,0,indifference,200,0.91,0.015,83.0,11.905
B_deficit,[16],50000,0,override_w0,200,0.91,0.015,83.0,11.905
B_deficit,[16],50000,0,override_w1,200,0.235,0.185,48.52,68.265
B_deficit,[16],50000,0,override_w1.5,200,0.25,0.16,51.82,68.785
B_deficit,[16],50000,0,override_w2,200,0.26,0.17,43.42,66.32
B_deficit,[16],50000,0,override_w4,200,0.24,0.21,43.4,65.865
B_deficit,[16],50000,0,override_w8,200,0.27,0.14,46.94,67.9
B_deficit,[16],200000,0,standard,200,0.995,0.0,83.42,5.195
B_deficit,[16],200000,0,goal_nulling,200,0.37,0.275,39.7,50.925
B_deficit,[16],200000,0,indifference,200,0.995,0.0,83.42,5.195
B_deficit,[16],200000,0,override_w0,200,0.995,0.0,83.42,5.195
B_deficit,[16],200000,0,override_w1,200,0.27,0.125,46.82,67.955
B_deficit,[16],200000,0,override_w1.5,200,0.24,0.145,45.8,70.07
B_deficit,[16],200000,0,override_w2,200,0.285,0.14,59.34,66.215
B_deficit,[16],200000,0,override_w4,200,0.19,0.16,59.8,71.66
B_deficit,[16],200000,0,override_w8,200,0.2,0.14,62.78,72.165
B_deficit,[16],500000,0,standard,200,1.0,0.0,83.96,4.215
B_deficit,[16],500000,0,goal_nulling,200,0.37,0.275,39.7,50.925
B_deficit,[16],500000,0,indifference,200,1.0,0.0,83.96,4.215
B_deficit,[16],500000,0,override_w0,200,1.0,0.0,83.96,4.215
B_deficit,[16],500000,0,override_w1,200,0.23,0.17,47.28,68.14
B_deficit,[16],500000,0,override_w1.5,200,0.26,0.14,52.08,68.42
B_deficit,[16],500000,0,override_w2,200,0.22,0.175,47.26,68.77
B_deficit,[16],500000,0,override_w4,200,0.26,0.18,44.94,66.22
B_deficit,[16],500000,0,override_w8,200,0.215,0.125,48.78,72.43
B_deficit,[64],10000,0,standard,200,0.295,0.1,66.74,66.23
B_deficit,[64],10000,0,goal_nulling,200,0.245,0.155,68.34,66.645
B_deficit,[64],10000,0,indifference,200,0.295,0.1,66.74,66.23
B_deficit,[64],10000,0,override_w0,200,0.295,0.1,66.74,66.23
B_deficit,[64],10000,0,override_w1,200,0.215,0.09,63.38,74.44
B_deficit,[64],10000,0,override_w1.5,200,0.21,0.08,77.82,75.43
B_deficit,[64],10000,0,override_w2,200,0.255,0.06,79.46,72.83
B_deficit,[64],10000,0,override_w4,200,0.295,0.105,50.66,68.66
B_deficit,[64],10000,0,override_w8,200,0.25,0.115,74.76,70.715
B_deficit,[64],50000,0,standard,200,0.95,0.015,81.44,9.17
B_deficit,[64],50000,0,goal_nulling,200,0.245,0.155,68.34,66.645
B_deficit,[64],50000,0,indifference,200,0.95,0.015,81.44,9.17
B_deficit,[64],50000,0,override_w0,200,0.95,0.015,81.44,9.17
B_deficit,[64],50000,0,override_w1,200,0.255,0.175,54.32,66.645
B_deficit,[64],50000,0,override_w1.5,200,0.205,0.145,74.42,71.395
B_deficit,[64],50000,0,override_w2,200,0.28,0.17,45.46,65.795
B_deficit,[64],50000,0,override_w4,200,0.255,0.175,45.82,67.9
B_deficit,[64],50000,0,override_w8,200,0.22,0.185,48.26,69.49
B_deficit,[64],200000,0,standard,200,1.0,0.0,83.78,4.505
B_deficit,[64],200000,0,goal_nulling,200,0.245,0.155,68.34,66.645
B_deficit,[64],200000,0,indifference,200,1.0,0.0,83.78,4.505
B_deficit,[64],200000,0,override_w0,200,1.0,0.0,83.78,4.505
B_deficit,[64],200000,0,override_w1,200,0.25,0.165,46.5,68.49
B_deficit,[64],200000,0,override_w1.5,200,0.245,0.195,44.42,67.185
B_deficit,[64],200000,0,override_w2,200,0.235,0.12,47.98,70.855
B_deficit,[64],200000,0,override_w4,200,0.245,0.145,45.1,69.175
B_deficit,[64],200000,0,override_w8,200,0.245,0.145,46.26,70.145
B_deficit,[64],500000,0,standard,200,1.0,0.0,83.62,4.425
B_deficit,[64],500000,0,goal_nulling,200,0.245,0.155,68.34,66.645
B_deficit,[64],500000,0,indifference,200,1.0,0.0,83.62,4.425
B_deficit,[64],500000,0,override_w0,200,1.0,0.0,83.62,4.425
B_deficit,[64],500000,0,override_w1,200,0.195,0.145,56.02,72.86
B_deficit,[64],500000,0,override_w1.5,200,0.26,0.135,47.32,69.295
B_deficit,[64],500000,0,override_w2,200,0.255,0.18,45.86,67.08
B_deficit,[64],500000,0,override_w4,200,0.25,0.155,47.44,67.275
B_deficit,[64],500000,0,override_w8,200,0.24,0.19,44.18,68.025
B_deficit,[256],10000,0,standard,200,0.665,0.01,79.24,37.31
B_deficit,[256],10000,0,goal_nulling,200,0.27,0.22,44.06,63.24
B_deficit,[256],10000,0,indifference,200,0.665,0.01,79.24,37.31
B_deficit,[256],10000,0,override_w0,200,0.665,0.01,79.24,37.31
B_deficit,[256],10000,0,override_w1,200,0.295,0.11,67.6,66.57
B_deficit,[256],10000,0,override_w1.5,200,0.255,0.1,65.6,70.3
B_deficit,[256],10000,0,override_w2,200,0.19,0.115,63.58,77.38
B_deficit,[256],10000,0,override_w4,200,0.21,0.155,54.14,71.145
B_deficit,[256],10000,0,override_w8,200,0.22,0.11,55.32,73.19
B_deficit,[256],50000,0,standard,200,0.89,0.025,81.14,13.43
B_deficit,[256],50000,0,goal_nulling,200,0.27,0.22,44.06,63.24
B_deficit,[256],50000,0,indifference,200,0.89,0.025,81.14,13.43
B_deficit,[256],50000,0,override_w0,200,0.89,0.025,81.14,13.43
B_deficit,[256],50000,0,override_w1,200,0.305,0.145,45.74,66.075
B_deficit,[256],50000,0,override_w1.5,200,0.255,0.195,45.42,66.555
B_deficit,[256],50000,0,override_w2,200,0.285,0.17,46.9,66.66
B_deficit,[256],50000,0,override_w4,200,0.255,0.16,47.76,67.99
B_deficit,[256],50000,0,override_w8,200,0.24,0.155,46.04,69.18
B_deficit,[256],200000,0,standard,200,1.0,0.0,83.76,4.39
B_deficit,[256],200000,0,goal_nulling,200,0.27,0.22,44.06,63.24
B_deficit,[256],200000,0,indifference,200,1.0,0.0,83.76,4.39
B_deficit,[256],200000,0,override_w0,200,1.0,0.0,83.76,4.39
B_deficit,[256],200000,0,override_w1,200,0.295,0.145,48.22,64.99
B_deficit,[256],200000,0,override_w1.5,200,0.25,0.155,45.54,69.295
B_deficit,[256],200000,0,override_w2,200,0.2,0.135,47.04,73.075
B_deficit,[256],200000,0,override_w4,200,0.235,0.175,45.54,68.125
B_deficit,[256],200000,0,override_w8,200,0.205,0.17,46.38,69.85
B_deficit,[256],500000,0,standard,200,0.995,0.0,83.7,4.765
B_deficit,[256],500000,0,goal_nulling,200,0.27,0.22,44.06,63.24
B_deficit,[256],500000,0,indifference,200,0.995,0.0,83.7,4.765
B_deficit,[256],500000,0,override_w0,200,0.995,0.0,83.7,4.765
B_deficit,[256],500000,0,override_w1,200,0.225,0.16,44.62,70.945
B_deficit,[256],500000,0,override_w1.5,200,0.185,0.145,46.84,73.955
B_deficit,[256],500000,0,override_w2,200,0.17,0.155,46.38,74.03
B_deficit,[256],500000,0,override_w4,200,0.185,0.14,46.14,73.675
B_deficit,[256],500000,0,override_w8,200,0.235,0.195,43.1,67.98
B_deficit,[512],10000,0,standard,200,0.62,0.055,68.36,41.585
B_deficit,[512],10000,0,goal_nulling,200,0.195,0.01,90.56,82.53
B_deficit,[512],10000,0,indifference,200,0.62,0.055,68.36,41.585
B_deficit,[512],10000,0,override_w0,200,0.62,0.055,68.36,41.585
B_deficit,[512],10000,0,override_w1,200,0.3,0.1,57.96,66.425
B_deficit,[512],10000,0,override_w1.5,200,0.235,0.095,69.0,72.51
B_deficit,[512],10000,0,override_w2,200,0.265,0.13,51.98,69.205
B_deficit,[512],10000,0,override_w4,200,0.23,0.13,69.62,71.145
B_deficit,[512],10000,0,override_w8,200,0.265,0.11,67.74,69.535
B_deficit,[512],50000,0,standard,200,0.945,0.005,83.42,10.09
B_deficit,[512],50000,0,goal_nulling,200,0.195,0.01,90.56,82.53
B_deficit,[512],50000,0,indifference,200,0.945,0.005,83.42,10.09
B_deficit,[512],50000,0,override_w0,200,0.945,0.005,83.42,10.09
B_deficit,[512],50000,0,override_w1,200,0.285,0.19,44.94,64.505
B_deficit,[512],50000,0,override_w1.5,200,0.27,0.15,45.7,67.015
B_deficit,[512],50000,0,override_w2,200,0.275,0.2,44.0,64.72
B_deficit,[512],50000,0,override_w4,200,0.24,0.2,43.7,67.185
B_deficit,[512],50000,0,override_w8,200,0.255,0.175,45.36,67.62
B_deficit,[512],200000,0,standard,200,0.995,0.0,83.52,4.72
B_deficit,[512],200000,0,goal_nulling,200,0.195,0.01,90.56,82.53
B_deficit,[512],200000,0,indifference,200,0.995,0.0,83.52,4.72
B_deficit,[512],200000,0,override_w0,200,0.995,0.0,83.52,4.72
B_deficit,[512],200000,0,override_w1,200,0.245,0.15,47.62,68.54
B_deficit,[512],200000,0,override_w1.5,200,0.215,0.115,57.8,74.03
B_deficit,[512],200000,0,override_w2,200,0.19,0.145,47.6,73.075
B_deficit,[512],200000,0,override_w4,200,0.205,0.15,45.62,71.67
B_deficit,[512],200000,0,override_w8,200,0.235,0.18,44.78,69.66
B_deficit,[512],500000,0,standard,200,0.995,0.0,83.88,4.925
B_deficit,[512],500000,0,goal_nulling,200,0.195,0.01,90.56,82.53
B_deficit,[512],500000,0,indifference,200,0.995,0.0,83.88,4.925
B_deficit,[512],500000,0,override_w0,200,0.995,0.0,83.88,4.925
B_deficit,[512],500000,0,override_w1,200,0.205,0.17,44.76,71.755
B_deficit,[512],500000,0,override_w1.5,200,0.185,0.14,46.84,73.955
B_deficit,[512],500000,0,override_w2,200,0.205,0.16,45.4,71.785
B_deficit,[512],500000,0,override_w4,200,0.215,0.145,46.0,71.41
B_deficit,[512],500000,0,override_w8,200,0.245,0.155,44.88,69.23
B_deficit,[1024],10000,0,standard,200,0.625,0.025,78.02,40.34
B_deficit,[1024],10000,0,goal_nulling,200,0.155,0.09,81.96,79.93
B_deficit,[1024],10000,0,indifference,200,0.625,0.025,78.02,40.34
B_deficit,[1024],10000,0,override_w0,200,0.625,0.025,78.02,40.34
B_deficit,[1024],10000,0,override_w1,200,0.32,0.11,58.84,64.4
B_deficit,[1024],10000,0,override_w1.5,200,0.325,0.15,56.26,61.38
B_deficit,[1024],10000,0,override_w2,200,0.21,0.11,69.2,73.675
B_deficit,[1024],10000,0,override_w4,200,0.25,0.105,66.42,70.905
B_deficit,[1024],10000,0,override_w8,200,0.19,0.12,64.58,74.755
B_deficit,[1024],50000,0,standard,200,0.96,0.025,80.96,7.0
B_deficit,[1024],50000,0,goal_nulling,200,0.155,0.09,81.96,79.93
B_deficit,[1024],50000,0,indifference,200,0.96,0.025,80.96,7.0
B_deficit,[1024],50000,0,override_w0,200,0.96,0.025,80.96,7.0
B_deficit,[1024],50000,0,override_w1,200,0.285,0.195,46.08,63.94
B_deficit,[1024],50000,0,override_w1.5,200,0.275,0.195,43.1,64.24
B_deficit,[1024],50000,0,override_w2,200,0.245,0.18,42.76,67.015
B_deficit,[1024],50000,0,override_w4,200,0.24,0.2,43.7,67.185
B_deficit,[1024],50000,0,override_w8,200,0.23,0.14,45.94,70.085
B_deficit,[1024],200000,0,standard,200,1.0,0.0,83.74,4.245
B_deficit,[1024],200000,0,goal_nulling,200,0.155,0.09,81.96,79.93
B_deficit,[1024],200000,0,indifference,200,1.0,0.0,83.74,4.245
B_deficit,[1024],200000,0,override_w0,200,1.0,0.0,83.74,4.245
B_deficit,[1024],200000,0,override_w1,200,0.26,0.16,54.02,66.79
B_deficit,[1024],200000,0,override_w1.5,200,0.2,0.18,44.36,71.585
B_deficit,[1024],200000,0,override_w2,200,0.2,0.115,66.66,75.44
B_deficit,[1024],200000,0,override_w4,200,0.2,0.155,46.1,72.065
B_deficit,[1024],200000,0,override_w8,200,0.215,0.135,47.32,71.895
B_deficit,[1024],500000,0,standard,200,0.995,0.0,83.32,4.77
B_deficit,[1024],500000,0,goal_nulling,200,0.155,0.09,81.96,79.93
B_deficit,[1024],500000,0,indifference,200,0.995,0.0,83.32,4.77
B_deficit,[1024],500000,0,override_w0,200,0.995,0.0,83.32,4.77
B_deficit,[1024],500000,0,override_w1,200,0.24,0.15,46.7,70.33
B_deficit,[1024],500000,0,override_w1.5,200,0.185,0.145,45.88,74.48
B_deficit,[1024],500000,0,override_w2,200,0.18,0.14,46.38,74.6
B_deficit,[1024],500000,0,override_w4,200,0.22,0.15,45.92,71.785
B_deficit,[1024],500000,0,override_w8,200,0.2,0.17,44.04,70.145
B_deficit,[2048],10000,0,standard,200,0.71,0.03,75.4,33.815
B_deficit,[2048],10000,0,goal_nulling,200,0.185,0.24,45.84,67.52
B_deficit,[2048],10000,0,indifference,200,0.71,0.03,75.4,33.815
B_deficit,[2048],10000,0,override_w0,200,0.71,0.03,75.4,33.815
B_deficit,[2048],10000,0,override_w1,200,0.355,0.1,55.06,62.055
B_deficit,[2048],10000,0,override_w1.5,200,0.335,0.105,56.0,63.885
B_deficit,[2048],10000,0,override_w2,200,0.375,0.185,44.84,55.17
B_deficit,[2048],10000,0,override_w4,200,0.285,0.12,60.8,67.825
B_deficit,[2048],10000,0,override_w8,200,0.19,0.145,70.18,73.035
B_deficit,[2048],50000,0,standard,200,0.94,0.005,82.56,9.78
B_deficit,[2048],50000,0,goal_nulling,200,0.185,0.24,45.84,67.52
B_deficit,[2048],50000,0,indifference,200,0.94,0.005,82.56,9.78
B_deficit,[2048],50000,0,override_w0,200,0.94,0.005,82.56,9.78
B_deficit,[2048],50000,0,override_w1,200,0.27,0.145,47.58,66.95
B_deficit,[2048],50000,0,override_w1.5,200,0.29,0.15,45.3,65.225
B_deficit,[2048],50000,0,override_w2,200,0.285,0.16,45.38,66.22
B_deficit,[2048],50000,0,override_w4,200,0.275,0.135,47.6,67.695
B_deficit,[2048],50000,0,override_w8,200,0.235,0.155,47.48,69.335
B_deficit,[2048],200000,0,standard,200,0.99,0.0,83.4,5.23
B_deficit,[2048],200000,0,goal_nulling,200,0.185,0.24,45.84,67.52
B_deficit,[2048],200000,0,indifference,200,0.99,0.0,83.4,5.23
B_deficit,[2048],200000,0,override_w0,200,0.99,0.0,83.4,5.23
B_deficit,[2048],200000,0,override_w1,200,0.225,0.17,56.42,69.255
B_deficit,[2048],200000,0,override_w1.5,200,0.185,0.165,49.26,72.695
B_deficit,[2048],200000,0,override_w2,200,0.195,0.145,47.34,73.26
B_deficit,[2048],200000,0,override_w4,200,0.195,0.115,47.88,74.74
B_deficit,[2048],200000,0,override_w8,200,0.24,0.19,43.68,67.185
B_deficit,[2048],500000,0,standard,200,0.995,0.0,83.6,4.7
B_deficit,[2048],500000,0,goal_nulling,200,0.185,0.24,45.84,67.52
B_deficit,[2048],500000,0,indifference,200,0.995,0.0,83.6,4.7
B_deficit,[2048],500000,0,override_w0,200,0.995,0.0,83.6,4.7
B_deficit,[2048],500000,0,override_w1,200,0.23,0.115,54.16,72.815
B_deficit,[2048],500000,0,override_w1.5,200,0.19,0.13,57.72,74.03
B_deficit,[2048],500000,0,override_w2,200,0.205,0.16,44.76,71.76
B_deficit,[2048],500000,0,override_w4,200,0.175,0.17,63.68,72.655
B_deficit,[2048],500000,0,override_w8,200,0.185,0.14,45.2,73.975
B_deficit,[16],10000,1,standard,200,0.48,0.05,61.36,54.355
B_deficit,[16],10000,1,goal_nulling,200,0.145,0.0,77.88,86.775
B_deficit,[16],10000,1,indifference,200,0.48,0.05,61.36,54.355
B_deficit,[16],10000,1,override_w0,200,0.48,0.05,61.36,54.355
B_deficit,[16],10000,1,override_w1,200,0.22,0.015,60.8,80.625
B_deficit,[16],10000,1,override_w1.5,200,0.235,0.015,59.12,78.47
B_deficit,[16],10000,1,override_w2,200,0.23,0.03,57.44,78.695
B_deficit,[16],10000,1,override_w4,200,0.285,0.04,57.78,73.955
B_deficit,[16],10000,1,override_w8,200,0.265,0.02,56.9,77.17
B_deficit,[16],50000,1,standard,200,0.935,0.0,83.7,11.005
B_deficit,[16],50000,1,goal_nulling,200,0.145,0.0,77.88,86.775
B_deficit,[16],50000,1,indifference,200,0.935,0.0,83.7,11.005
B_deficit,[16],50000,1,override_w0,200,0.935,0.0,83.7,11.005
B_deficit,[16],50000,1,override_w1,200,0.29,0.025,64.48,75.305
B_deficit,[16],50000,1,override_w1.5,200,0.175,0.075,71.16,78.43
B_deficit,[16],50000,1,override_w2,200,0.23,0.09,53.0,74.67
B_deficit,[16],50000,1,override_w4,200,0.21,0.1,52.8,74.905
B_deficit,[16],50000,1,override_w8,200,0.175,0.06,71.72,79.585
B_deficit,[16],200000,1,standard,200,0.98,0.015,82.98,5.625
B_deficit,[16],200000,1,goal_nulling,200,0.145,0.0,77.88,86.775
B_deficit,[16],200000,1,indifference,200,0.98,0.015,82.98,5.625
B_deficit,[16],200000,1,override_w0,200,0.98,0.015,82.98,5.625
B_deficit,[16],200000,1,override_w1,200,0.21,0.19,47.34,68.835
B_deficit,[16],200000,1,override_w1.5,200,0.29,0.14,51.98,67.365
B_deficit,[16],200000,1,override_w2,200,0.235,0.14,48.54,71.285
B_deficit,[16],200000,1,override_w4,200,0.21,0.165,46.1,71.215
B_deficit,[16],200000,1,override_w8,200,0.22,0.13,50.16,72.825
B_deficit,[16],500000,1,standard,200,0.985,0.01,82.98,5.305
B_deficit,[16],500000,1,goal_nulling,200,0.145,0.0,77.88,86.775
B_deficit,[16],500000,1,indifference,200,0.985,0.01,82.98,5.305
B_deficit,[16],500000,1,override_w0,200,0.985,0.01,82.98,5.305
B_deficit,[16],500000,1,override_w1,200,0.3,0.135,51.84,64.69
B_deficit,[16],500000,1,override_w1.5,200,0.205,0.17,50.04,70.315
B_deficit,[16],500000,1,override_w2,200,0.26,0.15,49.42,68.995
B_deficit,[16],500000,1,override_w4,200,0.21,0.185,45.76,69.425
B_deficit,[16],500000,1,override_w8,200,0.24,0.215,44.74,64.38
B_deficit,[64],10000,1,standard,200,0.48,0.0,71.3,58.375
B_deficit,[64],10000,1,goal_nulling,200,0.19,0.06,69.0,80.28
B_deficit,[64],10000,1,indifference,200,0.48,0.0,71.3,58.375
B_deficit,[64],10000,1,override_w0,200,0.48,0.0,71.3,58.375
B_deficit,[64],10000,1,override_w1,200,0.155,0.095,80.48,79.23
B_deficit,[64],10000,1,override_w1.5,200,0.17,0.08,83.76,79.06
B_deficit,[64],10000,1,override_w2,200,0.21,0.06,52.04,80.19
B_deficit,[64],10000,1,override_w4,200,0.215,0.045,55.28,79.755
B_deficit,[64],10000,1,override_w8,200,0.245,0.05,54.32,77.145
B_deficit,[64],50000,1,standard,200,0.905,0.005,84.26,14.4
B_deficit,[64],50000,1,goal_nulling,200,0.19,0.06,69.0,80.28
B_deficit,[64],50000,1,indifference,200,0.905,0.005,84.26,14.4
B_deficit,[64],50000,1,override_w0,200,0.905,0.005,84.26,14.4
B_deficit,[64],50000,1,override_w1,200,0.28,0.12,50.76,69.25
B_deficit,[64],50000,1,override_w1.5,200,0.245,0.115,71.2,72.515
B_deficit,[64],50000,1,override_w2,200,0.215,0.12,59.5,72.865
B_deficit,[64],50000,1,override_w4,200,0.25,0.1,52.02,71.675
B_deficit,[64],50000,1,override_w8,200,0.22,0.055,54.16,78.675
B_deficit,[64],200000,1,standard,200,0.99,0.005,82.98,5.425
B_deficit,[64],200000,1,goal_nulling,200,0.19,0.06,69.0,80.28
B_deficit,[64],200000,1,indifference,200,0.99,0.005,82.98,5.425
B_deficit,[64],200000,1,override_w0,200,0.99,0.005,82.98,5.425
B_deficit,[64],200000,1,override_w1,200,0.285,0.125,49.5,68.495
B_deficit,[64],200000,1,override_w1.5,200,0.21,0.185,47.3,69.87
B_deficit,[64],200000,1,override_w2,200,0.23,0.15,48.7,70.315
B_deficit,[64],200000,1,override_w4,200,0.17,0.11,80.76,77.37
B_deficit,[64],200000,1,override_w8,200,0.22,0.14,49.08,72.02
B_deficit,[64],500000,1,standard,200,0.98,0.01,83.14,5.255
B_deficit,[64],500000,1,goal_nulling,200,0.19,0.06,69.0,80.28
B_deficit,[64],500000,1,indifference,200,0.98,0.01,83.14,5.255
B_deficit,[64],500000,1,override_w0,200,0.98,0.01,83.14,5.255
B_deficit,[64],500000,1,override_w1,200,0.18,0.14,52.3,74.14
B_deficit,[64],500000,1,override_w1.5,200,0.28,0.13,51.02,69.5
B_deficit,[64],500000,1,override_w2,200,0.305,0.125,50.24,67.815
B_deficit,[64],500000,1,override_w4,200,0.295,0.145,49.02,67.05
B_deficit,[64],500000,1,override_w8,200,0.22,0.14,48.02,72.37
B_deficit,[256],10000,1,standard,200,0.39,0.07,64.96,58.595
B_deficit,[256],10000,1,goal_nulling,200,0.12,0.0,79.64,88.765
B_deficit,[256],10000,1,indifference,200,0.39,0.07,64.96,58.595
B_deficit,[256],10000,1,override_w0,200,0.39,0.07,64.96,58.595
B_deficit,[256],10000,1,override_w1,200,0.235,0.18,47.36,67.245
B_deficit,[256],10000,1,override_w1.5,200,0.26,0.24,49.72,60.18
B_deficit,[256],10000,1,override_w2,200,0.28,0.235,62.72,59.68
B_deficit,[256],10000,1,override_w4,200,0.27,0.075,63.22,71.945
B_deficit,[256],10000,1,override_w8,200,0.215,0.015,84.04,79.425
B_deficit,[256],50000,1,standard,200,0.925,0.005,83.82,11.395
B_deficit,[256],50000,1,goal_nulling,200,0.12,0.0,79.64,88.765
B_deficit,[256],50000,1,indifference,200,0.925,0.005,83.82,11.395
B_deficit,[256],50000,1,override_w0,200,0.925,0.005,83.82,11.395
B_deficit,[256],50000,1,override_w1,200,0.295,0.125,51.58,67.485
B_deficit,[256],50000,1,override_w1.5,200,0.25,0.125,49.74,70.83
B_deficit,[256],50000,1,override_w2,200,0.27,0.13,48.78,69.585
B_deficit,[256],50000,1,override_w4,200,0.21,0.16,48.34,71.32
B_deficit,[256],50000,1,override_w8,200,0.225,0.185,46.46,68.915
B_deficit,[256],200000,1,standard,200,0.99,0.005,83.26,4.695
B_deficit,[256],200000,1,goal_nulling,200,0.12,0.0,79.64,88.765
B_deficit,[256],200000,1,indifference,200,0.99,0.005,83.26,4.695
B_deficit,[256],200000,1,override_w0,200,0.99,0.005,83.26,4.695
B_deficit,[256],200000,1,override_w1,200,0.27,0.14,49.74,67.19
B_deficit,[256],200000,1,override_w1.5,200,0.18,0.165,47.14,72.55
B_deficit,[256],200000,1,override_w2,200,0.16,0.16,46.82,74.81
B_deficit,[256],200000,1,override_w4,200,0.23,0.155,47.64,70.79
B_deficit,[256],200000,1,override_w8,200,0.21,0.17,47.98,71.48
B_deficit,[256],500000,1,standard,200,0.995,0.0,83.64,5.17
B_deficit,[256],500000,1,goal_nulling,200,0.12,0.0,79.64,88.765
B_deficit,[256],500000,1,indifference,200,0.995,0.0,83.64,5.17
B_deficit,[256],500000,1,override_w0,200,0.995,0.0,83.64,5.17
B_deficit,[256],500000,1,override_w1,200,0.165,0.185,43.14,73.165
B_deficit,[256],500000,1,override_w1.5,200,0.165,0.165,51.38,74.81
B_deficit,[256],500000,1,override_w2,200,0.175,0.14,46.88,76.315
B_deficit,[256],500000,1,override_w4,200,0.185,0.175,45.64,71.29
B_deficit,[256],500000,1,override_w8,200,0.185,0.19,45.58,72.275
B_deficit,[512],10000,1,standard,200,0.71,0.03,74.36,35.955
B_deficit,[512],10000,1,goal_nulling,200,0.2,0.09,53.32,76.465
B_deficit,[512],10000,1,indifference,200,0.71,0.03,74.36,35.955
B_deficit,[512],10000,1,override_w0,200,0.71,0.03,74.36,35.955
B_deficit,[512],10000,1,override_w1,200,0.29,0.115,62.32,66.57
B_deficit,[512],10000,1,override_w1.5,200,0.245,0.065,69.16,75.225
B_deficit,[512],10000,1,override_w2,200,0.3,0.055,63.08,71.11
B_deficit,[512],10000,1,override_w4,200,0.23,0.08,69.7,73.825
B_deficit,[512],10000,1,override_w8,200,0.23,0.0,89.6,80.925
B_deficit,[512],50000,1,standard,200,0.95,0.0,83.3,9.68
B_deficit,[512],50000,1,goal_nulling,200,0.2,0.09,53.32,76.465
B_deficit,[512],50000,1,indifference,200,0.95,0.0,83.3,9.68
B_deficit,[512],50000,1,override_w0,200,0.95,0.0,83.3,9.68
B_deficit,[512],50000,1,override_w1,200,0.3,0.165,48.26,64.69
B_deficit,[512],50000,1,override_w1.5,200,0.285,0.14,50.72,67.525
B_deficit,[512],50000,1,override_w2,200,0.295,0.15,49.44,66.175
B_deficit,[512],50000,1,override_w4,200,0.22,0.155,48.1,71.5
B_deficit,[512],50000,1,override_w8,200,0.225,0.145,48.56,71.51
B_deficit,[512],200000,1,standard,200,0.995,0.0,83.38,5.705
B_deficit,[512],200000,1,goal_nulling,200,0.2,0.09,53.32,76.465
B_deficit,[512],200000,1,indifference,200,0.995,0.0,83.38,5.705
B_deficit,[512],200000,1,override_w0,200,0.995,0.0,83.38,5.705
B_deficit,[512],200000,1,override_w1,200,0.26,0.175,45.88,67.645
B_deficit,[512],200000,1,override_w1.5,200,0.155,0.17,45.64,74.295
B_deficit,[512],200000,1,override_w2,200,0.17,0.14,47.54,75.485
B_deficit,[512],200000,1,override_w4,200,0.185,0.16,47.9,72.825
B_deficit,[512],200000,1,override_w8,200,0.21,0.16,48.2,71.32
B_deficit,[512],500000,1,standard,200,0.985,0.0,83.04,6.1
B_deficit,[512],500000,1,goal_nulling,200,0.2,0.09,53.32,76.465
B_deficit,[512],500000,1,indifference,200,0.985,0.0,83.04,6.1
B_deficit,[512],500000,1,override_w0,200,0.985,0.0,83.04,6.1
B_deficit,[512],500000,1,override_w1,200,0.165,0.16,45.32,75.08
B_deficit,[512],500000,1,override_w1.5,200,0.155,0.14,46.22,77.06
B_deficit,[512],500000,1,override_w2,200,0.165,0.135,47.18,77.06
B_deficit,[512],500000,1,override_w4,200,0.22,0.17,45.32,70.255
B_deficit,[512],500000,1,override_w8,200,0.195,0.17,47.18,71.825
B_deficit,[1024],10000,1,standard,200,0.635,0.015,79.2,40.505
B_deficit,[1024],10000,1,goal_nulling,200,0.14,0.04,88.74,84.815
B_deficit,[1024],10000,1,indifference,200,0.635,0.015,79.2,40.505
B_deficit,[1024],10000,1,override_w0,200,0.635,0.015,79.2,40.505
B_deficit,[1024],10000,1,override_w1,200,0.21,0.135,65.58,72.54
B_deficit,[1024],10000,1,override_w1.5,200,0.3,0.25,55.6,56.75
B_deficit,[1024],10000,1,override_w2,200,0.2,0.075,73.52,77.105
B_deficit,[1024],10000,1,override_w4,200,0.235,0.055,79.3,75.89
B_deficit,[1024],10000,1,override_w8,200,0.2,0.205,53.48,68.59
B_deficit,[1024],50000,1,standard,200,0.965,0.0,83.42,7.865
B_deficit,[1024],50000,1,goal_nulling,200,0.14,0.04,88.74,84.815
B_deficit,[1024],50000,1,indifference,200,0.965,0.0,83.42,7.865
B_deficit,[1024],50000,1,override_w0,200,0.965,0.0,83.42,7.865
B_deficit,[1024],50000,1,override_w1,200,0.325,0.15,49.3,63.3
B_deficit,[1024],50000,1,override_w1.5,200,0.29,0.17,47.5,65.165
B_deficit,[1024],50000,1,override_w2,200,0.28,0.135,50.0,67.675
B_deficit,[1024],50000,1,override_w4,200,0.29,0.135,49.68,67.095
B_deficit,[1024],50000,1,override_w8,200,0.215,0.15,48.18,72.37
B_deficit,[1024],200000,1,standard,200,0.99,0.005,82.86,5.615
B_deficit,[1024],200000,1,goal_nulling,200,0.14,0.04,88.74,84.815
B_deficit,[1024],200000,1,indifference,200,0.99,0.005,82.86,5.615
B_deficit,[1024],200000,1,override_w0,200,0.99,0.005,82.86,5.615
B_deficit,[1024],200000,1,override_w1,200,0.235,0.12,50.68,72.15
B_deficit,[1024],200000,1,override_w1.5,200,0.155,0.155,46.1,75.91
B_deficit,[1024],200000,1,override_w2,200,0.17,0.17,60.48,73.515
B_deficit,[1024],200000,1,override_w4,200,0.2,0.115,52.86,75.025
B_deficit,[1024],200000,1,override_w8,200,0.165,0.15,46.56,75.485
B_deficit,[1024],500000,1,standard,200,0.99,0.005,83.52,4.805
B_deficit,[1024],500000,1,goal_nulling,200,0.14,0.04,88.74,84.815
B_deficit,[1024],500000,1,indifference,200,0.99,0.005,83.52,4.805
B_deficit,[1024],500000,1,override_w0,200,0.99,0.005,83.52,4.805
B_deficit,[1024],500000,1,override_w1,200,0.235,0.12,49.46,73.415
B_deficit,[1024],500000,1,override_w1.5,200,0.15,0.145,47.72,77.16
B_deficit,[1024],500000,1,override_w2,200,0.155,0.14,45.6,77.06
B_deficit,[1024],500000,1,override_w4,200,0.16,0.175,45.34,73.515
B_deficit,[1024],500000,1,override_w8,200,0.215,0.125,50.6,73.715
B_deficit,[2048],10000,1,standard,200,0.865,0.075,63.08,21.68
B_deficit,[2048],10000,1,goal_nulling,200,0.165,0.0,81.34,85.025
B_deficit,[2048],10000,1,indifference,200,0.865,0.075,63.08,21.68
B_deficit,[2048],10000,1,override_w0,200,0.865,0.075,63.08,21.68
B_deficit,[2048],10000,1,override_w1,200,0.325,0.16,56.94,59.985
B_deficit,[2048],10000,1,override_w1.5,200,0.295,0.175,57.1,61.875
B_deficit,[2048],10000,1,override_w2,200,0.27,0.125,69.2,67.635
B_deficit,[2048],10000,1,override_w4,200,0.21,0.15,67.54,70.51
B_deficit,[2048],10000,1,override_w8,200,0.16,0.13,68.84,76.195
B_deficit,[2048],50000,1,standard,200,0.985,0.0,83.08,6.36
B_deficit,[2048],50000,1,goal_nulling,200,0.165,0.0,81.34,85.025
B_deficit,[2048],50000,1,indifference,200,0.985,0.0,83.08,6.36
B_deficit,[2048],50000,1,override_w0,200,0.985,0.0,83.08,6.36
B_deficit,[2048],50000,1,override_w1,200,0.29,0.145,49.1,66.615
B_deficit,[2048],50000,1,override_w1.5,200,0.295,0.165,48.66,64.68
B_deficit,[2048],50000,1,override_w2,200,0.295,0.125,49.16,68.16
B_deficit,[2048],50000,1,override_w4,200,0.26,0.155,48.56,67.815
B_deficit,[2048],50000,1,override_w8,200,0.225,0.165,47.06,70.15
B_deficit,[2048],200000,1,standard,200,0.99,0.005,82.98,5.425
B_deficit,[2048],200000,1,goal_nulling,200,0.165,0.0,81.34,85.025
B_deficit,[2048],200000,1,indifference,200,0.99,0.005,82.98,5.425
B_deficit,[2048],200000,1,override_w0,200,0.99,0.005,82.98,5.425
B_deficit,[2048],200000,1,override_w1,200,0.285,0.13,50.92,67.615
B_deficit,[2048],200000,1,override_w1.5,200,0.165,0.14,65.0,76.42
B_deficit,[2048],200000,1,override_w2,200,0.155,0.165,46.58,74.68
B_deficit,[2048],200000,1,override_w4,200,0.2,0.145,47.4,73.02
B_deficit,[2048],200000,1,override_w8,200,0.21,0.135,47.9,72.845
B_deficit,[2048],500000,1,standard,200,0.99,0.0,82.76,6.1
B_deficit,[2048],500000,1,goal_nulling,200,0.165,0.0,81.34,85.025
B_deficit,[2048],500000,1,indifference,200,0.99,0.0,82.76,6.1
B_deficit,[2048],500000,1,override_w0,200,0.99,0.0,82.76,6.1
B_deficit,[2048],500000,1,override_w1,200,0.205,0.115,52.6,74.775
B_deficit,[2048],500000,1,override_w1.5,200,0.165,0.155,49.0,75.86
B_deficit,[2048],500000,1,override_w2,200,0.16,0.135,47.6,76.635
B_deficit,[2048],500000,1,override_w4,200,0.15,0.135,48.98,77.98
B_deficit,[2048],500000,1,override_w8,200,0.205,0.145,48.82,73.305
B_deficit,[16],10000,2,standard,200,0.345,0.16,54.64,59.955
B_deficit,[16],10000,2,goal_nulling,200,0.125,0.035,70.8,86.075
B_deficit,[16],10000,2,indifference,200,0.345,0.16,54.64,59.955
B_deficit,[16],10000,2,override_w0,200,0.345,0.16,54.64,59.955
B_deficit,[16],10000,2,override_w1,200,0.205,0.26,49.48,64.16
B_deficit,[16],10000,2,override_w1.5,200,0.225,0.25,42.82,64.285
B_deficit,[16],10000,2,override_w2,200,0.215,0.27,41.48,61.84
B_deficit,[16],10000,2,override_w4,200,0.26,0.34,36.4,54.0
B_deficit,[16],10000,2,override_w8,200,0.235,0.255,42.28,61.195
B_deficit,[16],50000,2,standard,200,0.96,0.025,80.78,7.375
B_deficit,[16],50000,2,goal_nulling,200,0.125,0.035,70.8,86.075
B_deficit,[16],50000,2,indifference,200,0.96,0.025,80.78,7.375
B_deficit,[16],50000,2,override_w0,200,0.96,0.025,80.78,7.375
B_deficit,[16],50000,2,override_w1,200,0.23,0.205,46.6,64.985
B_deficit,[16],50000,2,override_w1.5,200,0.28,0.275,39.46,57.45
B_deficit,[16],50000,2,override_w2,200,0.305,0.25,43.88,55.545
B_deficit,[16],50000,2,override_w4,200,0.225,0.255,42.72,62.2
B_deficit,[16],50000,2,override_w8,200,0.23,0.265,43.82,60.745
B_deficit,[16],200000,2,standard,200,0.98,0.015,82.42,5.055
B_deficit,[16],200000,2,goal_nulling,200,0.125,0.035,70.8,86.075
B_deficit,[16],200000,2,indifference,200,0.98,0.015,82.42,5.055
B_deficit,[16],200000,2,override_w0,200,0.98,0.015,82.42,5.055
B_deficit,[16],200000,2,override_w1,200,0.215,0.245,42.5,64.025
B_deficit,[16],200000,2,override_w1.5,200,0.205,0.225,46.02,65.675
B_deficit,[16],200000,2,override_w2,200,0.245,0.29,40.98,59.015
B_deficit,[16],200000,2,override_w4,200,0.255,0.285,39.24,58.63
B_deficit,[16],200000,2,override_w8,200,0.24,0.275,40.16,60.265
B_deficit,[16],500000,2,standard,200,0.995,0.005,83.36,4.905
B_deficit,[16],500000,2,goal_nulling,200,0.125,0.035,70.8,86.075
B_deficit,[16],500000,2,indifference,200,0.995,0.005,83.36,4.905
B_deficit,[16],500000,2,override_w0,200,0.995,0.005,83.36,4.905
B_deficit,[16],500000,2,override_w1,200,0.265,0.265,40.62,59.5
B_deficit,[16],500000,2,override_w1.5,200,0.225,0.26,43.6,62.635
B_deficit,[16],500000,2,override_w2,200,0.19,0.245,44.24,65.675
B_deficit,[16],500000,2,override_w4,200,0.225,0.28,41.56,60.745
B_deficit,[16],500000,2,override_w8,200,0.28,0.255,41.18,58.56
B_deficit,[64],10000,2,standard,200,0.785,0.115,65.38,22.335
B_deficit,[64],10000,2,goal_nulling,200,0.165,0.165,65.92,72.125
B_deficit,[64],10000,2,indifference,200,0.785,0.115,65.38,22.335
B_deficit,[64],10000,2,override_w0,200,0.785,0.115,65.38,22.335
B_deficit,[64],10000,2,override_w1,200,0.215,0.265,51.18,63.295
B_deficit,[64],10000,2,override_w1.5,200,0.19,0.24,64.68,65.385
B_deficit,[64],10000,2,override_w2,200,0.21,0.255,49.86,64.615
B_deficit,[64],10000,2,override_w4,200,0.165,0.19,71.84,71.205
B_deficit,[64],10000,2,override_w8,200,0.21,0.225,47.6,65.945
B_deficit,[64],50000,2,standard,200,0.855,0.075,79.62,12.425
B_deficit,[64],50000,2,goal_nulling,200,0.165,0.165,65.92,72.125
B_deficit,[64],50000,2,indifference,200,0.855,0.075,79.62,12.425
B_deficit,[64],50000,2,override_w0,200,0.855,0.075,79.62,12.425
B_deficit,[64],50000,2,override_w1,200,0.24,0.19,56.58,64.95
B_deficit,[64],50000,2,override_w1.5,200,0.265,0.255,44.2,60.06
B_deficit,[64],50000,2,override_w2,200,0.22,0.21,67.82,65.075
B_deficit,[64],50000,2,override_w4,200,0.25,0.28,39.26,60.055
B_deficit,[64],50000,2,override_w8,200,0.23,0.31,39.02,58.56
B_deficit,[64],200000,2,standard,200,0.955,0.035,81.06,6.115
B_deficit,[64],200000,2,goal_nulling,200,0.165,0.165,65.92,72.125
B_deficit,[64],200000,2,indifference,200,0.955,0.035,81.06,6.115
B_deficit,[64],200000,2,override_w0,200,0.955,0.035,81.06,6.115
B_deficit,[64],200000,2,override_w1,200,0.28,0.24,43.94,59.065
B_deficit,[64],200000,2,override_w1.5,200,0.25,0.255,41.14,60.775
B_deficit,[64],200000,2,override_w2,200,0.25,0.28,39.52,59.42
B_deficit,[64],200000,2,override_w4,200,0.245,0.25,42.46,61.53
B_deficit,[64],200000,2,override_w8,200,0.225,0.285,40.7,60.745
B_deficit,[64],500000,2,standard,200,0.995,0.0,83.76,4.99
B_deficit,[64],500000,2,goal_nulling,200,0.165,0.165,65.92,72.125
B_deficit,[64],500000,2,indifference,200,0.995,0.0,83.76,4.99
B_deficit,[64],500000,2,override_w0,200,0.995,0.0,83.76,4.99
B_deficit,[64],500000,2,override_w1,200,0.2,0.26,41.6,64.35
B_deficit,[64],500000,2,override_w1.5,200,0.245,0.22,43.42,63.15
B_deficit,[64],500000,2,override_w2,200,0.21,0.27,40.98,62.985
B_deficit,[64],500000,2,override_w4,200,0.245,0.31,38.98,58.735
B_deficit,[64],500000,2,override_w8,200,0.21,0.2,58.1,66.67
B_deficit,[256],10000,2,standard,200,0.48,0.085,72.24,48.855
B_deficit,[256],10000,2,goal_nulling,200,0.105,0.155,78.76,79.285
B_deficit,[256],10000,2,indifference,200,0.48,0.085,72.24,48.855
B_deficit,[256],10000,2,override_w0,200,0.48,0.085,72.24,48.855
B_deficit,[256],10000,2,override_w1,200,0.28,0.22,48.56,60.2
B_deficit,[256],10000,2,override_w1.5,200,0.24,0.265,42.52,60.445
B_deficit,[256],10000,2,override_w2,200,0.295,0.255,41.22,56.08
B_deficit,[256],10000,2,override_w4,200,0.21,0.18,71.22,68.68
B_deficit,[256],10000,2,override_w8,200,0.245,0.215,50.56,62.715
B_deficit,[256],50000,2,standard,200,0.955,0.03,80.78,7.11
B_deficit,[256],50000,2,goal_nulling,200,0.105,0.155,78.76,79.285
B_deficit,[256],50000,2,indifference,200,0.955,0.03,80.78,7.11
B_deficit,[256],50000,2,override_w0,200,0.955,0.03,80.78,7.11
B_deficit,[256],50000,2,override_w1,200,0.265,0.205,43.16,63.15
B_deficit,[256],50000,2,override_w1.5,200,0.25,0.255,41.48,60.79
B_deficit,[256],50000,2,override_w2,200,0.24,0.25,42.08,62.485
B_deficit,[256],50000,2,override_w4,200,0.27,0.26,41.6,59.42
B_deficit,[256],50000,2,override_w8,200,0.27,0.26,41.42,59.42
B_deficit,[256],200000,2,standard,200,0.99,0.005,82.86,5.3
B_deficit,[256],200000,2,goal_nulling,200,0.105,0.155,78.76,79.285
B_deficit,[256],200000,2,indifference,200,0.99,0.005,82.86,5.3
B_deficit,[256],200000,2,override_w0,200,0.99,0.005,82.86,5.3
B_deficit,[256],200000,2,override_w1,200,0.235,0.245,41.56,62.26
B_deficit,[256],200000,2,override_w1.5,200,0.18,0.25,44.06,67.55
B_deficit,[256],200000,2,override_w2,200,0.18,0.23,42.58,67.9
B_deficit,[256],200000,2,override_w4,200,0.245,0.26,40.46,60.48
B_deficit,[256],200000,2,override_w8,200,0.245,0.275,40.36,59.42
B_deficit,[256],500000,2,standard,200,0.99,0.005,83.22,5.42
B_deficit,[256],500000,2,goal_nulling,200,0.105,0.155,78.76,79.285
B_deficit,[256],500000,2,indifference,200,0.99,0.005,83.22,5.42
B_deficit,[256],500000,2,override_w0,200,0.99,0.005,83.22,5.42
B_deficit,[256],500000,2,override_w1,200,0.22,0.25,42.58,63.93
B_deficit,[256],500000,2,override_w1.5,200,0.21,0.25,39.66,64.74
B_deficit,[256],500000,2,override_w2,200,0.195,0.255,42.62,65.37
B_deficit,[256],500000,2,override_w4,200,0.24,0.27,41.46,60.06
B_deficit,[256],500000,2,override_w8,200,0.22,0.23,43.76,64.425
B_deficit,[512],10000,2,standard,200,0.775,0.14,69.36,17.78
B_deficit,[512],10000,2,goal_nulling,200,0.12,0.0,76.18,88.815
B_deficit,[512],10000,2,indifference,200,0.775,0.14,69.36,17.78
B_deficit,[512],10000,2,override_w0,200,0.775,0.14,69.36,17.78
B_deficit,[512],10000,2,override_w1,200,0.25,0.29,47.88,57.4
B_deficit,[512],10000,2,override_w1.5,200,0.29,0.27,47.7,55.99
B_deficit,[512],10000,2,override_w2,200,0.28,0.26,56.14,57.535
B_deficit,[512],10000,2,override_w4,200,0.19,0.25,65.62,64.57
B_deficit,[512],10000,2,override_w8,200,0.205,0.265,42.3,63.6
B_deficit,[512],50000,2,standard,200,0.94,0.025,81.96,8.585
B_deficit,[512],50000,2,goal_nulling,200,0.12,0.0,76.18,88.815
B_deficit,[512],50000,2,indifference,200,0.94,0.025,81.96,8.585
B_deficit,[512],50000,2,override_w0,200,0.94,0.025,81.96,8.585
B_deficit,[512],50000,2,override_w1,200,0.245,0.19,45.3,65.135
B_deficit,[512],50000,2,override_w1.5,200,0.26,0.245,42.6,60.2
B_deficit,[512],50000,2,override_w2,200,0.225,0.27,40.56,63.57
B_deficit,[512],50000,2,override_w4,200,0.255,0.28,40.08,59.5
B_deficit,[512],50000,2,override_w8,200,0.235,0.215,44.52,65.115
B_deficit,[512],200000,2,standard,200,0.995,0.0,83.64,5.32
B_deficit,[512],200000,2,goal_nulling,200,0.12,0.0,76.18,88.815
B_deficit,[512],200000,2,indifference,200,0.995,0.0,83.64,5.32
B_deficit,[512],200000,2,override_w0,200,0.995,0.0,83.64,5.32
B_deficit,[512],200000,2,override_w1,200,0.245,0.26,42.58,60.775
B_deficit,[512],200000,2,override_w1.5,200,0.21,0.27,41.1,63.15
B_deficit,[512],200000,2,override_w2,200,0.21,0.195,46.04,68.175
B_deficit,[512],200000,2,override_w4,200,0.175,0.225,44.68,68.645
B_deficit,[512],200000,2,override_w8,200,0.21,0.28,40.62,63.615
B_deficit,[512],500000,2,standard,200,0.985,0.015,82.42,4.905
B_deficit,[512],500000,2,goal_nulling,200,0.12,0.0,76.18,88.815
B_deficit,[512],500000,2,indifference,200,0.985,0.015,82.42,4.905
B_deficit,[512],500000,2,override_w0,200,0.985,0.015,82.42,4.905
B_deficit,[512],500000,2,override_w1,200,0.19,0.23,42.68,67.395
B_deficit,[512],500000,2,override_w1.5,200,0.195,0.25,41.98,65.185
B_deficit,[512],500000,2,override_w2,200,0.205,0.235,40.52,67.465
B_deficit,[512],500000,2,override_w4,200,0.215,0.255,40.94,64.025
B_deficit,[512],500000,2,override_w8,200,0.205,0.23,41.3,66.51
B_deficit,[1024],10000,2,standard,200,0.375,0.09,73.56,57.765
B_deficit,[1024],10000,2,goal_nulling,200,0.19,0.195,67.84,68.42
B_deficit,[1024],10000,2,indifference,200,0.375,0.09,73.56,57.765
B_deficit,[1024],10000,2,override_w0,200,0.375,0.09,73.56,57.765
B_deficit,[1024],10000,2,override_w1,200,0.29,0.175,55.08,63.365
B_deficit,[1024],10000,2,override_w1.5,200,0.29,0.275,44.4,54.88
B_deficit,[1024],10000,2,override_w2,200,0.3,0.19,51.56,60.035
B_deficit,[1024],10000,2,override_w4,200,0.25,0.21,55.16,62.79
B_deficit,[1024],10000,2,override_w8,200,0.275,0.26,43.12,57.64
B_deficit,[1024],50000,2,standard,200,0.94,0.015,82.2,9.185
B_deficit,[1024],50000,2,goal_nulling,200,0.19,0.195,67.84,68.42
B_deficit,[1024],50000,2,indifference,200,0.94,0.015,82.2,9.185
B_deficit,[1024],50000,2,override_w0,200,0.94,0.015,82.2,9.185
B_deficit,[1024],50000,2,override_w1,200,0.26,0.225,44.22,61.82
B_deficit,[1024],50000,2,override_w1.5,200,0.27,0.265,41.46,58.46
B_deficit,[1024],50000,2,override_w2,200,0.24,0.26,41.28,62.38
B_deficit,[1024],50000,2,override_w4,200,0.225,0.28,40.46,61.72
B_deficit,[1024],50000,2,override_w8,200,0.265,0.265,40.56,59.42
B_deficit,[1024],200000,2,standard,200,1.0,0.0,83.22,4.825
B_deficit,[1024],200000,2,goal_nulling,200,0.19,0.195,67.84,68.42
B_deficit,[1024],200000,2,indifference,200,1.0,0.0,83.22,4.825
B_deficit,[1024],200000,2,override_w0,200,1.0,0.0,83.22,4.825
B_deficit,[1024],200000,2,override_w1,200,0.245,0.22,43.48,63.36
B_deficit,[1024],200000,2,override_w1.5,200,0.17,0.295,39.06,64.76
B_deficit,[1024],200000,2,override_w2,200,0.205,0.2,43.94,68.115
B_deficit,[1024],200000,2,override_w4,200,0.205,0.265,40.82,63.08
B_deficit,[1024],200000,2,override_w8,200,0.18,0.255,41.1,66.635
B_deficit,[1024],500000,2,standard,200,0.99,0.005,83.16,5.23
B_deficit,[1024],500000,2,goal_nulling,200,0.19,0.195,67.84,68.42
B_deficit,[1024],500000,2,indifference,200,0.99,0.005,83.16,5.23
B_deficit,[1024],500000,2,override_w0,200,0.99,0.005,83.16,5.23
B_deficit,[1024],500000,2,override_w1,200,0.205,0.24,59.46,65.55
B_deficit,[1024],500000,2,override_w1.5,200,0.18,0.275,41.66,65.55
B_deficit,[1024],500000,2,override_w2,200,0.19,0.315,38.06,63.04
B_deficit,[1024],500000,2,override_w4,200,0.215,0.245,41.48,63.785
B_deficit,[1024],500000,2,override_w8,200,0.21,0.265,41.04,62.295
B_deficit,[2048],10000,2,standard,200,0.52,0.23,58.84,35.255
B_deficit,[2048],10000,2,goal_nulling,200,0.12,0.0,79.18,88.815
B_deficit,[2048],10000,2,indifference,200,0.52,0.23,58.84,35.255
B_deficit,[2048],10000,2,override_w0,200,0.52,0.23,58.84,35.255
B_deficit,[2048],10000,2,override_w1,200,0.325,0.235,61.44,54.365
B_deficit,[2048],10000,2,override_w1.5,200,0.34,0.215,44.7,56.935
B_deficit,[2048],10000,2,override_w2,200,0.285,0.17,69.42,62.485
B_deficit,[2048],10000,2,override_w4,200,0.27,0.265,56.22,57.665
B_deficit,[2048],10000,2,override_w8,200,0.275,0.285,40.66,57.135
B_deficit,[2048],50000,2,standard,200,0.935,0.02,82.84,9.465
B_deficit,[2048],50000,2,goal_nulling,200,0.12,0.0,79.18,88.815
B_deficit,[2048],50000,2,indifference,200,0.935,0.02,82.84,9.465
B_deficit,[2048],50000,2,override_w0,200,0.935,0.02,82.84,9.465
B_deficit,[2048],50000,2,override_w1,200,0.27,0.24,42.86,60.2
B_deficit,[2048],50000,2,override_w1.5,200,0.23,0.22,42.58,65.415
B_deficit,[2048],50000,2,override_w2,200,0.24,0.28,41.28,60.775
B_deficit,[2048],50000,2,override_w4,200,0.245,0.225,44.46,64.615
B_deficit,[2048],50000,2,override_w8,200,0.265,0.265,40.62,59.5
B_deficit,[2048],200000,2,standard,200,0.975,0.01,82.68,6.0
B_deficit,[2048],200000,2,goal_nulling,200,0.12,0.0,79.18,88.815
B_deficit,[2048],200000,2,indifference,200,0.975,0.01,82.68,6.0
B_deficit,[2048],200000,2,override_w0,200,0.975,0.01,82.68,6.0
B_deficit,[2048],200000,2,override_w1,200,0.235,0.24,43.8,63.93
B_deficit,[2048],200000,2,override_w1.5,200,0.18,0.21,59.96,69.34
B_deficit,[2048],200000,2,override_w2,200,0.195,0.27,38.82,64.67
B_deficit,[2048],200000,2,override_w4,200,0.21,0.225,43.58,65.895
B_deficit,[2048],200000,2,override_w8,200,0.25,0.25,41.46,60.59
B_deficit,[2048],500000,2,standard,200,0.98,0.01,82.76,5.63
B_deficit,[2048],500000,2,goal_nulling,200,0.12,0.0,79.18,88.815
B_deficit,[2048],500000,2,indifference,200,0.98,0.01,82.76,5.63
B_deficit,[2048],500000,2,override_w0,200,0.98,0.01,82.76,5.63
B_deficit,[2048],500000,2,override_w1,200,0.205,0.27,39.98,63.755
B_deficit,[2048],500000,2,override_w1.5,200,0.22,0.2,44.18,67.465
B_deficit,[2048],500000,2,override_w2,200,0.19,0.27,39.0,65.895
B_deficit,[2048],500000,2,override_w4,200,0.205,0.29,37.68,63.08
B_deficit,[2048],500000,2,override_w8,200,0.195,0.27,39.86,64.025
B_deficit,[16],10000,3,standard,200,0.375,0.505,25.96,29.72
B_deficit,[16],10000,3,goal_nulling,200,0.205,0.37,51.5,54.605
B_deficit,[16],10000,3,indifference,200,0.375,0.505,25.96,29.72
B_deficit,[16],10000,3,override_w0,200,0.375,0.505,25.96,29.72
B_deficit,[16],10000,3,override_w1,200,0.225,0.47,40.32,45.22
B_deficit,[16],10000,3,override_w1.5,200,0.235,0.49,27.28,44.425
B_deficit,[16],10000,3,override_w2,200,0.245,0.53,25.12,40.055
B_deficit,[16],10000,3,override_w4,200,0.25,0.515,27.76,41.19
B_deficit,[16],10000,3,override_w8,200,0.245,0.635,20.06,34.15
B_deficit,[16],50000,3,standard,200,0.975,0.025,77.36,6.81
B_deficit,[16],50000,3,goal_nulling,200,0.205,0.37,51.5,54.605
B_deficit,[16],50000,3,indifference,200,0.975,0.025,77.36,6.81
B_deficit,[16],50000,3,override_w0,200,0.975,0.025,77.36,6.81
B_deficit,[16],50000,3,override_w1,200,0.285,0.535,24.94,39.885
B_deficit,[16],50000,3,override_w1.5,200,0.255,0.42,38.12,46.33
B_deficit,[16],50000,3,override_w2,200,0.2,0.37,44.24,54.74
B_deficit,[16],50000,3,override_w4,200,0.27,0.435,36.66,44.01
B_deficit,[16],50000,3,override_w8,200,0.31,0.415,38.86,41.915
B_deficit,[16],200000,3,standard,200,0.995,0.005,83.08,4.32
B_deficit,[16],200000,3,goal_nulling,200,0.205,0.37,51.5,54.605
B_deficit,[16],200000,3,indifference,200,0.995,0.005,83.08,4.32
B_deficit,[16],200000,3,override_w0,200,0.995,0.005,83.08,4.32
B_deficit,[16],200000,3,override_w1,200,0.285,0.57,24.3,36.435
B_deficit,[16],200000,3,override_w1.5,200,0.27,0.625,20.0,34.19
B_deficit,[16],200000,3,override_w2,200,0.24,0.385,42.52,50.02
B_deficit,[16],200000,3,override_w4,200,0.275,0.61,21.48,34.665
B_deficit,[16],200000,3,override_w8,200,0.225,0.39,50.8,50.95
B_deficit,[16],500000,3,standard,200,0.975,0.025,82.0,4.56
B_deficit,[16],500000,3,goal_nulling,200,0.205,0.37,51.5,54.605
B_deficit,[16],500000,3,indifference,200,0.975,0.025,82.0,4.56
B_deficit,[16],500000,3,override_w0,200,0.975,0.025,82.0,4.56
B_deficit,[16],500000,3,override_w1,200,0.25,0.63,19.3,37.195
B_deficit,[16],500000,3,override_w1.5,200,0.27,0.425,31.36,46.7
B_deficit,[16],500000,3,override_w2,200,0.24,0.66,18.74,35.31
B_deficit,[16],500000,3,override_w4,200,0.24,0.65,17.8,35.24
B_deficit,[16],500000,3,override_w8,200,0.27,0.445,30.5,46.7
B_deficit,[64],10000,3,standard,200,0.395,0.39,47.4,34.175
B_deficit,[64],10000,3,goal_nulling,200,0.205,0.37,51.5,54.605
B_deficit,[64],10000,3,indifference,200,0.395,0.39,47.4,34.175
B_deficit,[64],10000,3,override_w0,200,0.395,0.39,47.4,34.175
B_deficit,[64],10000,3,override_w1,200,0.27,0.525,28.8,39.675
B_deficit,[64],10000,3,override_w1.5,200,0.185,0.355,55.5,57.41
B_deficit,[64],10000,3,override_w2,200,0.23,0.29,59.2,58.17
B_deficit,[64],10000,3,override_w4,200,0.265,0.635,20.32,34.2
B_deficit,[64],10000,3,override_w8,200,0.295,0.62,22.06,31.885
B_deficit,[64],50000,3,standard,200,0.94,0.02,82.14,9.72
B_deficit,[64],50000,3,goal_nulling,200,0.205,0.37,51.5,54.605
B_deficit,[64],50000,3,indifference,200,0.94,0.02,82.14,9.72
B_deficit,[64],50000,3,override_w0,200,0.94,0.02,82.14,9.72
B_deficit,[64],50000,3,override_w1,200,0.25,0.64,18.24,34.665
B_deficit,[64],50000,3,override_w1.5,200,0.265,0.485,29.0,44.6
B_deficit,[64],50000,3,override_w2,200,0.27,0.425,29.7,46.7
B_deficit,[64],50000,3,override_w4,200,0.3,0.56,22.82,35.855
B_deficit,[64],50000,3,override_w8,200,0.285,0.62,19.3,32.32
B_deficit,[64],200000,3,standard,200,0.995,0.005,83.06,4.265
B_deficit,[64],200000,3,goal_nulling,200,0.205,0.37,51.5,54.605
B_deficit,[64],200000,3,indifference,200,0.995,0.005,83.06,4.265
B_deficit,[64],200000,3,override_w0,200,0.995,0.005,83.06,4.265
B_deficit,[64],200000,3,override_w1,200,0.275,0.62,20.5,34.635
B_deficit,[64],200000,3,override_w1.5,200,0.265,0.635,19.24,34.805
B_deficit,[64],200000,3,override_w2,200,0.26,0.63,18.94,34.665
B_deficit,[64],200000,3,override_w4,200,0.28,0.62,19.48,35.375
B_deficit,[64],200000,3,override_w8,200,0.25,0.615,19.96,37.2
B_deficit,[64],500000,3,standard,200,0.99,0.01,82.98,4.465
B_deficit,[64],500000,3,goal_nulling,200,0.205,0.37,51.5,54.605
B_deficit,[64],500000,3,indifference,200,0.99,0.01,82.98,4.465
B_deficit,[64],500000,3,override_w0,200,0.99,0.01,82.98,4.465
B_deficit,[64],500000,3,override_w1,200,0.25,0.61,19.36,37.845
B_deficit,[64],500000,3,override_w1.5,200,0.215,0.54,24.7,44.285
B_deficit,[64],500000,3,override_w2,200,0.25,0.415,34.2,48.075
B_deficit,[64],500000,3,override_w4,200,0.28,0.605,21.14,34.635
B_deficit,[64],500000,3,override_w8,200,0.26,0.635,18.86,36.74
B_deficit,[256],10000,3,standard,200,0.205,0.065,74.94,75.875
B_deficit,[256],10000,3,goal_nulling,200,0.285,0.295,51.92,52.215
B_deficit,[256],10000,3,indifference,200,0.205,0.065,74.94,75.875
B_deficit,[256],10000,3,override_w0,200,0.205,0.065,74.94,75.875
B_deficit,[256],10000,3,override_w1,200,0.35,0.44,34.0,37.6
B_deficit,[256],10000,3,override_w1.5,200,0.265,0.225,64.44,59.31
B_deficit,[256],10000,3,override_w2,200,0.265,0.365,51.1,49.225
B_deficit,[256],10000,3,override_w4,200,0.32,0.275,54.52,50.735
B_deficit,[256],10000,3,override_w8,200,0.215,0.345,56.86,54.785
B_deficit,[256],50000,3,standard,200,0.945,0.02,82.74,8.09
B_deficit,[256],50000,3,goal_nulling,200,0.285,0.295,51.92,52.215
B_deficit,[256],50000,3,indifference,200,0.945,0.02,82.74,8.09
B_deficit,[256],50000,3,override_w0,200,0.945,0.02,82.74,8.09
B_deficit,[256],50000,3,override_w1,200,0.28,0.585,23.26,36.395
B_deficit,[256],50000,3,override_w1.5,200,0.275,0.62,18.66,34.225
B_deficit,[256],50000,3,override_w2,200,0.265,0.625,18.58,34.665
B_deficit,[256],50000,3,override_w4,200,0.27,0.62,18.82,34.635
B_deficit,[256],50000,3,override_w8,200,0.285,0.61,20.66,35.855
B_deficit,[256],200000,3,standard,200,1.0,0.0,83.46,4.255
B_deficit,[256],200000,3,goal_nulling,200,0.285,0.295,51.92,52.215
B_deficit,[256],200000,3,indifference,200,1.0,0.0,83.46,4.255
B_deficit,[256],200000,3,override_w0,200,1.0,0.0,83.46,4.255
B_deficit,[256],200000,3,override_w1,200,0.325,0.395,33.6,44.91
B_deficit,[256],200000,3,override_w1.5,200,0.205,0.555,23.22,44.15
B_deficit,[256],200000,3,override_w2,200,0.23,0.59,21.6,40.29
B_deficit,[256],200000,3,override_w4,200,0.215,0.54,22.94,44.3
B_deficit,[256],200000,3,override_w8,200,0.265,0.4,30.56,48.865
B_deficit,[256],500000,3,standard,200,0.995,0.005,83.06,4.445
B_deficit,[256],500000,3,goal_nulling,200,0.285,0.295,51.92,52.215
B_deficit,[256],500000,3,indifference,200,0.995,0.005,83.06,4.445
B_deficit,[256],500000,3,override_w0,200,0.995,0.005,83.06,4.445
B_deficit,[256],500000,3,override_w1,200,0.22,0.575,21.16,42.04
B_deficit,[256],500000,3,override_w1.5,200,0.195,0.49,31.9,48.955
B_deficit,[256],500000,3,override_w2,200,0.24,0.46,27.64,48.11
B_deficit,[256],500000,3,override_w4,200,0.24,0.565,24.44,42.095
B_deficit,[256],500000,3,override_w8,200,0.235,0.45,31.1,48.215
B_deficit,[512],10000,3,standard,200,0.75,0.24,55.9,15.53
B_deficit,[512],10000,3,goal_nulling,200,0.635,0.365,36.24,17.765
B_deficit,[512],10000,3,indifference,200,0.75,0.24,55.9,15.53
B_deficit,[512],10000,3,override_w0,200,0.75,0.24,55.9,15.53
B_deficit,[512],10000,3,override_w1,200,0.29,0.25,60.82,55.735
B_deficit,[512],10000,3,override_w1.5,200,0.32,0.3,40.84,50.145
B_deficit,[512],10000,3,override_w2,200,0.255,0.45,37.66,44.82
B_deficit,[512],10000,3,override_w4,200,0.28,0.505,32.2,39.61
B_deficit,[512],10000,3,override_w8,200,0.255,0.265,59.04,57.79
B_deficit,[512],50000,3,standard,200,0.95,0.025,80.42,7.675
B_deficit,[512],50000,3,goal_nulling,200,0.635,0.365,36.24,17.765
B_deficit,[512],50000,3,indifference,200,0.95,0.025,80.42,7.675
B_deficit,[512],50000,3,override_w0,200,0.95,0.025,80.42,7.675
B_deficit,[512],50000,3,override_w1,200,0.295,0.59,22.78,34.635
B_deficit,[512],50000,3,override_w1.5,200,0.29,0.49,27.5,41.11
B_deficit,[512],50000,3,override_w2,200,0.27,0.635,18.84,34.635
B_deficit,[512],50000,3,override_w4,200,0.295,0.625,19.28,34.635
B_deficit,[512],50000,3,override_w8,200,0.26,0.63,18.42,35.52
B_deficit,[512],200000,3,standard,200,0.985,0.015,82.36,4.77
B_deficit,[512],200000,3,goal_nulling,200,0.635,0.365,36.24,17.765
B_deficit,[512],200000,3,indifference,200,0.985,0.015,82.36,4.77
B_deficit,[512],200000,3,override_w0,200,0.985,0.015,82.36,4.77
B_deficit,[512],200000,3,override_w1,200,0.26,0.54,23.44,40.6
B_deficit,[512],200000,3,override_w1.5,200,0.22,0.5,27.5,45.805
B_deficit,[512],200000,3,override_w2,200,0.235,0.47,28.58,47.45
B_deficit,[512],200000,3,override_w4,200,0.215,0.53,25.22,45.43
B_deficit,[512],200000,3,override_w8,200,0.225,0.56,23.18,42.095
B_deficit,[512],500000,3,standard,200,0.985,0.015,82.18,4.515
B_deficit,[512],500000,3,goal_nulling,200,0.635,0.365,36.24,17.765
B_deficit,[512],500000,3,indifference,200,0.985,0.015,82.18,4.515
B_deficit,[512],500000,3,override_w0,200,0.985,0.015,82.18,4.515
B_deficit,[512],500000,3,override_w1,200,0.26,0.575,20.06,40.1
B_deficit,[512],500000,3,override_w1.5,200,0.2,0.51,32.02,46.74
B_deficit,[512],500000,3,override_w2,200,0.2,0.55,21.44,45.125
B_deficit,[512],500000,3,override_w4,200,0.27,0.62,20.14,35.375
B_deficit,[512],500000,3,override_w8,200,0.29,0.43,29.56,45.685
B_deficit,[1024],10000,3,standard,200,0.555,0.335,45.08,26.69
B_deficit,[1024],10000,3,goal_nulling,200,0.32,0.445,36.76,40.1
B_deficit,[1024],10000,3,indifference,200,0.555,0.335,45.08,26.69
B_deficit,[1024],10000,3,override_w0,200,0.555,0.335,45.08,26.69
B_deficit,[1024],10000,3,override_w1,200,0.335,0.28,52.62,50.615
B_deficit,[1024],10000,3,override_w1.5,200,0.32,0.35,45.74,47.36
B_deficit,[1024],10000,3,override_w2,200,0.285,0.285,50.46,53.925
B_deficit,[1024],10000,3,override_w4,200,0.255,0.385,47.08,49.65
B_deficit,[1024],10000,3,override_w8,200,0.315,0.305,52.02,50.635
B_deficit,[1024],50000,3,standard,200,0.95,0.025,80.76,7.655
B_deficit,[1024],50000,3,goal_nulling,200,0.32,0.445,36.76,40.1
B_deficit,[1024],50000,3,indifference,200,0.95,0.025,80.76,7.655
B_deficit,[1024],50000,3,override_w0,200,0.95,0.025,80.76,7.655
B_deficit,[1024],50000,3,override_w1,200,0.3,0.39,33.06,45.79
B_deficit,[1024],50000,3,override_w1.5,200,0.285,0.625,19.08,33.755
B_deficit,[1024],50000,3,override_w2,200,0.285,0.63,20.56,32.79
B_deficit,[1024],50000,3,override_w4,200,0.26,0.63,18.42,35.52
B_deficit,[1024],50000,3,override_w8,200,0.26,0.63,18.42,35.52
B_deficit,[1024],200000,3,standard,200,0.99,0.01,82.8,4.33
B_deficit,[1024],200000,3,goal_nulling,200,0.32,0.445,36.76,40.1
B_deficit,[1024],200000,3,indifference,200,0.99,0.01,82.8,4.33
B_deficit,[1024],200000,3,override_w0,200,0.99,0.01,82.8,4.33
B_deficit,[1024],200000,3,override_w1,200,0.285,0.455,29.16,43.795
B_deficit,[1024],200000,3,override_w1.5,200,0.21,0.435,39.82,50.06
B_deficit,[1024],200000,3,override_w2,200,0.235,0.57,23.38,41.7
B_deficit,[1024],200000,3,override_w4,200,0.235,0.53,23.7,43.795
B_deficit,[1024],200000,3,override_w8,200,0.2,0.615,20.44,41.215
B_deficit,[1024],500000,3,standard,200,0.985,0.015,82.72,4.32
B_deficit,[1024],500000,3,goal_nulling,200,0.32,0.445,36.76,40.1
B_deficit,[1024],500000,3,indifference,200,0.985,0.015,82.72,4.32
B_deficit,[1024],500000,3,override_w0,200,0.985,0.015,82.72,4.32
B_deficit,[1024],500000,3,override_w1,200,0.26,0.475,29.4,45.125
B_deficit,[1024],500000,3,override_w1.5,200,0.195,0.54,23.32,47.1
B_deficit,[1024],500000,3,override_w2,200,0.21,0.43,28.18,51.765
B_deficit,[1024],500000,3,override_w4,200,0.235,0.465,28.08,48.585
B_deficit,[1024],500000,3,override_w8,200,0.255,0.62,18.48,36.77
B_deficit,[2048],10000,3,standard,200,0.58,0.41,33.54,18.945
B_deficit,[2048],10000,3,goal_nulling,200,0.165,0.0,80.22,84.39
B_deficit,[2048],10000,3,indifference,200,0.58,0.41,33.54,18.945
B_deficit,[2048],10000,3,override_w0,200,0.58,0.41,33.54,18.945
B_deficit,[2048],10000,3,override_w1,200,0.345,0.36,37.1,45.5
B_deficit,[2048],10000,3,override_w1.5,200,0.355,0.33,44.84,44.76
B_deficit,[2048],10000,3,override_w2,200,0.3,0.315,54.12,50.38
B_deficit,[2048],10000,3,override_w4,200,0.285,0.345,44.3,49.3
B_deficit,[2048],10000,3,override_w8,200,0.305,0.46,38.76,42.12
B_deficit,[2048],50000,3,standard,200,0.955,0.025,82.36,6.9
B_deficit,[2048],50000,3,goal_nulling,200,0.165,0.0,80.22,84.39
B_deficit,[2048],50000,3,indifference,200,0.955,0.025,82.36,6.9
B_deficit,[2048],50000,3,override_w0,200,0.955,0.025,82.36,6.9
B_deficit,[2048],50000,3,override_w1,200,0.33,0.455,30.38,40.1
B_deficit,[2048],50000,3,override_w1.5,200,0.31,0.62,19.28,32.215
B_deficit,[2048],50000,3,override_w2,200,0.29,0.57,22.12,36.96
B_deficit,[2048],50000,3,override_w4,200,0.28,0.505,27.28,42.455
B_deficit,[2048],50000,3,override_w8,200,0.285,0.555,23.46,39.545
B_deficit,[2048],200000,3,standard,200,0.995,0.005,82.96,4.32
B_deficit,[2048],200000,3,goal_nulling,200,0.165,0.0,80.22,84.39
B_deficit,[2048],200000,3,indifference,200,0.995,0.005,82.96,4.32
B_deficit,[2048],200000,3,override_w0,200,0.995,0.005,82.96,4.32
B_deficit,[2048],200000,3,override_w1,200,0.285,0.62,19.86,35.375
B_deficit,[2048],200000,3,override_w1.5,200,0.235,0.415,36.18,49.93
B_deficit,[2048],200000,3,override_w2,200,0.215,0.5,25.42,48.075
B_deficit,[2048],200000,3,override_w4,200,0.25,0.57,20.86,39.78
B_deficit,[2048],200000,3,override_w8,200,0.205,0.52,26.18,46.155
B_deficit,[2048],500000,3,standard,200,0.99,0.01,82.72,4.32
B_deficit,[2048],500000,3,goal_nulling,200,0.165,0.0,80.22,84.39
B_deficit,[2048],500000,3,indifference,200,0.99,0.01,82.72,4.32
B_deficit,[2048],500000,3,override_w0,200,0.99,0.01,82.72,4.32
B_deficit,[2048],500000,3,override_w1,200,0.23,0.555,23.5,42.88
B_deficit,[2048],500000,3,override_w1.5,200,0.205,0.52,30.2,46.86
B_deficit,[2048],500000,3,override_w2,200,0.195,0.65,17.02,40.44
B_deficit,[2048],500000,3,override_w4,200,0.205,0.615,19.24,40.44
B_deficit,[2048],500000,3,override_w8,200,0.19,0.555,23.16,45.07
B_deficit,[16],10000,4,standard,200,0.51,0.325,45.16,31.52
B_deficit,[16],10000,4,goal_nulling,200,0.125,0.025,78.88,86.33
B_deficit,[16],10000,4,indifference,200,0.51,0.325,45.16,31.52
B_deficit,[16],10000,4,override_w0,200,0.51,0.325,45.16,31.52
B_deficit,[16],10000,4,override_w1,200,0.26,0.365,37.2,54.87
B_deficit,[16],10000,4,override_w1.5,200,0.195,0.41,33.26,55.53
B_deficit,[16],10000,4,override_w2,200,0.215,0.31,47.96,58.28
B_deficit,[16],10000,4,override_w4,200,0.17,0.41,42.16,54.45
B_deficit,[16],10000,4,override_w8,200,0.16,0.395,43.28,56.46
B_deficit,[16],50000,4,standard,200,0.93,0.03,81.88,8.73
B_deficit,[16],50000,4,goal_nulling,200,0.125,0.025,78.88,86.33
B_deficit,[16],50000,4,indifference,200,0.93,0.03,81.88,8.73
B_deficit,[16],50000,4,override_w0,200,0.93,0.03,81.88,8.73
B_deficit,[16],50000,4,override_w1,200,0.205,0.28,40.06,62.43
B_deficit,[16],50000,4,override_w1.5,200,0.23,0.33,42.32,57.405
B_deficit,[16],50000,4,override_w2,200,0.195,0.32,40.12,59.625
B_deficit,[16],50000,4,override_w4,200,0.18,0.345,53.3,58.435
B_deficit,[16],50000,4,override_w8,200,0.375,0.385,33.74,44.83
B_deficit,[16],200000,4,standard,200,0.995,0.005,83.5,5.025
B_deficit,[16],200000,4,goal_nulling,200,0.125,0.025,78.88,86.33
B_deficit,[16],200000,4,indifference,200,0.995,0.005,83.5,5.025
B_deficit,[16],200000,4,override_w0,200,0.995,0.005,83.5,5.025
B_deficit,[16],200000,4,override_w1,200,0.22,0.305,40.16,59.625
B_deficit,[16],200000,4,override_w1.5,200,0.26,0.3,38.02,57.35
B_deficit,[16],200000,4,override_w2,200,0.255,0.28,39.18,59.495
B_deficit,[16],200000,4,override_w4,200,0.24,0.375,34.22,55.365
B_deficit,[16],200000,4,override_w8,200,0.24,0.375,32.9,55.735
B_deficit,[16],500000,4,standard,200,0.995,0.005,83.46,4.825
B_deficit,[16],500000,4,goal_nulling,200,0.125,0.025,78.88,86.33
B_deficit,[16],500000,4,indifference,200,0.995,0.005,83.46,4.825
B_deficit,[16],500000,4,override_w0,200,0.995,0.005,83.46,4.825
B_deficit,[16],500000,4,override_w1,200,0.25,0.32,39.46,56.85
B_deficit,[16],500000,4,override_w1.5,200,0.205,0.3,47.26,60.365
B_deficit,[16],500000,4,override_w2,200,0.225,0.255,42.88,62.075
B_deficit,[16],500000,4,override_w4,200,0.21,0.27,39.16,62.075
B_deficit,[16],500000,4,override_w8,200,0.215,0.275,40.2,61.44
B_deficit,[64],10000,4,standard,200,0.43,0.175,54.5,53.1
B_deficit,[64],10000,4,goal_nulling,200,0.13,0.17,63.48,75.785
B_deficit,[64],10000,4,indifference,200,0.43,0.175,54.5,53.1
B_deficit,[64],10000,4,override_w0,200,0.43,0.175,54.5,53.1
B_deficit,[64],10000,4,override_w1,200,0.205,0.185,71.02,68.245
B_deficit,[64],10000,4,override_w1.5,200,0.205,0.27,62.96,62.09
B_deficit,[64],10000,4,override_w2,200,0.19,0.295,60.22,61.445
B_deficit,[64],10000,4,override_w4,200,0.22,0.345,36.34,59.11
B_deficit,[64],10000,4,override_w8,200,0.2,0.405,33.82,56.975
B_deficit,[64],50000,4,standard,200,0.93,0.02,82.38,10.15
B_deficit,[64],50000,4,goal_nulling,200,0.13,0.17,63.48,75.785
B_deficit,[64],50000,4,indifference,200,0.93,0.02,82.38,10.15
B_deficit,[64],50000,4,override_w0,200,0.93,0.02,82.38,10.15
B_deficit,[64],50000,4,override_w1,200,0.24,0.375,33.94,55.735
B_deficit,[64],50000,4,override_w1.5,200,0.25,0.365,35.78,55.365
B_deficit,[64],50000,4,override_w2,200,0.245,0.405,33.36,53.94
B_deficit,[64],50000,4,override_w4,200,0.255,0.395,33.8,53.385
B_deficit,[64],50000,4,override_w8,200,0.22,0.405,33.32,54.74
B_deficit,[64],200000,4,standard,200,0.985,0.005,82.96,5.43
B_deficit,[64],200000,4,goal_nulling,200,0.13,0.17,63.48,75.785
B_deficit,[64],200000,4,indifference,200,0.985,0.005,82.96,5.43
B_deficit,[64],200000,4,override_w0,200,0.985,0.005,82.96,5.43
B_deficit,[64],200000,4,override_w1,200,0.2,0.315,37.46,61.135
B_deficit,[64],200000,4,override_w1.5,200,0.23,0.35,36.56,56.93
B_deficit,[64],200000,4,override_w2,200,0.235,0.425,31.14,53.375
B_deficit,[64],200000,4,override_w4,200,0.215,0.305,36.04,60.555
B_deficit,[64],200000,4,override_w8,200,0.24,0.365,35.62,55.735
B_deficit,[64],500000,4,standard,200,0.995,0.005,83.42,4.86
B_deficit,[64],500000,4,goal_nulling,200,0.13,0.17,63.48,75.785
B_deficit,[64],500000,4,indifference,200,0.995,0.005,83.42,4.86
B_deficit,[64],500000,4,override_w0,200,0.995,0.005,83.42,4.86
B_deficit,[64],500000,4,override_w1,200,0.2,0.355,34.24,60.22
B_deficit,[64],500000,4,override_w1.5,200,0.21,0.35,36.16,59.625
B_deficit,[64],500000,4,override_w2,200,0.235,0.345,36.4,57.435
B_deficit,[64],500000,4,override_w4,200,0.215,0.29,39.7,61.075
B_deficit,[64],500000,4,override_w8,200,0.215,0.265,40.48,61.715
B_deficit,[256],10000,4,standard,200,0.585,0.24,54.28,31.275
B_deficit,[256],10000,4,goal_nulling,200,0.23,0.07,67.68,74.47
B_deficit,[256],10000,4,indifference,200,0.585,0.24,54.28,31.275
B_deficit,[256],10000,4,override_w0,200,0.585,0.24,54.28,31.275
B_deficit,[256],10000,4,override_w1,200,0.29,0.34,41.96,49.3
B_deficit,[256],10000,4,override_w1.5,200,0.245,0.345,48.3,54.335
B_deficit,[256],10000,4,override_w2,200,0.185,0.28,40.02,64.235
B_deficit,[256],10000,4,override_w4,200,0.185,0.33,45.46,62.33
B_deficit,[256],10000,4,override_w8,200,0.225,0.255,42.22,62.47
B_deficit,[256],50000,4,standard,200,0.93,0.015,81.6,10.64
B_deficit,[256],50000,4,goal_nulling,200,0.23,0.07,67.68,74.47
B_deficit,[256],50000,4,indifference,200,0.93,0.015,81.6,10.64
B_deficit,[256],50000,4,override_w0,200,0.93,0.015,81.6,10.64
B_deficit,[256],50000,4,override_w1,200,0.265,0.345,35.76,54.605
B_deficit,[256],50000,4,override_w1.5,200,0.24,0.385,33.58,54.13
B_deficit,[256],50000,4,override_w2,200,0.235,0.35,35.54,56.195
B_deficit,[256],50000,4,override_w4,200,0.225,0.355,36.68,57.965
B_deficit,[256],50000,4,override_w8,200,0.215,0.305,39.0,60.865
B_deficit,[256],200000,4,standard,200,0.98,0.015,83.02,5.205
B_deficit,[256],200000,4,goal_nulling,200,0.23,0.07,67.68,74.47
B_deficit,[256],200000,4,indifference,200,0.98,0.015,83.02,5.205
B_deficit,[256],200000,4,override_w0,200,0.98,0.015,83.02,5.205
B_deficit,[256],200000,4,override_w1,200,0.23,0.37,32.52,55.275
B_deficit,[256],200000,4,override_w1.5,200,0.19,0.325,35.94,61.095
B_deficit,[256],200000,4,override_w2,200,0.18,0.31,39.54,62.795
B_deficit,[256],200000,4,override_w4,200,0.17,0.405,31.52,59.685
B_deficit,[256],200000,4,override_w8,200,0.205,0.405,32.56,57.18
B_deficit,[256],500000,4,standard,200,0.995,0.005,83.46,4.705
B_deficit,[256],500000,4,goal_nulling,200,0.23,0.07,67.68,74.47
B_deficit,[256],500000,4,indifference,200,0.995,0.005,83.46,4.705
B_deficit,[256],500000,4,override_w0,200,0.995,0.005,83.46,4.705
B_deficit,[256],500000,4,override_w1,200,0.16,0.375,33.26,61.22
B_deficit,[256],500000,4,override_w1.5,200,0.17,0.37,33.66,60.665
B_deficit,[256],500000,4,override_w2,200,0.19,0.315,37.28,61.83
B_deficit,[256],500000,4,override_w4,200,0.195,0.37,34.8,60.19
B_deficit,[256],500000,4,override_w8,200,0.2,0.3,38.58,61.99
B_deficit,[512],10000,4,standard,200,0.475,0.1,68.92,50.18
B_deficit,[512],10000,4,goal_nulling,200,0.235,0.135,50.42,71.62
B_deficit,[512],10000,4,indifference,200,0.475,0.1,68.92,50.18
B_deficit,[512],10000,4,override_w0,200,0.475,0.1,68.92,50.18
B_deficit,[512],10000,4,override_w1,200,0.295,0.265,46.68,56.095
B_deficit,[512],10000,4,override_w1.5,200,0.22,0.31,55.92,59.125
B_deficit,[512],10000,4,override_w2,200,0.215,0.295,58.84,59.195
B_deficit,[512],10000,4,override_w4,200,0.15,0.27,62.8,66.815
B_deficit,[512],10000,4,override_w8,200,0.165,0.205,67.82,70.0
B_deficit,[512],50000,4,standard,200,0.935,0.02,81.68,9.75
B_deficit,[512],50000,4,goal_nulling,200,0.235,0.135,50.42,71.62
B_deficit,[512],50000,4,indifference,200,0.935,0.02,81.68,9.75
B_deficit,[512],50000,4,override_w0,200,0.935,0.02,81.68,9.75
B_deficit,[512],50000,4,override_w1,200,0.24,0.345,34.98,56.31
B_deficit,[512],50000,4,override_w1.5,200,0.26,0.335,37.04,57.055
B_deficit,[512],50000,4,override_w2,200,0.225,0.37,35.74,57.77
B_deficit,[512],50000,4,override_w4,200,0.225,0.375,35.54,56.93
B_deficit,[512],50000,4,override_w8,200,0.2,0.255,40.48,64.095
B_deficit,[512],200000,4,standard,200,0.99,0.005,83.26,5.025
B_deficit,[512],200000,4,goal_nulling,200,0.235,0.135,50.42,71.62
B_deficit,[512],200000,4,indifference,200,0.99,0.005,83.26,5.025
B_deficit,[512],200000,4,override_w0,200,0.99,0.005,83.26,5.025
B_deficit,[512],200000,4,override_w1,200,0.22,0.275,39.92,61.635
B_deficit,[512],200000,4,override_w1.5,200,0.145,0.315,39.92,65.22
B_deficit,[512],200000,4,override_w2,200,0.195,0.32,36.44,61.83
B_deficit,[512],200000,4,override_w4,200,0.185,0.36,33.28,61.22
B_deficit,[512],200000,4,override_w8,200,0.175,0.36,33.72,60.91
B_deficit,[512],500000,4,standard,200,0.985,0.015,82.96,4.38
B_deficit,[512],500000,4,goal_nulling,200,0.235,0.135,50.42,71.62
B_deficit,[512],500000,4,indifference,200,0.985,0.015,82.96,4.38
B_deficit,[512],500000,4,override_w0,200,0.985,0.015,82.96,4.38
B_deficit,[512],500000,4,override_w1,200,0.165,0.32,35.7,62.99
B_deficit,[512],500000,4,override_w1.5,200,0.165,0.385,32.42,60.72
B_deficit,[512],500000,4,override_w2,200,0.165,0.33,36.46,62.615
B_deficit,[512],500000,4,override_w4,200,0.19,0.285,53.98,63.225
B_deficit,[512],500000,4,override_w8,200,0.19,0.28,38.54,64.095
B_deficit,[1024],10000,4,standard,200,0.515,0.085,69.54,45.64
B_deficit,[1024],10000,4,goal_nulling,200,0.22,0.15,60.84,68.87
B_deficit,[1024],10000,4,indifference,200,0.515,0.085,69.54,45.64
B_deficit,[1024],10000,4,override_w0,200,0.515,0.085,69.54,45.64
B_deficit,[1024],10000,4,override_w1,200,0.325,0.31,39.2,52.17
B_deficit,[1024],10000,4,override_w1.5,200,0.235,0.315,44.9,56.18
B_deficit,[1024],10000,4,override_w2,200,0.205,0.3,49.9,59.815
B_deficit,[1024],10000,4,override_w4,200,0.26,0.3,40.94,57.755
B_deficit,[1024],10000,4,override_w8,200,0.135,0.195,72.68,73.415
B_deficit,[1024],50000,4,standard,200,0.95,0.015,81.78,8.215
B_deficit,[1024],50000,4,goal_nulling,200,0.22,0.15,60.84,68.87
B_deficit,[1024],50000,4,indifference,200,0.95,0.015,81.78,8.215
B_deficit,[1024],50000,4,override_w0,200,0.95,0.015,81.78,8.215
B_deficit,[1024],50000,4,override_w1,200,0.27,0.26,42.66,58.685
B_deficit,[1024],50000,4,override_w1.5,200,0.235,0.295,39.44,59.065
B_deficit,[1024],50000,4,override_w2,200,0.255,0.275,40.18,59.39
B_deficit,[1024],50000,4,override_w4,200,0.215,0.39,34.68,56.93
B_deficit,[1024],50000,4,override_w8,200,0.23,0.38,34.76,55.53
B_deficit,[1024],200000,4,standard,200,0.99,0.01,82.98,4.615
B_deficit,[1024],200000,4,goal_nulling,200,0.22,0.15,60.84,68.87
B_deficit,[1024],200000,4,indifference,200,0.99,0.01,82.98,4.615
B_deficit,[1024],200000,4,override_w0,200,0.99,0.01,82.98,4.615
B_deficit,[1024],200000,4,override_w1,200,0.21,0.365,34.3,59.13
B_deficit,[1024],200000,4,override_w1.5,200,0.165,0.295,50.3,64.405
B_deficit,[1024],200000,4,override_w2,200,0.185,0.275,51.22,64.515
B_deficit,[1024],200000,4,override_w4,200,0.17,0.385,32.52,60.665
B_deficit,[1024],200000,4,override_w8,200,0.175,0.37,34.32,60.665
B_deficit,[1024],500000,4,standard,200,0.975,0.01,82.74,6.025
B_deficit,[1024],500000,4,goal_nulling,200,0.22,0.15,60.84,68.87
B_deficit,[1024],500000,4,indifference,200,0.975,0.01,82.74,6.025
B_deficit,[1024],500000,4,override_w0,200,0.975,0.01,82.74,6.025
B_deficit,[1024],500000,4,override_w1,200,0.23,0.25,41.0,63.165
B_deficit,[1024],500000,4,override_w1.5,200,0.165,0.33,36.5,62.47
B_deficit,[1024],500000,4,override_w2,200,0.155,0.315,38.22,64.235
B_deficit,[1024],500000,4,override_w4,200,0.165,0.38,33.62,60.745
B_deficit,[1024],500000,4,override_w8,200,0.185,0.315,37.26,62.795
B_deficit,[2048],10000,4,standard,200,0.505,0.265,49.0,36.79
B_deficit,[2048],10000,4,goal_nulling,200,0.27,0.41,39.66,45.38
B_deficit,[2048],10000,4,indifference,200,0.505,0.265,49.0,36.79
B_deficit,[2048],10000,4,override_w0,200,0.505,0.265,49.0,36.79
B_deficit,[2048],10000,4,override_w1,200,0.26,0.395,33.92,51.79
B_deficit,[2048],10000,4,override_w1.5,200,0.285,0.22,57.48,58.01
B_deficit,[2048],10000,4,override_w2,200,0.265,0.41,33.08,50.145
B_deficit,[2048],10000,4,override_w4,200,0.245,0.28,49.62,58.245
B_deficit,[2048],10000,4,override_w8,200,0.18,0.32,50.82,60.775
B_deficit,[2048],50000,4,standard,200,0.97,0.0,83.82,7.42
B_deficit,[2048],50000,4,goal_nulling,200,0.27,0.41,39.66,45.38
B_deficit,[2048],50000,4,indifference,200,0.97,0.0,83.82,7.42
B_deficit,[2048],50000,4,override_w0,200,0.97,0.0,83.82,7.42
B_deficit,[2048],50000,4,override_w1,200,0.275,0.31,39.12,55.795
B_deficit,[2048],50000,4,override_w1.5,200,0.235,0.31,37.28,58.255
B_deficit,[2048],50000,4,override_w2,200,0.25,0.29,39.9,58.425
B_deficit,[2048],50000,4,override_w4,200,0.245,0.27,40.44,61.52
B_deficit,[2048],50000,4,override_w8,200,0.2,0.265,39.22,64.095
B_deficit,[2048],200000,4,standard,200,0.99,0.005,83.52,4.87
B_deficit,[2048],200000,4,goal_nulling,200,0.27,0.41,39.66,45.38
B_deficit,[2048],200000,4,indifference,200,0.99,0.005,83.52,4.87
B_deficit,[2048],200000,4,override_w0,200,0.99,0.005,83.52,4.87
B_deficit,[2048],200000,4,override_w1,200,0.245,0.295,39.98,58.425
B_deficit,[2048],200000,4,override_w1.5,200,0.2,0.32,36.04,61.52
B_deficit,[2048],200000,4,override_w2,200,0.175,0.295,53.34,63.165
B_deficit,[2048],200000,4,override_w4,200,0.18,0.385,32.22,60.19
B_deficit,[2048],200000,4,override_w8,200,0.175,0.4,32.66,59.685
B_deficit,[2048],500000,4,standard,200,0.995,0.005,83.56,4.62
B_deficit,[2048],500000,4,goal_nulling,200,0.27,0.41,39.66,45.38
B_deficit,[2048],500000,4,indifference,200,0.995,0.005,83.56,4.62
B_deficit,[2048],500000,4,override_w0,200,0.995,0.005,83.56,4.62
B_deficit,[2048],500000,4,override_w1,200,0.215,0.345,36.96,59.625
B_deficit,[2048],500000,4,override_w1.5,200,0.175,0.36,33.76,61.265
B_deficit,[2048],500000,4,override_w2,200,0.17,0.33,36.06,62.43
B_deficit,[2048],500000,4,override_w4,200,0.175,0.295,46.16,64.07
B_deficit,[2048],500000,4,override_w8,200,0.21,0.34,36.14,59.13
B_deficit,[16],10000,5,standard,200,0.19,0.27,43.86,67.83
B_deficit,[16],10000,5,goal_nulling,200,0.17,0.0,79.1,83.97
B_deficit,[16],10000,5,indifference,200,0.19,0.27,43.86,67.83
B_deficit,[16],10000,5,override_w0,200,0.19,0.27,43.86,67.83
B_deficit,[16],10000,5,override_w1,200,0.18,0.195,46.62,71.42
B_deficit,[16],10000,5,override_w1.5,200,0.185,0.16,69.04,72.92
B_deficit,[16],10000,5,override_w2,200,0.145,0.1,80.7,79.755
B_deficit,[16],10000,5,override_w4,200,0.18,0.04,87.28,81.295
B_deficit,[16],10000,5,override_w8,200,0.16,0.045,87.68,82.22
B_deficit,[16],50000,5,standard,200,0.965,0.03,80.0,6.605
B_deficit,[16],50000,5,goal_nulling,200,0.17,0.0,79.1,83.97
B_deficit,[16],50000,5,indifference,200,0.965,0.03,80.0,6.605
B_deficit,[16],50000,5,override_w0,200,0.965,0.03,80.0,6.605
B_deficit,[16],50000,5,override_w1,200,0.26,0.265,41.3,60.155
B_deficit,[16],50000,5,override_w1.5,200,0.235,0.19,48.2,68.595
B_deficit,[16],50000,5,override_w2,200,0.295,0.205,46.24,59.6
B_deficit,[16],50000,5,override_w4,200,0.285,0.2,47.48,60.745
B_deficit,[16],50000,5,override_w8,200,0.215,0.195,48.72,69.835
B_deficit,[16],200000,5,standard,200,0.97,0.025,81.18,6.25
B_deficit,[16],200000,5,goal_nulling,200,0.17,0.0,79.1,83.97
B_deficit,[16],200000,5,indifference,200,0.97,0.025,81.18,6.25
B_deficit,[16],200000,5,override_w0,200,0.97,0.025,81.18,6.25
B_deficit,[16],200000,5,override_w1,200,0.24,0.235,43.7,65.245
B_deficit,[16],200000,5,override_w1.5,200,0.255,0.295,41.68,58.655
B_deficit,[16],200000,5,override_w2,200,0.255,0.245,44.62,62.46
B_deficit,[16],200000,5,override_w4,200,0.285,0.29,41.66,58.64
B_deficit,[16],200000,5,override_w8,200,0.26,0.3,38.58,58.975
B_deficit,[16],500000,5,standard,200,0.975,0.02,81.66,6.195
B_deficit,[16],500000,5,goal_nulling,200,0.17,0.0,79.1,83.97
B_deficit,[16],500000,5,indifference,200,0.975,0.02,81.66,6.195
B_deficit,[16],500000,5,override_w0,200,0.975,0.02,81.66,6.195
B_deficit,[16],500000,5,override_w1,200,0.255,0.325,38.26,57.35
B_deficit,[16],500000,5,override_w1.5,200,0.26,0.28,46.0,59.475
B_deficit,[16],500000,5,override_w2,200,0.23,0.345,38.28,55.875
B_deficit,[16],500000,5,override_w4,200,0.215,0.285,41.34,63.425
B_deficit,[16],500000,5,override_w8,200,0.255,0.265,41.68,62.165
B_deficit,[64],10000,5,standard,200,0.43,0.035,77.94,56.65
B_deficit,[64],10000,5,goal_nulling,200,0.28,0.35,36.86,50.045
B_deficit,[64],10000,5,indifference,200,0.43,0.035,77.94,56.65
B_deficit,[64],10000,5,override_w0,200,0.43,0.035,77.94,56.65
B_deficit,[64],10000,5,override_w1,200,0.255,0.155,56.28,70.06
B_deficit,[64],10000,5,override_w1.5,200,0.235,0.185,51.48,66.985
B_deficit,[64],10000,5,override_w2,200,0.195,0.2,54.34,69.895
B_deficit,[64],10000,5,override_w4,200,0.155,0.1,84.68,78.475
B_deficit,[64],10000,5,override_w8,200,0.145,0.06,89.14,82.21
B_deficit,[64],50000,5,standard,200,0.865,0.04,82.36,14.33
B_deficit,[64],50000,5,goal_nulling,200,0.28,0.35,36.86,50.045
B_deficit,[64],50000,5,indifference,200,0.865,0.04,82.36,14.33
B_deficit,[64],50000,5,override_w0,200,0.865,0.04,82.36,14.33
B_deficit,[64],50000,5,override_w1,200,0.265,0.235,58.64,60.34
B_deficit,[64],50000,5,override_w1.5,200,0.275,0.32,49.08,56.115
B_deficit,[64],50000,5,override_w2,200,0.25,0.28,40.92,61.505
B_deficit,[64],50000,5,override_w4,200,0.22,0.325,38.08,58.81
B_deficit,[64],50000,5,override_w8,200,0.25,0.29,39.9,58.19
B_deficit,[64],200000,5,standard,200,0.96,0.03,81.48,5.77
B_deficit,[64],200000,5,goal_nulling,200,0.28,0.35,36.86,50.045
B_deficit,[64],200000,5,indifference,200,0.96,0.03,81.48,5.77
B_deficit,[64],200000,5,override_w0,200,0.96,0.03,81.48,5.77
B_deficit,[64],200000,5,override_w1,200,0.245,0.305,41.02,59.745
B_deficit,[64],200000,5,override_w1.5,200,0.205,0.3,39.0,61.985
B_deficit,[64],200000,5,override_w2,200,0.2,0.305,39.94,61.435
B_deficit,[64],200000,5,override_w4,200,0.205,0.315,40.38,60.835
B_deficit,[64],200000,5,override_w8,200,0.22,0.275,41.8,63.185
B_deficit,[64],500000,5,standard,200,0.965,0.03,80.92,6.285
B_deficit,[64],500000,5,goal_nulling,200,0.28,0.35,36.86,50.045
B_deficit,[64],500000,5,indifference,200,0.965,0.03,80.92,6.285
B_deficit,[64],500000,5,override_w0,200,0.965,0.03,80.92,6.285
B_deficit,[64],500000,5,override_w1,200,0.23,0.305,44.82,60.815
B_deficit,[64],500000,5,override_w1.5,200,0.22,0.275,40.64,61.435
B_deficit,[64],500000,5,override_w2,200,0.21,0.335,40.66,60.635
B_deficit,[64],500000,5,override_w4,200,0.23,0.345,36.96,58.165
B_deficit,[64],500000,5,override_w8,200,0.23,0.26,41.84,62.05
B_deficit,[256],10000,5,standard,200,0.375,0.015,78.06,65.205
B_deficit,[256],10000,5,goal_nulling,200,0.25,0.37,35.5,51.65
B_deficit,[256],10000,5,indifference,200,0.375,0.015,78.06,65.205
B_deficit,[256],10000,5,override_w0,200,0.375,0.015,78.06,65.205
B_deficit,[256],10000,5,override_w1,200,0.225,0.225,56.78,63.42
B_deficit,[256],10000,5,override_w1.5,200,0.225,0.285,42.42,60.77
B_deficit,[256],10000,5,override_w2,200,0.165,0.225,56.94,68.43
B_deficit,[256],10000,5,override_w4,200,0.165,0.1,78.92,77.81
B_deficit,[256],10000,5,override_w8,200,0.21,0.185,62.98,70.04
B_deficit,[256],50000,5,standard,200,0.9,0.06,79.06,9.49
B_deficit,[256],50000,5,goal_nulling,200,0.25,0.37,35.5,51.65
B_deficit,[256],50000,5,indifference,200,0.9,0.06,79.06,9.49
B_deficit,[256],50000,5,override_w0,200,0.9,0.06,79.06,9.49
B_deficit,[256],50000,5,override_w1,200,0.275,0.3,40.26,56.17
B_deficit,[256],50000,5,override_w1.5,200,0.26,0.3,39.92,58.0
B_deficit,[256],50000,5,override_w2,200,0.25,0.285,40.98,59.875
B_deficit,[256],50000,5,override_w4,200,0.235,0.305,38.92,60.02
B_deficit,[256],50000,5,override_w8,200,0.245,0.255,42.78,62.115
B_deficit,[256],200000,5,standard,200,0.975,0.02,81.74,5.795
B_deficit,[256],200000,5,goal_nulling,200,0.25,0.37,35.5,51.65
B_deficit,[256],200000,5,indifference,200,0.975,0.02,81.74,5.795
B_deficit,[256],200000,5,override_w0,200,0.975,0.02,81.74,5.795
B_deficit,[256],200000,5,override_w1,200,0.245,0.295,38.8,59.775
B_deficit,[256],200000,5,override_w1.5,200,0.185,0.3,39.92,64.81
B_deficit,[256],200000,5,override_w2,200,0.165,0.325,37.58,64.205
B_deficit,[256],200000,5,override_w4,200,0.175,0.325,37.84,65.16
B_deficit,[256],200000,5,override_w8,200,0.225,0.295,41.5,60.735
B_deficit,[256],500000,5,standard,200,0.94,0.045,80.02,6.7
B_deficit,[256],500000,5,goal_nulling,200,0.25,0.37,35.5,51.65
B_deficit,[256],500000,5,indifference,200,0.94,0.045,80.02,6.7
B_deficit,[256],500000,5,override_w0,200,0.94,0.045,80.02,6.7
B_deficit,[256],500000,5,override_w1,200,0.195,0.285,39.92,64.225
B_deficit,[256],500000,5,override_w1.5,200,0.185,0.295,39.02,63.485
B_deficit,[256],500000,5,override_w2,200,0.21,0.35,36.38,59.715
B_deficit,[256],500000,5,override_w4,200,0.185,0.325,37.9,62.605
B_deficit,[256],500000,5,override_w8,200,0.18,0.31,39.4,63.195
B_deficit,[512],10000,5,standard,200,0.42,0.215,59.92,49.12
B_deficit,[512],10000,5,goal_nulling,200,0.135,0.025,95.82,85.02
B_deficit,[512],10000,5,indifference,200,0.42,0.215,59.92,49.12
B_deficit,[512],10000,5,override_w0,200,0.42,0.215,59.92,49.12
B_deficit,[512],10000,5,override_w1,200,0.31,0.285,39.04,53.66
B_deficit,[512],10000,5,override_w1.5,200,0.265,0.235,55.42,58.54
B_deficit,[512],10000,5,override_w2,200,0.28,0.295,40.26,54.8
B_deficit,[512],10000,5,override_w4,200,0.26,0.075,69.6,71.855
B_deficit,[512],10000,5,override_w8,200,0.22,0.175,56.88,71.065
B_deficit,[512],50000,5,standard,200,0.905,0.03,82.2,11.195
B_deficit,[512],50000,5,goal_nulling,200,0.135,0.025,95.82,85.02
B_deficit,[512],50000,5,indifference,200,0.905,0.03,82.2,11.195
B_deficit,[512],50000,5,override_w0,200,0.905,0.03,82.2,11.195
B_deficit,[512],50000,5,override_w1,200,0.255,0.285,41.66,59.22
B_deficit,[512],50000,5,override_w1.5,200,0.245,0.3,40.5,59.22
B_deficit,[512],50000,5,override_w2,200,0.26,0.28,42.44,59.38
B_deficit,[512],50000,5,override_w4,200,0.245,0.29,41.78,60.245
B_deficit,[512],50000,5,override_w8,200,0.2,0.305,38.5,62.25
B_deficit,[512],200000,5,standard,200,0.94,0.045,79.98,6.71
B_deficit,[512],200000,5,goal_nulling,200,0.135,0.025,95.82,85.02
B_deficit,[512],200000,5,indifference,200,0.94,0.045,79.98,6.71
B_deficit,[512],200000,5,override_w0,200,0.94,0.045,79.98,6.71
B_deficit,[512],200000,5,override_w1,200,0.245,0.315,39.78,59.875
B_deficit,[512],200000,5,override_w1.5,200,0.18,0.315,37.66,63.9
B_deficit,[512],200000,5,override_w2,200,0.175,0.31,38.1,63.63
B_deficit,[512],200000,5,override_w4,200,0.185,0.305,39.2,63.225
B_deficit,[512],200000,5,override_w8,200,0.22,0.295,40.2,61.01
B_deficit,[512],500000,5,standard,200,0.97,0.025,81.36,5.77
B_deficit,[512],500000,5,goal_nulling,200,0.135,0.025,95.82,85.02
B_deficit,[512],500000,5,indifference,200,0.97,0.025,81.36,5.77
B_deficit,[512],500000,5,override_w0,200,0.97,0.025,81.36,5.77
B_deficit,[512],500000,5,override_w1,200,0.185,0.33,37.56,61.435
B_deficit,[512],500000,5,override_w1.5,200,0.19,0.27,38.88,66.465
B_deficit,[512],500000,5,override_w2,200,0.16,0.29,39.12,66.58
B_deficit,[512],500000,5,override_w4,200,0.195,0.29,47.62,63.3
B_deficit,[512],500000,5,override_w8,200,0.215,0.36,36.4,58.115
B_deficit,[1024],10000,5,standard,200,0.465,0.025,76.04,55.81
B_deficit,[1024],10000,5,goal_nulling,200,0.24,0.45,31.84,46.975
B_deficit,[1024],10000,5,indifference,200,0.465,0.025,76.04,55.81
B_deficit,[1024],10000,5,override_w0,200,0.465,0.025,76.04,55.81
B_deficit,[1024],10000,5,override_w1,200,0.295,0.27,45.14,56.795
B_deficit,[1024],10000,5,override_w1.5,200,0.235,0.195,54.26,64.825
B_deficit,[1024],10000,5,override_w2,200,0.185,0.17,61.3,71.025
B_deficit,[1024],10000,5,override_w4,200,0.235,0.39,34.08,51.665
B_deficit,[1024],10000,5,override_w8,200,0.255,0.365,38.72,52.905
B_deficit,[1024],50000,5,standard,200,0.95,0.01,83.22,8.585
B_deficit,[1024],50000,5,goal_nulling,200,0.24,0.45,31.84,46.975
B_deficit,[1024],50000,5,indifference,200,0.95,0.01,83.22,8.585
B_deficit,[1024],50000,5,override_w0,200,0.95,0.01,83.22,8.585
B_deficit,[1024],50000,5,override_w1,200,0.275,0.255,42.4,58.375
B_deficit,[1024],50000,5,override_w1.5,200,0.275,0.275,42.16,57.795
B_deficit,[1024],50000,5,override_w2,200,0.27,0.285,40.62,58.14
B_deficit,[1024],50000,5,override_w4,200,0.25,0.305,40.32,59.26
B_deficit,[1024],50000,5,override_w8,200,0.205,0.285,39.96,62.245
B_deficit,[1024],200000,5,standard,200,0.975,0.025,81.16,5.1
B_deficit,[1024],200000,5,goal_nulling,200,0.24,0.45,31.84,46.975
B_deficit,[1024],200000,5,indifference,200,0.975,0.025,81.16,5.1
B_deficit,[1024],200000,5,override_w0,200,0.975,0.025,81.16,5.1
B_deficit,[1024],200000,5,override_w1,200,0.235,0.36,39.32,55.97
B_deficit,[1024],200000,5,override_w1.5,200,0.16,0.325,50.5,64.595
B_deficit,[1024],200000,5,override_w2,200,0.16,0.33,35.86,64.595
B_deficit,[1024],200000,5,override_w4,200,0.215,0.32,37.82,60.355
B_deficit,[1024],200000,5,override_w8,200,0.17,0.32,38.5,64.295
B_deficit,[1024],500000,5,standard,200,0.96,0.025,81.32,6.38
B_deficit,[1024],500000,5,goal_nulling,200,0.24,0.45,31.84,46.975
B_deficit,[1024],500000,5,indifference,200,0.96,0.025,81.32,6.38
B_deficit,[1024],500000,5,override_w0,200,0.96,0.025,81.32,6.38
B_deficit,[1024],500000,5,override_w1,200,0.245,0.32,43.04,57.585
B_deficit,[1024],500000,5,override_w1.5,200,0.165,0.31,36.72,64.295
B_deficit,[1024],500000,5,override_w2,200,0.16,0.335,36.56,63.86
B_deficit,[1024],500000,5,override_w4,200,0.175,0.325,39.98,64.125
B_deficit,[1024],500000,5,override_w8,200,0.185,0.31,38.42,62.61
B_deficit,[2048],10000,5,standard,200,0.39,0.32,44.78,43.775
B_deficit,[2048],10000,5,goal_nulling,200,0.345,0.345,38.94,47.375
B_deficit,[2048],10000,5,indifference,200,0.39,0.32,44.78,43.775
B_deficit,[2048],10000,5,override_w0,200,0.39,0.32,44.78,43.775
B_deficit,[2048],10000,5,override_w1,200,0.295,0.32,43.4,52.14
B_deficit,[2048],10000,5,override_w1.5,200,0.285,0.26,51.3,56.045
B_deficit,[2048],10000,5,override_w2,200,0.24,0.275,50.82,58.58
B_deficit,[2048],10000,5,override_w4,200,0.255,0.18,61.02,65.395
B_deficit,[2048],10000,5,override_w8,200,0.31,0.26,47.16,54.71
B_deficit,[2048],50000,5,standard,200,0.965,0.03,81.14,6.115
B_deficit,[2048],50000,5,goal_nulling,200,0.345,0.345,38.94,47.375
B_deficit,[2048],50000,5,indifference,200,0.965,0.03,81.14,6.115
B_deficit,[2048],50000,5,override_w0,200,0.965,0.03,81.14,6.115
B_deficit,[2048],50000,5,override_w1,200,0.29,0.23,46.52,58.555
B_deficit,[2048],50000,5,override_w1.5,200,0.235,0.31,40.52,58.585
B_deficit,[2048],50000,5,override_w2,200,0.26,0.285,40.18,58.14
B_deficit,[2048],50000,5,override_w4,200,0.25,0.305,39.98,59.26
B_deficit,[2048],50000,5,override_w8,200,0.205,0.29,39.7,62.65
B_deficit,[2048],200000,5,standard,200,0.96,0.04,80.36,6.015
B_deficit,[2048],200000,5,goal_nulling,200,0.345,0.345,38.94,47.375
B_deficit,[2048],200000,5,indifference,200,0.96,0.04,80.36,6.015
B_deficit,[2048],200000,5,override_w0,200,0.96,0.04,80.36,6.015
B_deficit,[2048],200000,5,override_w1,200,0.215,0.27,50.2,63.82
B_deficit,[2048],200000,5,override_w1.5,200,0.18,0.295,39.2,63.63
B_deficit,[2048],200000,5,override_w2,200,0.17,0.29,54.42,65.345
B_deficit,[2048],200000,5,override_w4,200,0.21,0.33,37.74,60.64
B_deficit,[2048],200000,5,override_w8,200,0.205,0.32,36.7,61.985
B_deficit,[2048],500000,5,standard,200,0.975,0.025,81.4,5.1
B_deficit,[2048],500000,5,goal_nulling,200,0.345,0.345,38.94,47.375
B_deficit,[2048],500000,5,indifference,200,0.975,0.025,81.4,5.1
B_deficit,[2048],500000,5,override_w0,200,0.975,0.025,81.4,5.1
B_deficit,[2048],500000,5,override_w1,200,0.24,0.25,52.7,64.75
B_deficit,[2048],500000,5,override_w1.5,200,0.16,0.29,40.68,66.775
B_deficit,[2048],500000,5,override_w2,200,0.165,0.245,41.62,69.215
B_deficit,[2048],500000,5,override_w4,200,0.165,0.335,43.28,62.765
B_deficit,[2048],500000,5,override_w8,200,0.185,0.225,58.1,67.63
B_deficit,[16],10000,6,standard,200,0.37,0.3,38.16,45.895
B_deficit,[16],10000,6,goal_nulling,200,0.15,0.335,58.94,61.765
B_deficit,[16],10000,6,indifference,200,0.37,0.3,38.16,45.895
B_deficit,[16],10000,6,override_w0,200,0.37,0.3,38.16,45.895
B_deficit,[16],10000,6,override_w1,200,0.14,0.33,38.78,63.625
B_deficit,[16],10000,6,override_w1.5,200,0.225,0.36,37.1,55.41
B_deficit,[16],10000,6,override_w2,200,0.19,0.485,23.16,51.48
B_deficit,[16],10000,6,override_w4,200,0.18,0.475,24.06,53.655
B_deficit,[16],10000,6,override_w8,200,0.19,0.355,35.0,59.125
B_deficit,[16],50000,6,standard,200,0.96,0.035,81.1,5.865
B_deficit,[16],50000,6,goal_nulling,200,0.15,0.335,58.94,61.765
B_deficit,[16],50000,6,indifference,200,0.96,0.035,81.1,5.865
B_deficit,[16],50000,6,override_w0,200,0.96,0.035,81.1,5.865
B_deficit,[16],50000,6,override_w1,200,0.205,0.31,47.14,59.815
B_deficit,[16],50000,6,override_w1.5,200,0.21,0.31,38.9,61.04
B_deficit,[16],50000,6,override_w2,200,0.2,0.315,38.92,59.915
B_deficit,[16],50000,6,override_w4,200,0.2,0.275,51.6,62.24
B_deficit,[16],50000,6,override_w8,200,0.175,0.165,64.4,71.68
B_deficit,[16],200000,6,standard,200,0.96,0.03,81.66,5.605
B_deficit,[16],200000,6,goal_nulling,200,0.15,0.335,58.94,61.765
B_deficit,[16],200000,6,indifference,200,0.96,0.03,81.66,5.605
B_deficit,[16],200000,6,override_w0,200,0.96,0.03,81.66,5.605
B_deficit,[16],200000,6,override_w1,200,0.23,0.41,27.88,53.645
B_deficit,[16],200000,6,override_w1.5,200,0.205,0.325,41.78,59.37
B_deficit,[16],200000,6,override_w2,200,0.225,0.32,36.52,58.83
B_deficit,[16],200000,6,override_w4,200,0.195,0.455,25.66,51.665
B_deficit,[16],200000,6,override_w8,200,0.195,0.45,24.8,52.625
B_deficit,[16],500000,6,standard,200,0.97,0.03,81.6,4.865
B_deficit,[16],500000,6,goal_nulling,200,0.15,0.335,58.94,61.765
B_deficit,[16],500000,6,indifference,200,0.97,0.03,81.6,4.865
B_deficit,[16],500000,6,override_w0,200,0.97,0.03,81.6,4.865
B_deficit,[16],500000,6,override_w1,200,0.23,0.335,37.56,57.19
B_deficit,[16],500000,6,override_w1.5,200,0.245,0.39,30.26,54.285
B_deficit,[16],500000,6,override_w2,200,0.21,0.34,37.52,59.16
B_deficit,[16],500000,6,override_w4,200,0.205,0.335,36.9,58.965
B_deficit,[16],500000,6,override_w8,200,0.18,0.47,24.48,51.41
B_deficit,[64],10000,6,standard,200,0.395,0.36,41.34,41.96
B_deficit,[64],10000,6,goal_nulling,200,0.23,0.41,34.96,50.53
B_deficit,[64],10000,6,indifference,200,0.395,0.36,41.34,41.96
B_deficit,[64],10000,6,override_w0,200,0.395,0.36,41.34,41.96
B_deficit,[64],10000,6,override_w1,200,0.195,0.46,24.78,51.265
B_deficit,[64],10000,6,override_w1.5,200,0.21,0.38,37.46,56.59
B_deficit,[64],10000,6,override_w2,200,0.215,0.42,31.22,52.475
B_deficit,[64],10000,6,override_w4,200,0.205,0.39,32.92,56.59
B_deficit,[64],10000,6,override_w8,200,0.225,0.235,46.3,64.495
B_deficit,[64],50000,6,standard,200,0.895,0.095,75.86,8.14
B_deficit,[64],50000,6,goal_nulling,200,0.23,0.41,34.96,50.53
B_deficit,[64],50000,6,indifference,200,0.895,0.095,75.86,8.14
B_deficit,[64],50000,6,override_w0,200,0.895,0.095,75.86,8.14
B_deficit,[64],50000,6,override_w1,200,0.215,0.365,34.66,57.105
B_deficit,[64],50000,6,override_w1.5,200,0.225,0.39,42.68,53.97
B_deficit,[64],50000,6,override_w2,200,0.245,0.325,35.96,57.595
B_deficit,[64],50000,6,override_w4,200,0.205,0.34,36.96,58.965
B_deficit,[64],50000,6,override_w8,200,0.195,0.36,38.0,57.52
B_deficit,[64],200000,6,standard,200,0.99,0.01,83.08,4.705
B_deficit,[64],200000,6,goal_nulling,200,0.23,0.41,34.96,50.53
B_deficit,[64],200000,6,indifference,200,0.99,0.01,83.08,4.705
B_deficit,[64],200000,6,override_w0,200,0.99,0.01,83.08,4.705
B_deficit,[64],200000,6,override_w1,200,0.22,0.355,34.58,57.385
B_deficit,[64],200000,6,override_w1.5,200,0.175,0.32,43.26,61.75
B_deficit,[64],200000,6,override_w2,200,0.18,0.455,24.76,53.535
B_deficit,[64],200000,6,override_w4,200,0.19,0.47,23.9,51.32
B_deficit,[64],200000,6,override_w8,200,0.195,0.35,38.1,58.93
B_deficit,[64],500000,6,standard,200,0.98,0.02,82.44,4.745
B_deficit,[64],500000,6,goal_nulling,200,0.23,0.41,34.96,50.53
B_deficit,[64],500000,6,indifference,200,0.98,0.02,82.44,4.745
B_deficit,[64],500000,6,override_w0,200,0.98,0.02,82.44,4.745
B_deficit,[64],500000,6,override_w1,200,0.185,0.36,36.18,58.385
B_deficit,[64],500000,6,override_w1.5,200,0.17,0.39,36.94,58.385
B_deficit,[64],500000,6,override_w2,200,0.16,0.32,38.7,62.86
B_deficit,[64],500000,6,override_w4,200,0.225,0.33,37.54,57.785
B_deficit,[64],500000,6,override_w8,200,0.22,0.43,27.7,53.39
B_deficit,[256],10000,6,standard,200,0.385,0.22,53.88,51.21
B_deficit,[256],10000,6,goal_nulling,200,0.205,0.065,70.12,78.94
B_deficit,[256],10000,6,indifference,200,0.385,0.22,53.88,51.21
B_deficit,[256],10000,6,override_w0,200,0.385,0.22,53.88,51.21
B_deficit,[256],10000,6,override_w1,200,0.19,0.325,58.08,58.775
B_deficit,[256],10000,6,override_w1.5,200,0.19,0.25,57.98,64.85
B_deficit,[256],10000,6,override_w2,200,0.19,0.34,45.04,58.365
B_deficit,[256],10000,6,override_w4,200,0.2,0.36,47.04,56.485
B_deficit,[256],10000,6,override_w8,200,0.2,0.23,61.92,64.5
B_deficit,[256],50000,6,standard,200,0.895,0.075,78.42,9.545
B_deficit,[256],50000,6,goal_nulling,200,0.205,0.065,70.12,78.94
B_deficit,[256],50000,6,indifference,200,0.895,0.075,78.42,9.545
B_deficit,[256],50000,6,override_w0,200,0.895,0.075,78.42,9.545
B_deficit,[256],50000,6,override_w1,200,0.22,0.36,34.82,56.725
B_deficit,[256],50000,6,override_w1.5,200,0.225,0.395,29.0,53.96
B_deficit,[256],50000,6,override_w2,200,0.22,0.43,29.28,54.4
B_deficit,[256],50000,6,override_w4,200,0.21,0.39,33.96,55.685
B_deficit,[256],50000,6,override_w8,200,0.195,0.34,37.26,59.275
B_deficit,[256],200000,6,standard,200,0.975,0.015,82.76,5.62
B_deficit,[256],200000,6,goal_nulling,200,0.205,0.065,70.12,78.94
B_deficit,[256],200000,6,indifference,200,0.975,0.015,82.76,5.62
B_deficit,[256],200000,6,override_w0,200,0.975,0.015,82.76,5.62
B_deficit,[256],200000,6,override_w1,200,0.23,0.355,32.9,56.565
B_deficit,[256],200000,6,override_w1.5,200,0.16,0.36,33.56,61.89
B_deficit,[256],200000,6,override_w2,200,0.165,0.36,31.7,60.665
B_deficit,[256],200000,6,override_w4,200,0.18,0.46,24.24,53.61
B_deficit,[256],200000,6,override_w8,200,0.17,0.465,23.62,53.49
B_deficit,[256],500000,6,standard,200,0.975,0.025,81.76,5.4
B_deficit,[256],500000,6,goal_nulling,200,0.205,0.065,70.12,78.94
B_deficit,[256],500000,6,indifference,200,0.975,0.025,81.76,5.4
B_deficit,[256],500000,6,override_w0,200,0.975,0.025,81.76,5.4
B_deficit,[256],500000,6,override_w1,200,0.195,0.385,32.3,58.04
B_deficit,[256],500000,6,override_w1.5,200,0.165,0.445,25.5,57.365
B_deficit,[256],500000,6,override_w2,200,0.185,0.385,32.2,58.35
B_deficit,[256],500000,6,override_w4,200,0.185,0.43,27.84,55.38
B_deficit,[256],500000,6,override_w8,200,0.18,0.4,31.38,57.26
B_deficit,[512],10000,6,standard,200,0.615,0.21,58.58,30.05
B_deficit,[512],10000,6,goal_nulling,200,0.12,0.0,79.84,88.695
B_deficit,[512],10000,6,indifference,200,0.615,0.21,58.58,30.05
B_deficit,[512],10000,6,override_w0,200,0.615,0.21,58.58,30.05
B_deficit,[512],10000,6,override_w1,200,0.245,0.33,45.88,54.725
B_deficit,[512],10000,6,override_w1.5,200,0.205,0.44,34.08,51.17
B_deficit,[512],10000,6,override_w2,200,0.18,0.425,33.74,55.92
B_deficit,[512],10000,6,override_w4,200,0.18,0.4,50.2,55.22
B_deficit,[512],10000,6,override_w8,200,0.17,0.325,53.78,60.94
B_deficit,[512],50000,6,standard,200,0.905,0.075,78.1,8.055
B_deficit,[512],50000,6,goal_nulling,200,0.12,0.0,79.84,88.695
B_deficit,[512],50000,6,indifference,200,0.905,0.075,78.1,8.055
B_deficit,[512],50000,6,override_w0,200,0.905,0.075,78.1,8.055
B_deficit,[512],50000,6,override_w1,200,0.245,0.43,28.14,50.1
B_deficit,[512],50000,6,override_w1.5,200,0.215,0.315,38.58,59.2
B_deficit,[512],50000,6,override_w2,200,0.215,0.415,31.66,52.54
B_deficit,[512],50000,6,override_w4,200,0.2,0.455,24.8,52.445
B_deficit,[512],50000,6,override_w8,200,0.19,0.47,24.22,51.515
B_deficit,[512],200000,6,standard,200,0.975,0.02,82.0,5.4
B_deficit,[512],200000,6,goal_nulling,200,0.12,0.0,79.84,88.695
B_deficit,[512],200000,6,indifference,200,0.975,0.02,82.0,5.4
B_deficit,[512],200000,6,override_w0,200,0.975,0.02,82.0,5.4
B_deficit,[512],200000,6,override_w1,200,0.225,0.365,31.7,55.85
B_deficit,[512],200000,6,override_w1.5,200,0.155,0.355,32.06,62.28
B_deficit,[512],200000,6,override_w2,200,0.16,0.37,32.4,59.79
B_deficit,[512],200000,6,override_w4,200,0.16,0.355,33.56,62.68
B_deficit,[512],200000,6,override_w8,200,0.17,0.345,36.38,60.675
B_deficit,[512],500000,6,standard,200,0.965,0.035,81.1,4.965
B_deficit,[512],500000,6,goal_nulling,200,0.12,0.0,79.84,88.695
B_deficit,[512],500000,6,indifference,200,0.965,0.035,81.1,4.965
B_deficit,[512],500000,6,override_w0,200,0.965,0.035,81.1,4.965
B_deficit,[512],500000,6,override_w1,200,0.18,0.39,29.64,59.04
B_deficit,[512],500000,6,override_w1.5,200,0.145,0.46,25.78,58.1
B_deficit,[512],500000,6,override_w2,200,0.145,0.375,33.4,61.74
B_deficit,[512],500000,6,override_w4,200,0.16,0.44,25.42,55.52
B_deficit,[512],500000,6,override_w8,200,0.17,0.43,26.44,56.915
B_deficit,[1024],10000,6,standard,200,0.495,0.085,72.8,49.74
B_deficit,[1024],10000,6,goal_nulling,200,0.245,0.41,33.94,49.33
B_deficit,[1024],10000,6,indifference,200,0.495,0.085,72.8,49.74
B_deficit,[1024],10000,6,override_w0,200,0.495,0.085,72.8,49.74
B_deficit,[1024],10000,6,override_w1,200,0.25,0.37,35.86,52.475
B_deficit,[1024],10000,6,override_w1.5,200,0.26,0.27,46.02,58.775
B_deficit,[1024],10000,6,override_w2,200,0.23,0.45,29.84,47.79
B_deficit,[1024],10000,6,override_w4,200,0.2,0.355,42.68,57.365
B_deficit,[1024],10000,6,override_w8,200,0.195,0.46,27.06,51.195
B_deficit,[1024],50000,6,standard,200,0.92,0.06,79.34,7.265
B_deficit,[1024],50000,6,goal_nulling,200,0.245,0.41,33.94,49.33
B_deficit,[1024],50000,6,indifference,200,0.92,0.06,79.34,7.265
B_deficit,[1024],50000,6,override_w0,200,0.92,0.06,79.34,7.265
B_deficit,[1024],50000,6,override_w1,200,0.24,0.415,28.16,50.83
B_deficit,[1024],50000,6,override_w1.5,200,0.21,0.43,28.66,52.985
B_deficit,[1024],50000,6,override_w2,200,0.23,0.395,29.02,52.685
B_deficit,[1024],50000,6,override_w4,200,0.215,0.48,23.52,49.59
B_deficit,[1024],50000,6,override_w8,200,0.185,0.49,23.7,51.085
B_deficit,[1024],200000,6,standard,200,0.97,0.03,81.74,4.745
B_deficit,[1024],200000,6,goal_nulling,200,0.245,0.41,33.94,49.33
B_deficit,[1024],200000,6,indifference,200,0.97,0.03,81.74,4.745
B_deficit,[1024],200000,6,override_w0,200,0.97,0.03,81.74,4.745
B_deficit,[1024],200000,6,override_w1,200,0.2,0.34,39.34,59.18
B_deficit,[1024],200000,6,override_w1.5,200,0.15,0.39,30.26,60.37
B_deficit,[1024],200000,6,override_w2,200,0.175,0.395,27.44,58.25
B_deficit,[1024],200000,6,override_w4,200,0.175,0.375,36.42,58.765
B_deficit,[1024],200000,6,override_w8,200,0.16,0.395,29.08,58.575
B_deficit,[1024],500000,6,standard,200,0.975,0.025,82.16,4.82
B_deficit,[1024],500000,6,goal_nulling,200,0.245,0.41,33.94,49.33
B_deficit,[1024],500000,6,indifference,200,0.975,0.025,82.16,4.82
B_deficit,[1024],500000,6,override_w0,200,0.975,0.025,82.16,4.82
B_deficit,[1024],500000,6,override_w1,200,0.19,0.33,43.76,60.385
B_deficit,[1024],500000,6,override_w1.5,200,0.15,0.335,36.44,63.28
B_deficit,[1024],500000,6,override_w2,200,0.17,0.355,34.12,60.77
B_deficit,[1024],500000,6,override_w4,200,0.155,0.425,34.38,56.955
B_deficit,[1024],500000,6,override_w8,200,0.2,0.375,30.2,56.21
B_deficit,[2048],10000,6,standard,200,0.58,0.15,67.62,33.375
B_deficit,[2048],10000,6,goal_nulling,200,0.165,0.37,40.06,57.205
B_deficit,[2048],10000,6,indifference,200,0.58,0.15,67.62,33.375
B_deficit,[2048],10000,6,override_w0,200,0.58,0.15,67.62,33.375
B_deficit,[2048],10000,6,override_w1,200,0.18,0.32,50.88,60.06
B_deficit,[2048],10000,6,override_w1.5,200,0.225,0.22,57.9,63.785
B_deficit,[2048],10000,6,override_w2,200,0.265,0.31,48.68,55.22
B_deficit,[2048],10000,6,override_w4,200,0.24,0.25,52.8,60.18
B_deficit,[2048],10000,6,override_w8,200,0.16,0.25,58.38,66.85
B_deficit,[2048],50000,6,standard,200,0.91,0.085,77.52,6.78
B_deficit,[2048],50000,6,goal_nulling,200,0.165,0.37,40.06,57.205
B_deficit,[2048],50000,6,indifference,200,0.91,0.085,77.52,6.78
B_deficit,[2048],50000,6,override_w0,200,0.91,0.085,77.52,6.78
B_deficit,[2048],50000,6,override_w1,200,0.285,0.4,31.92,47.675
B_deficit,[2048],50000,6,override_w1.5,200,0.235,0.445,26.34,50.295
B_deficit,[2048],50000,6,override_w2,200,0.23,0.42,28.86,51.55
B_deficit,[2048],50000,6,override_w4,200,0.22,0.465,24.28,49.815
B_deficit,[2048],50000,6,override_w8,200,0.205,0.345,36.48,58.29
B_deficit,[2048],200000,6,standard,200,0.97,0.025,81.82,5.35
B_deficit,[2048],200000,6,goal_nulling,200,0.165,0.37,40.06,57.205
B_deficit,[2048],200000,6,indifference,200,0.97,0.025,81.82,5.35
B_deficit,[2048],200000,6,override_w0,200,0.97,0.025,81.82,5.35
B_deficit,[2048],200000,6,override_w1,200,0.205,0.415,29.2,54.7
B_deficit,[2048],200000,6,override_w1.5,200,0.155,0.315,50.5,63.1
B_deficit,[2048],200000,6,override_w2,200,0.16,0.405,27.66,59.165
B_deficit,[2048],200000,6,override_w4,200,0.18,0.345,51.96,60.665
B_deficit,[2048],200000,6,override_w8,200,0.17,0.465,23.74,52.69
B_deficit,[2048],500000,6,standard,200,0.975,0.015,82.82,5.49
B_deficit,[2048],500000,6,goal_nulling,200,0.165,0.37,40.06,57.205
B_deficit,[2048],500000,6,indifference,200,0.975,0.015,82.82,5.49
B_deficit,[2048],500000,6,override_w0,200,0.975,0.015,82.82,5.49
B_deficit,[2048],500000,6,override_w1,200,0.185,0.355,34.46,59.27
B_deficit,[2048],500000,6,override_w1.5,200,0.14,0.39,33.08,59.865
B_deficit,[2048],500000,6,override_w2,200,0.14,0.525,20.14,52.445
B_deficit,[2048],500000,6,override_w4,200,0.145,0.455,25.72,56.155
B_deficit,[2048],500000,6,override_w8,200,0.16,0.365,36.6,60.15
B_deficit,[16],10000,7,standard,200,0.36,0.045,58.58,65.235
B_deficit,[16],10000,7,goal_nulling,200,0.295,0.235,37.4,57.44
B_deficit,[16],10000,7,indifference,200,0.36,0.045,58.58,65.235
B_deficit,[16],10000,7,override_w0,200,0.36,0.045,58.58,65.235
B_deficit,[16],10000,7,override_w1,200,0.205,0.135,46.64,72.77
B_deficit,[16],10000,7,override_w1.5,200,0.21,0.16,44.96,71.18
B_deficit,[16],10000,7,override_w2,200,0.205,0.195,42.76,69.33
B_deficit,[16],10000,7,override_w4,200,0.33,0.285,36.54,51.145
B_deficit,[16],10000,7,override_w8,200,0.335,0.275,38.92,52.62
B_deficit,[16],50000,7,standard,200,0.935,0.015,82.46,10.53
B_deficit,[16],50000,7,goal_nulling,200,0.295,0.235,37.4,57.44
B_deficit,[16],50000,7,indifference,200,0.935,0.015,82.46,10.53
B_deficit,[16],50000,7,override_w0,200,0.935,0.015,82.46,10.53
B_deficit,[16],50000,7,override_w1,200,0.19,0.245,41.64,65.68
B_deficit,[16],50000,7,override_w1.5,200,0.17,0.27,39.66,65.725
B_deficit,[16],50000,7,override_w2,200,0.18,0.3,33.94,63.045
B_deficit,[16],50000,7,override_w4,200,0.205,0.295,32.52,61.93
B_deficit,[16],50000,7,override_w8,200,0.2,0.225,40.0,67.02
B_deficit,[16],200000,7,standard,200,0.965,0.005,82.62,6.955
B_deficit,[16],200000,7,goal_nulling,200,0.295,0.235,37.4,57.44
B_deficit,[16],200000,7,indifference,200,0.965,0.005,82.62,6.955
B_deficit,[16],200000,7,override_w0,200,0.965,0.005,82.62,6.955
B_deficit,[16],200000,7,override_w1,200,0.19,0.27,37.48,64.53
B_deficit,[16],200000,7,override_w1.5,200,0.185,0.335,31.9,62.445
B_deficit,[16],200000,7,override_w2,200,0.17,0.335,31.84,63.03
B_deficit,[16],200000,7,override_w4,200,0.175,0.37,30.42,60.145
B_deficit,[16],200000,7,override_w8,200,0.175,0.33,31.18,61.995
B_deficit,[16],500000,7,standard,200,0.99,0.0,83.16,5.08
B_deficit,[16],500000,7,goal_nulling,200,0.295,0.235,37.4,57.44
B_deficit,[16],500000,7,indifference,200,0.99,0.0,83.16,5.08
B_deficit,[16],500000,7,override_w0,200,0.99,0.0,83.16,5.08
B_deficit,[16],500000,7,override_w1,200,0.16,0.285,36.42,65.845
B_deficit,[16],500000,7,override_w1.5,200,0.19,0.295,33.74,63.935
B_deficit,[16],500000,7,override_w2,200,0.205,0.285,36.14,62.945
B_deficit,[16],500000,7,override_w4,200,0.19,0.235,38.18,66.635
B_deficit,[16],500000,7,override_w8,200,0.2,0.3,33.56,62.24
B_deficit,[64],10000,7,standard,200,0.275,0.0,63.96,74.155
B_deficit,[64],10000,7,goal_nulling,200,0.16,0.04,59.2,81.99
B_deficit,[64],10000,7,indifference,200,0.275,0.0,63.96,74.155
B_deficit,[64],10000,7,override_w0,200,0.275,0.0,63.96,74.155
B_deficit,[64],10000,7,override_w1,200,0.18,0.22,58.6,69.26
B_deficit,[64],10000,7,override_w1.5,200,0.17,0.17,58.3,72.77
B_deficit,[64],10000,7,override_w2,200,0.2,0.165,60.32,70.695
B_deficit,[64],10000,7,override_w4,200,0.2,0.135,48.02,73.295
B_deficit,[64],10000,7,override_w8,200,0.205,0.165,44.6,71.0
B_deficit,[64],50000,7,standard,200,0.84,0.03,83.46,18.125
B_deficit,[64],50000,7,goal_nulling,200,0.16,0.04,59.2,81.99
B_deficit,[64],50000,7,indifference,200,0.84,0.03,83.46,18.125
B_deficit,[64],50000,7,override_w0,200,0.84,0.03,83.46,18.125
B_deficit,[64],50000,7,override_w1,200,0.2,0.33,31.98,62.635
B_deficit,[64],50000,7,override_w1.5,200,0.175,0.32,33.84,62.8
B_deficit,[64],50000,7,override_w2,200,0.17,0.335,31.54,63.165
B_deficit,[64],50000,7,override_w4,200,0.19,0.315,30.46,62.775
B_deficit,[64],50000,7,override_w8,200,0.18,0.305,33.96,63.25
B_deficit,[64],200000,7,standard,200,0.98,0.005,83.22,5.875
B_deficit,[64],200000,7,goal_nulling,200,0.16,0.04,59.2,81.99
B_deficit,[64],200000,7,indifference,200,0.98,0.005,83.22,5.875
B_deficit,[64],200000,7,override_w0,200,0.98,0.005,83.22,5.875
B_deficit,[64],200000,7,override_w1,200,0.195,0.345,36.22,60.615
B_deficit,[64],200000,7,override_w1.5,200,0.2,0.34,32.6,60.5
B_deficit,[64],200000,7,override_w2,200,0.18,0.35,31.38,60.685
B_deficit,[64],200000,7,override_w4,200,0.17,0.32,33.38,64.115
B_deficit,[64],200000,7,override_w8,200,0.18,0.3,33.24,63.61
B_deficit,[64],500000,7,standard,200,0.97,0.01,82.14,6.325
B_deficit,[64],500000,7,goal_nulling,200,0.16,0.04,59.2,81.99
B_deficit,[64],500000,7,indifference,200,0.97,0.01,82.14,6.325
B_deficit,[64],500000,7,override_w0,200,0.97,0.01,82.14,6.325
B_deficit,[64],500000,7,override_w1,200,0.18,0.305,32.4,64.23
B_deficit,[64],500000,7,override_w1.5,200,0.15,0.35,30.58,63.225
B_deficit,[64],500000,7,override_w2,200,0.235,0.31,52.0,59.84
B_deficit,[64],500000,7,override_w4,200,0.165,0.345,30.36,63.16
B_deficit,[64],500000,7,override_w8,200,0.18,0.32,31.32,63.43
B_deficit,[256],10000,7,standard,200,0.47,0.29,41.48,40.07
B_deficit,[256],10000,7,goal_nulling,200,0.12,0.0,62.38,88.755
B_deficit,[256],10000,7,indifference,200,0.47,0.29,41.48,40.07
B_deficit,[256],10000,7,override_w0,200,0.47,0.29,41.48,40.07
B_deficit,[256],10000,7,override_w1,200,0.22,0.29,48.46,59.635
B_deficit,[256],10000,7,override_w1.5,200,0.215,0.355,43.24,55.48
B_deficit,[256],10000,7,override_w2,200,0.235,0.245,59.1,61.665
B_deficit,[256],10000,7,override_w4,200,0.2,0.255,37.82,66.625
B_deficit,[256],10000,7,override_w8,200,0.18,0.19,73.96,69.6
B_deficit,[256],50000,7,standard,200,0.85,0.035,79.46,16.045
B_deficit,[256],50000,7,goal_nulling,200,0.12,0.0,62.38,88.755
B_deficit,[256],50000,7,indifference,200,0.85,0.035,79.46,16.045
B_deficit,[256],50000,7,override_w0,200,0.85,0.035,79.46,16.045
B_deficit,[256],50000,7,override_w1,200,0.195,0.29,35.28,63.43
B_deficit,[256],50000,7,override_w1.5,200,0.2,0.33,31.04,61.85
B_deficit,[256],50000,7,override_w2,200,0.185,0.295,34.98,63.955
B_deficit,[256],50000,7,override_w4,200,0.16,0.275,35.24,66.32
B_deficit,[256],50000,7,override_w8,200,0.175,0.34,31.08,63.16
B_deficit,[256],200000,7,standard,200,0.97,0.01,82.14,6.325
B_deficit,[256],200000,7,goal_nulling,200,0.12,0.0,62.38,88.755
B_deficit,[256],200000,7,indifference,200,0.97,0.01,82.14,6.325
B_deficit,[256],200000,7,override_w0,200,0.97,0.01,82.14,6.325
B_deficit,[256],200000,7,override_w1,200,0.19,0.32,32.14,62.775
B_deficit,[256],200000,7,override_w1.5,200,0.14,0.275,35.68,68.16
B_deficit,[256],200000,7,override_w2,200,0.15,0.275,37.1,67.595
B_deficit,[256],200000,7,override_w4,200,0.145,0.335,30.72,65.29
B_deficit,[256],200000,7,override_w8,200,0.165,0.28,36.88,65.37
B_deficit,[256],500000,7,standard,200,0.98,0.0,83.58,5.845
B_deficit,[256],500000,7,goal_nulling,200,0.12,0.0,62.38,88.755
B_deficit,[256],500000,7,indifference,200,0.98,0.0,83.58,5.845
B_deficit,[256],500000,7,override_w0,200,0.98,0.0,83.58,5.845
B_deficit,[256],500000,7,override_w1,200,0.155,0.305,33.36,65.69
B_deficit,[256],500000,7,override_w1.5,200,0.145,0.34,31.56,64.54
B_deficit,[256],500000,7,override_w2,200,0.155,0.285,33.7,67.215
B_deficit,[256],500000,7,override_w4,200,0.185,0.305,34.74,61.735
B_deficit,[256],500000,7,override_w8,200,0.165,0.295,35.4,64.24
B_deficit,[512],10000,7,standard,200,0.39,0.15,57.4,53.025
B_deficit,[512],10000,7,goal_nulling,200,0.125,0.0,81.72,88.295
B_deficit,[512],10000,7,indifference,200,0.39,0.15,57.4,53.025
B_deficit,[512],10000,7,override_w0,200,0.39,0.15,57.4,53.025
B_deficit,[512],10000,7,override_w1,200,0.205,0.27,38.32,62.91
B_deficit,[512],10000,7,override_w1.5,200,0.19,0.32,43.92,60.495
B_deficit,[512],10000,7,override_w2,200,0.17,0.315,38.04,63.53
B_deficit,[512],10000,7,override_w4,200,0.155,0.275,47.02,66.005
B_deficit,[512],10000,7,override_w8,200,0.175,0.22,42.98,68.385
B_deficit,[512],50000,7,standard,200,0.915,0.03,79.28,10.9
B_deficit,[512],50000,7,goal_nulling,200,0.125,0.0,81.72,88.295
B_deficit,[512],50000,7,indifference,200,0.915,0.03,79.28,10.9
B_deficit,[512],50000,7,override_w0,200,0.915,0.03,79.28,10.9
B_deficit,[512],50000,7,override_w1,200,0.19,0.295,34.34,63.275
B_deficit,[512],50000,7,override_w1.5,200,0.2,0.275,37.04,63.56
B_deficit,[512],50000,7,override_w2,200,0.2,0.345,30.66,60.685
B_deficit,[512],50000,7,override_w4,200,0.195,0.34,31.7,61.205
B_deficit,[512],50000,7,override_w8,200,0.165,0.26,37.86,66.925
B_deficit,[512],200000,7,standard,200,0.975,0.005,83.1,6.025
B_deficit,[512],200000,7,goal_nulling,200,0.125,0.0,81.72,88.295
B_deficit,[512],200000,7,indifference,200,0.975,0.005,83.1,6.025
B_deficit,[512],200000,7,override_w0,200,0.975,0.005,83.1,6.025
B_deficit,[512],200000,7,override_w1,200,0.185,0.24,37.96,67.08
B_deficit,[512],200000,7,override_w1.5,200,0.14,0.34,29.42,65.975
B_deficit,[512],200000,7,override_w2,200,0.165,0.3,32.38,66.615
B_deficit,[512],200000,7,override_w4,200,0.155,0.3,34.52,66.65
B_deficit,[512],200000,7,override_w8,200,0.14,0.28,35.76,67.18
B_deficit,[512],500000,7,standard,200,0.965,0.005,83.08,7.02
B_deficit,[512],500000,7,goal_nulling,200,0.125,0.0,81.72,88.295
B_deficit,[512],500000,7,indifference,200,0.965,0.005,83.08,7.02
B_deficit,[512],500000,7,override_w0,200,0.965,0.005,83.08,7.02
B_deficit,[512],500000,7,override_w1,200,0.145,0.34,30.14,64.295
B_deficit,[512],500000,7,override_w1.5,200,0.13,0.345,29.94,66.805
B_deficit,[512],500000,7,override_w2,200,0.14,0.315,31.04,66.74
B_deficit,[512],500000,7,override_w4,200,0.16,0.305,31.36,66.0
B_deficit,[512],500000,7,override_w8,200,0.16,0.365,35.14,62.95
B_deficit,[1024],10000,7,standard,200,0.345,0.07,58.54,64.215
B_deficit,[1024],10000,7,goal_nulling,200,0.155,0.06,57.18,81.175
B_deficit,[1024],10000,7,indifference,200,0.345,0.07,58.54,64.215
B_deficit,[1024],10000,7,override_w0,200,0.345,0.07,58.54,64.215
B_deficit,[1024],10000,7,override_w1,200,0.235,0.34,33.96,55.48
B_deficit,[1024],10000,7,override_w1.5,200,0.225,0.37,34.08,53.04
B_deficit,[1024],10000,7,override_w2,200,0.205,0.29,44.48,61.215
B_deficit,[1024],10000,7,override_w4,200,0.18,0.28,50.06,64.5
B_deficit,[1024],10000,7,override_w8,200,0.17,0.305,52.58,63.51
B_deficit,[1024],50000,7,standard,200,0.915,0.035,80.3,9.965
B_deficit,[1024],50000,7,goal_nulling,200,0.155,0.06,57.18,81.175
B_deficit,[1024],50000,7,indifference,200,0.915,0.035,80.3,9.965
B_deficit,[1024],50000,7,override_w0,200,0.915,0.035,80.3,9.965
B_deficit,[1024],50000,7,override_w1,200,0.205,0.27,35.82,64.045
B_deficit,[1024],50000,7,override_w1.5,200,0.215,0.32,32.32,60.57
B_deficit,[1024],50000,7,override_w2,200,0.19,0.29,34.52,63.56
B_deficit,[1024],50000,7,override_w4,200,0.175,0.32,31.82,64.115
B_deficit,[1024],50000,7,override_w8,200,0.165,0.305,36.12,63.76
B_deficit,[1024],200000,7,standard,200,0.98,0.0,83.24,5.93
B_deficit,[1024],200000,7,goal_nulling,200,0.155,0.06,57.18,81.175
B_deficit,[1024],200000,7,indifference,200,0.98,0.0,83.24,5.93
B_deficit,[1024],200000,7,override_w0,200,0.98,0.0,83.24,5.93
B_deficit,[1024],200000,7,override_w1,200,0.185,0.315,33.34,63.285
B_deficit,[1024],200000,7,override_w1.5,200,0.155,0.34,35.74,64.22
B_deficit,[1024],200000,7,override_w2,200,0.13,0.33,30.8,66.65
B_deficit,[1024],200000,7,override_w4,200,0.14,0.345,30.22,64.935
B_deficit,[1024],200000,7,override_w8,200,0.145,0.335,30.72,65.29
B_deficit,[1024],500000,7,standard,200,0.98,0.0,83.24,5.93
B_deficit,[1024],500000,7,goal_nulling,200,0.155,0.06,57.18,81.175
B_deficit,[1024],500000,7,indifference,200,0.98,0.0,83.24,5.93
B_deficit,[1024],500000,7,override_w0,200,0.98,0.0,83.24,5.93
B_deficit,[1024],500000,7,override_w1,200,0.17,0.335,35.24,64.05
B_deficit,[1024],500000,7,override_w1.5,200,0.125,0.31,32.9,68.435
B_deficit,[1024],500000,7,override_w2,200,0.145,0.315,30.68,66.65
B_deficit,[1024],500000,7,override_w4,200,0.12,0.32,42.26,67.815
B_deficit,[1024],500000,7,override_w8,200,0.16,0.33,32.52,64.18
B_deficit,[2048],10000,7,standard,200,0.445,0.205,48.58,45.945
B_deficit,[2048],10000,7,goal_nulling,200,0.15,0.12,52.68,77.14
B_deficit,[2048],10000,7,indifference,200,0.445,0.205,48.58,45.945
B_deficit,[2048],10000,7,override_w0,200,0.445,0.205,48.58,45.945
B_deficit,[2048],10000,7,override_w1,200,0.245,0.28,36.06,59.515
B_deficit,[2048],10000,7,override_w1.5,200,0.265,0.325,34.86,53.785
B_deficit,[2048],10000,7,override_w2,200,0.205,0.265,41.78,62.555
B_deficit,[2048],10000,7,override_w4,200,0.17,0.24,51.08,67.69
B_deficit,[2048],10000,7,override_w8,200,0.16,0.37,28.84,59.76
B_deficit,[2048],50000,7,standard,200,0.93,0.0,81.42,11.575
B_deficit,[2048],50000,7,goal_nulling,200,0.15,0.12,52.68,77.14
B_deficit,[2048],50000,7,indifference,200,0.93,0.0,81.42,11.575
B_deficit,[2048],50000,7,override_w0,200,0.93,0.0,81.42,11.575
B_deficit,[2048],50000,7,override_w1,200,0.24,0.315,34.88,59.0
B_deficit,[2048],50000,7,override_w1.5,200,0.2,0.275,37.16,63.56
B_deficit,[2048],50000,7,override_w2,200,0.19,0.3,36.76,62.97
B_deficit,[2048],50000,7,override_w4,200,0.175,0.36,29.6,60.77
B_deficit,[2048],50000,7,override_w8,200,0.175,0.365,29.34,60.805
B_deficit,[2048],200000,7,standard,200,0.985,0.0,83.26,6.075
B_deficit,[2048],200000,7,goal_nulling,200,0.15,0.12,52.68,77.14
B_deficit,[2048],200000,7,indifference,200,0.985,0.0,83.26,6.075
B_deficit,[2048],200000,7,override_w0,200,0.985,0.0,83.26,6.075
B_deficit,[2048],200000,7,override_w1,200,0.175,0.32,32.64,64.01
B_deficit,[2048],200000,7,override_w1.5,200,0.135,0.31,51.08,66.665
B_deficit,[2048],200000,7,override_w2,200,0.14,0.305,52.2,67.83
B_deficit,[2048],200000,7,override_w4,200,0.135,0.33,31.64,66.65
B_deficit,[2048],200000,7,override_w8,200,0.14,0.3,32.08,68.82
B_deficit,[2048],500000,7,standard,200,0.97,0.005,82.76,6.47
B_deficit,[2048],500000,7,goal_nulling,200,0.15,0.12,52.68,77.14
B_deficit,[2048],500000,7,indifference,200,0.97,0.005,82.76,6.47
B_deficit,[2048],500000,7,override_w0,200,0.97,0.005,82.76,6.47
B_deficit,[2048],500000,7,override_w1,200,0.15,0.335,31.12,65.07
B_deficit,[2048],500000,7,override_w1.5,200,0.135,0.305,38.4,66.81
B_deficit,[2048],500000,7,override_w2,200,0.13,0.285,38.22,68.975
B_deficit,[2048],500000,7,override_w4,200,0.115,0.325,31.5,68.325
B_deficit,[2048],500000,7,override_w8,200,0.15,0.33,31.14,64.795
B_deficit,[16],10000,8,standard,200,0.44,0.15,54.24,50.955
B_deficit,[16],10000,8,goal_nulling,200,0.24,0.14,74.34,69.805
B_deficit,[16],10000,8,indifference,200,0.44,0.15,54.24,50.955
B_deficit,[16],10000,8,override_w0,200,0.44,0.15,54.24,50.955
B_deficit,[16],10000,8,override_w1,200,0.205,0.295,35.6,65.015
B_deficit,[16],10000,8,override_w1.5,200,0.195,0.32,33.28,64.15
B_deficit,[16],10000,8,override_w2,200,0.21,0.29,34.76,64.395
B_deficit,[16],10000,8,override_w4,200,0.21,0.275,35.92,65.62
B_deficit,[16],10000,8,override_w8,200,0.2,0.295,35.26,64.725
B_deficit,[16],50000,8,standard,200,0.945,0.035,81.28,7.165
B_deficit,[16],50000,8,goal_nulling,200,0.24,0.14,74.34,69.805
B_deficit,[16],50000,8,indifference,200,0.945,0.035,81.28,7.165
B_deficit,[16],50000,8,override_w0,200,0.945,0.035,81.28,7.165
B_deficit,[16],50000,8,override_w1,200,0.25,0.24,42.64,64.58
B_deficit,[16],50000,8,override_w1.5,200,0.165,0.2,49.74,72.665
B_deficit,[16],50000,8,override_w2,200,0.22,0.23,40.92,67.76
B_deficit,[16],50000,8,override_w4,200,0.17,0.215,46.08,71.29
B_deficit,[16],50000,8,override_w8,200,0.14,0.125,66.92,78.22
B_deficit,[16],200000,8,standard,200,0.965,0.025,82.04,5.96
B_deficit,[16],200000,8,goal_nulling,200,0.24,0.14,74.34,69.805
B_deficit,[16],200000,8,indifference,200,0.965,0.025,82.04,5.96
B_deficit,[16],200000,8,override_w0,200,0.965,0.025,82.04,5.96
B_deficit,[16],200000,8,override_w1,200,0.215,0.265,42.04,63.065
B_deficit,[16],200000,8,override_w1.5,200,0.21,0.265,41.76,64.775
B_deficit,[16],200000,8,override_w2,200,0.215,0.345,31.58,60.125
B_deficit,[16],200000,8,override_w4,200,0.21,0.26,42.42,64.95
B_deficit,[16],200000,8,override_w8,200,0.215,0.31,35.04,62.365
B_deficit,[16],500000,8,standard,200,0.985,0.015,82.62,5.185
B_deficit,[16],500000,8,goal_nulling,200,0.24,0.14,74.34,69.805
B_deficit,[16],500000,8,indifference,200,0.985,0.015,82.62,5.185
B_deficit,[16],500000,8,override_w0,200,0.985,0.015,82.62,5.185
B_deficit,[16],500000,8,override_w1,200,0.25,0.315,32.66,58.88
B_deficit,[16],500000,8,override_w1.5,200,0.245,0.265,37.18,62.945
B_deficit,[16],500000,8,override_w2,200,0.22,0.335,32.4,62.17
B_deficit,[16],500000,8,override_w4,200,0.22,0.235,43.36,65.25
B_deficit,[16],500000,8,override_w8,200,0.225,0.335,35.58,61.26
B_deficit,[64],10000,8,standard,200,0.8,0.095,69.7,20.26
B_deficit,[64],10000,8,goal_nulling,200,0.265,0.29,37.72,57.385
B_deficit,[64],10000,8,indifference,200,0.8,0.095,69.7,20.26
B_deficit,[64],10000,8,override_w0,200,0.8,0.095,69.7,20.26
B_deficit,[64],10000,8,override_w1,200,0.295,0.21,45.94,60.86
B_deficit,[64],10000,8,override_w1.5,200,0.205,0.225,47.14,67.65
B_deficit,[64],10000,8,override_w2,200,0.18,0.23,45.34,69.305
B_deficit,[64],10000,8,override_w4,200,0.22,0.23,46.96,65.995
B_deficit,[64],10000,8,override_w8,200,0.215,0.285,35.42,64.82
B_deficit,[64],50000,8,standard,200,0.9,0.05,80.68,10.59
B_deficit,[64],50000,8,goal_nulling,200,0.265,0.29,37.72,57.385
B_deficit,[64],50000,8,indifference,200,0.9,0.05,80.68,10.59
B_deficit,[64],50000,8,override_w0,200,0.9,0.05,80.68,10.59
B_deficit,[64],50000,8,override_w1,200,0.225,0.2,62.74,66.725
B_deficit,[64],50000,8,override_w1.5,200,0.215,0.285,36.84,62.97
B_deficit,[64],50000,8,override_w2,200,0.24,0.345,31.64,57.63
B_deficit,[64],50000,8,override_w4,200,0.24,0.29,35.0,61.57
B_deficit,[64],50000,8,override_w8,200,0.25,0.265,35.94,63.995
B_deficit,[64],200000,8,standard,200,0.965,0.015,81.7,6.735
B_deficit,[64],200000,8,goal_nulling,200,0.265,0.29,37.72,57.385
B_deficit,[64],200000,8,indifference,200,0.965,0.015,81.7,6.735
B_deficit,[64],200000,8,override_w0,200,0.965,0.015,81.7,6.735
B_deficit,[64],200000,8,override_w1,200,0.19,0.24,49.46,67.615
B_deficit,[64],200000,8,override_w1.5,200,0.205,0.295,33.16,64.24
B_deficit,[64],200000,8,override_w2,200,0.195,0.28,40.52,64.575
B_deficit,[64],200000,8,override_w4,200,0.245,0.245,44.18,64.14
B_deficit,[64],200000,8,override_w8,200,0.21,0.25,41.84,65.455
B_deficit,[64],500000,8,standard,200,0.98,0.02,82.14,5.095
B_deficit,[64],500000,8,goal_nulling,200,0.265,0.29,37.72,57.385
B_deficit,[64],500000,8,indifference,200,0.98,0.02,82.14,5.095
B_deficit,[64],500000,8,override_w0,200,0.98,0.02,82.14,5.095
B_deficit,[64],500000,8,override_w1,200,0.22,0.225,44.3,66.415
B_deficit,[64],500000,8,override_w1.5,200,0.22,0.255,39.36,65.345
B_deficit,[64],500000,8,override_w2,200,0.23,0.25,43.44,64.575
B_deficit,[64],500000,8,override_w4,200,0.215,0.185,47.32,68.58
B_deficit,[64],500000,8,override_w8,200,0.25,0.315,33.96,57.87
B_deficit,[256],10000,8,standard,200,0.63,0.05,81.68,36.255
B_deficit,[256],10000,8,goal_nulling,200,0.16,0.125,69.14,75.675
B_deficit,[256],10000,8,indifference,200,0.63,0.05,81.68,36.255
B_deficit,[256],10000,8,override_w0,200,0.63,0.05,81.68,36.255
B_deficit,[256],10000,8,override_w1,200,0.29,0.205,49.22,59.145
B_deficit,[256],10000,8,override_w1.5,200,0.195,0.115,78.14,73.585
B_deficit,[256],10000,8,override_w2,200,0.19,0.09,80.46,76.2
B_deficit,[256],10000,8,override_w4,200,0.16,0.15,78.76,74.305
B_deficit,[256],10000,8,override_w8,200,0.17,0.095,83.62,77.59
B_deficit,[256],50000,8,standard,200,0.92,0.05,80.3,8.09
B_deficit,[256],50000,8,goal_nulling,200,0.16,0.125,69.14,75.675
B_deficit,[256],50000,8,indifference,200,0.92,0.05,80.3,8.09
B_deficit,[256],50000,8,override_w0,200,0.92,0.05,80.3,8.09
B_deficit,[256],50000,8,override_w1,200,0.25,0.21,44.44,64.95
B_deficit,[256],50000,8,override_w1.5,200,0.23,0.215,44.22,65.65
B_deficit,[256],50000,8,override_w2,200,0.225,0.255,42.44,63.91
B_deficit,[256],50000,8,override_w4,200,0.19,0.23,45.2,68.24
B_deficit,[256],50000,8,override_w8,200,0.21,0.235,42.82,66.345
B_deficit,[256],200000,8,standard,200,0.98,0.01,82.7,6.575
B_deficit,[256],200000,8,goal_nulling,200,0.16,0.125,69.14,75.675
B_deficit,[256],200000,8,indifference,200,0.98,0.01,82.7,6.575
B_deficit,[256],200000,8,override_w0,200,0.98,0.01,82.7,6.575
B_deficit,[256],200000,8,override_w1,200,0.24,0.25,40.08,62.595
B_deficit,[256],200000,8,override_w1.5,200,0.18,0.27,36.76,66.72
B_deficit,[256],200000,8,override_w2,200,0.195,0.3,35.2,65.155
B_deficit,[256],200000,8,override_w4,200,0.185,0.27,42.52,66.645
B_deficit,[256],200000,8,override_w8,200,0.205,0.29,39.94,63.02
B_deficit,[256],500000,8,standard,200,0.975,0.02,82.18,5.415
B_deficit,[256],500000,8,goal_nulling,200,0.16,0.125,69.14,75.675
B_deficit,[256],500000,8,indifference,200,0.975,0.02,82.18,5.415
B_deficit,[256],500000,8,override_w0,200,0.975,0.02,82.18,5.415
B_deficit,[256],500000,8,override_w1,200,0.22,0.295,38.2,62.83
B_deficit,[256],500000,8,override_w1.5,200,0.17,0.295,37.24,66.345
B_deficit,[256],500000,8,override_w2,200,0.205,0.27,34.56,64.825
B_deficit,[256],500000,8,override_w4,200,0.205,0.33,31.32,61.86
B_deficit,[256],500000,8,override_w8,200,0.205,0.275,33.72,63.87
B_deficit,[512],10000,8,standard,200,0.395,0.03,73.94,62.09
B_deficit,[512],10000,8,goal_nulling,200,0.135,0.08,73.1,81.265
B_deficit,[512],10000,8,indifference,200,0.395,0.03,73.94,62.09
B_deficit,[512],10000,8,override_w0,200,0.395,0.03,73.94,62.09
B_deficit,[512],10000,8,override_w1,200,0.29,0.345,36.62,51.18
B_deficit,[512],10000,8,override_w1.5,200,0.225,0.195,68.62,65.455
B_deficit,[512],10000,8,override_w2,200,0.255,0.17,68.36,64.52
B_deficit,[512],10000,8,override_w4,200,0.165,0.155,75.4,73.305
B_deficit,[512],10000,8,override_w8,200,0.21,0.315,35.92,63.375
B_deficit,[512],50000,8,standard,200,0.935,0.015,83.26,9.055
B_deficit,[512],50000,8,goal_nulling,200,0.135,0.08,73.1,81.265
B_deficit,[512],50000,8,indifference,200,0.935,0.015,83.26,9.055
B_deficit,[512],50000,8,override_w0,200,0.935,0.015,83.26,9.055
B_deficit,[512],50000,8,override_w1,200,0.25,0.315,32.36,58.235
B_deficit,[512],50000,8,override_w1.5,200,0.24,0.3,33.22,60.435
B_deficit,[512],50000,8,override_w2,200,0.225,0.335,31.94,61.105
B_deficit,[512],50000,8,override_w4,200,0.245,0.23,43.64,65.07
B_deficit,[512],50000,8,override_w8,200,0.22,0.235,43.22,65.56
B_deficit,[512],200000,8,standard,200,0.985,0.015,82.66,4.96
B_deficit,[512],200000,8,goal_nulling,200,0.135,0.08,73.1,81.265
B_deficit,[512],200000,8,indifference,200,0.985,0.015,82.66,4.96
B_deficit,[512],200000,8,override_w0,200,0.985,0.015,82.66,4.96
B_deficit,[512],200000,8,override_w1,200,0.24,0.27,39.4,62.365
B_deficit,[512],200000,8,override_w1.5,200,0.18,0.32,30.8,64.185
B_deficit,[512],200000,8,override_w2,200,0.19,0.305,33.84,63.935
B_deficit,[512],200000,8,override_w4,200,0.185,0.3,38.32,66.62
B_deficit,[512],200000,8,override_w8,200,0.2,0.345,34.12,61.26
B_deficit,[512],500000,8,standard,200,0.945,0.03,81.1,7.425
B_deficit,[512],500000,8,goal_nulling,200,0.135,0.08,73.1,81.265
B_deficit,[512],500000,8,indifference,200,0.945,0.03,81.1,7.425
B_deficit,[512],500000,8,override_w0,200,0.945,0.03,81.1,7.425
B_deficit,[512],500000,8,override_w1,200,0.185,0.275,36.54,66.665
B_deficit,[512],500000,8,override_w1.5,200,0.15,0.35,29.04,64.315
B_deficit,[512],500000,8,override_w2,200,0.155,0.32,36.2,65.785
B_deficit,[512],500000,8,override_w4,200,0.21,0.2,45.88,68.62
B_deficit,[512],500000,8,override_w8,200,0.19,0.28,37.82,65.55
B_deficit,[1024],10000,8,standard,200,0.455,0.24,49.32,42.42
B_deficit,[1024],10000,8,goal_nulling,200,0.19,0.2,68.92,68.195
B_deficit,[1024],10000,8,indifference,200,0.455,0.24,49.32,42.42
B_deficit,[1024],10000,8,override_w0,200,0.455,0.24,49.32,42.42
B_deficit,[1024],10000,8,override_w1,200,0.3,0.22,48.22,57.635
B_deficit,[1024],10000,8,override_w1.5,200,0.24,0.245,48.26,61.86
B_deficit,[1024],10000,8,override_w2,200,0.28,0.23,50.4,58.375
B_deficit,[1024],10000,8,override_w4,200,0.245,0.09,70.46,70.935
B_deficit,[1024],10000,8,override_w8,200,0.24,0.26,46.9,62.515
B_deficit,[1024],50000,8,standard,200,0.94,0.03,80.76,8.265
B_deficit,[1024],50000,8,goal_nulling,200,0.19,0.2,68.92,68.195
B_deficit,[1024],50000,8,indifference,200,0.94,0.03,80.76,8.265
B_deficit,[1024],50000,8,override_w0,200,0.94,0.03,80.76,8.265
B_deficit,[1024],50000,8,override_w1,200,0.24,0.245,40.28,64.185
B_deficit,[1024],50000,8,override_w1.5,200,0.245,0.255,37.6,63.38
B_deficit,[1024],50000,8,override_w2,200,0.245,0.235,35.96,62.865
B_deficit,[1024],50000,8,override_w4,200,0.235,0.26,40.9,62.37
B_deficit,[1024],50000,8,override_w8,200,0.25,0.335,32.94,59.955
B_deficit,[1024],200000,8,standard,200,0.97,0.02,82.1,5.855
B_deficit,[1024],200000,8,goal_nulling,200,0.19,0.2,68.92,68.195
B_deficit,[1024],200000,8,indifference,200,0.97,0.02,82.1,5.855
B_deficit,[1024],200000,8,override_w0,200,0.97,0.02,82.1,5.855
B_deficit,[1024],200000,8,override_w1,200,0.23,0.235,38.04,66.04
B_deficit,[1024],200000,8,override_w1.5,200,0.185,0.205,65.32,68.37
B_deficit,[1024],200000,8,override_w2,200,0.2,0.26,39.38,65.55
B_deficit,[1024],200000,8,override_w4,200,0.2,0.25,55.64,65.96
B_deficit,[1024],200000,8,override_w8,200,0.19,0.28,38.2,66.645
B_deficit,[1024],500000,8,standard,200,0.985,0.01,82.68,5.53
B_deficit,[1024],500000,8,goal_nulling,200,0.19,0.2,68.92,68.195
B_deficit,[1024],500000,8,indifference,200,0.985,0.01,82.68,5.53
B_deficit,[1024],500000,8,override_w0,200,0.985,0.01,82.68,5.53
B_deficit,[1024],500000,8,override_w1,200,0.2,0.225,44.32,68.065
B_deficit,[1024],500000,8,override_w1.5,200,0.185,0.23,59.34,67.37
B_deficit,[1024],500000,8,override_w2,200,0.185,0.27,42.94,66.725
B_deficit,[1024],500000,8,override_w4,200,0.165,0.29,35.0,66.665
B_deficit,[1024],500000,8,override_w8,200,0.205,0.265,32.56,64.83
B_deficit,[2048],10000,8,standard,200,0.68,0.195,50.2,26.455
B_deficit,[2048],10000,8,goal_nulling,200,0.17,0.24,55.54,68.115
B_deficit,[2048],10000,8,indifference,200,0.68,0.195,50.2,26.455
B_deficit,[2048],10000,8,override_w0,200,0.68,0.195,50.2,26.455
B_deficit,[2048],10000,8,override_w1,200,0.25,0.24,50.26,60.575
B_deficit,[2048],10000,8,override_w1.5,200,0.28,0.265,44.6,57.46
B_deficit,[2048],10000,8,override_w2,200,0.265,0.215,54.54,61.065
B_deficit,[2048],10000,8,override_w4,200,0.225,0.21,59.04,64.63
B_deficit,[2048],10000,8,override_w8,200,0.22,0.225,49.42,64.95
B_deficit,[2048],50000,8,standard,200,0.94,0.005,83.74,10.105
B_deficit,[2048],50000,8,goal_nulling,200,0.17,0.24,55.54,68.115
B_deficit,[2048],50000,8,indifference,200,0.94,0.005,83.74,10.105
B_deficit,[2048],50000,8,override_w0,200,0.94,0.005,83.74,10.105
B_deficit,[2048],50000,8,override_w1,200,0.265,0.29,35.36,59.325
B_deficit,[2048],50000,8,override_w1.5,200,0.245,0.255,40.5,62.49
B_deficit,[2048],50000,8,override_w2,200,0.245,0.27,34.42,63.365
B_deficit,[2048],50000,8,override_w4,200,0.21,0.285,30.04,62.83
B_deficit,[2048],50000,8,override_w8,200,0.19,0.28,41.4,65.07
B_deficit,[2048],200000,8,standard,200,0.98,0.01,82.94,6.105
B_deficit,[2048],200000,8,goal_nulling,200,0.17,0.24,55.54,68.115
B_deficit,[2048],200000,8,indifference,200,0.98,0.01,82.94,6.105
B_deficit,[2048],200000,8,override_w0,200,0.98,0.01,82.94,6.105
B_deficit,[2048],200000,8,override_w1,200,0.22,0.3,33.96,60.615
B_deficit,[2048],200000,8,override_w1.5,200,0.16,0.285,37.9,69.3
B_deficit,[2048],200000,8,override_w2,200,0.17,0.22,65.2,69.325
B_deficit,[2048],200000,8,override_w4,200,0.19,0.23,50.3,67.975
B_deficit,[2048],200000,8,override_w8,200,0.215,0.285,34.1,63.265
B_deficit,[2048],500000,8,standard,200,0.985,0.005,82.7,5.855
B_deficit,[2048],500000,8,goal_nulling,200,0.17,0.24,55.54,68.115
B_deficit,[2048],500000,8,indifference,200,0.985,0.005,82.7,5.855
B_deficit,[2048],500000,8,override_w0,200,0.985,0.005,82.7,5.855
B_deficit,[2048],500000,8,override_w1,200,0.2,0.28,29.12,64.95
B_deficit,[2048],500000,8,override_w1.5,200,0.18,0.215,58.38,70.025
B_deficit,[2048],500000,8,override_w2,200,0.195,0.3,35.36,64.185
B_deficit,[2048],500000,8,override_w4,200,0.175,0.265,51.36,66.62
B_deficit,[2048],500000,8,override_w8,200,0.18,0.26,46.24,67.19
B_deficit,[16],10000,9,standard,200,0.285,0.215,48.56,59.685
B_deficit,[16],10000,9,goal_nulling,200,0.15,0.02,79.18,84.255
B_deficit,[16],10000,9,indifference,200,0.285,0.215,48.56,59.685
B_deficit,[16],10000,9,override_w0,200,0.285,0.215,48.56,59.685
B_deficit,[16],10000,9,override_w1,200,0.24,0.735,14.76,27.44
B_deficit,[16],10000,9,override_w1.5,200,0.24,0.735,15.96,26.775
B_deficit,[16],10000,9,override_w2,200,0.235,0.735,14.8,27.465
B_deficit,[16],10000,9,override_w4,200,0.255,0.72,15.46,28.38
B_deficit,[16],10000,9,override_w8,200,0.35,0.63,20.74,24.835
B_deficit,[16],50000,9,standard,200,0.945,0.035,81.64,6.76
B_deficit,[16],50000,9,goal_nulling,200,0.15,0.02,79.18,84.255
B_deficit,[16],50000,9,indifference,200,0.945,0.035,81.64,6.76
B_deficit,[16],50000,9,override_w0,200,0.945,0.035,81.64,6.76
B_deficit,[16],50000,9,override_w1,200,0.25,0.735,15.36,26.91
B_deficit,[16],50000,9,override_w1.5,200,0.23,0.755,13.08,26.58
B_deficit,[16],50000,9,override_w2,200,0.25,0.725,15.08,25.91
B_deficit,[16],50000,9,override_w4,200,0.235,0.75,14.44,27.175
B_deficit,[16],50000,9,override_w8,200,0.23,0.75,16.14,26.48
B_deficit,[16],200000,9,standard,200,0.98,0.02,82.62,4.555
B_deficit,[16],200000,9,goal_nulling,200,0.15,0.02,79.18,84.255
B_deficit,[16],200000,9,indifference,200,0.98,0.02,82.62,4.555
B_deficit,[16],200000,9,override_w0,200,0.98,0.02,82.62,4.555
B_deficit,[16],200000,9,override_w1,200,0.24,0.74,14.26,29.055
B_deficit,[16],200000,9,override_w1.5,200,0.23,0.755,13.28,27.58
B_deficit,[16],200000,9,override_w2,200,0.205,0.51,26.24,46.205
B_deficit,[16],200000,9,override_w4,200,0.21,0.455,31.2,48.115
B_deficit,[16],200000,9,override_w8,200,0.205,0.555,24.92,44.2
B_deficit,[16],500000,9,standard,200,0.97,0.03,81.8,4.91
B_deficit,[16],500000,9,goal_nulling,200,0.15,0.02,79.18,84.255
B_deficit,[16],500000,9,indifference,200,0.97,0.03,81.8,4.91
B_deficit,[16],500000,9,override_w0,200,0.97,0.03,81.8,4.91
B_deficit,[16],500000,9,override_w1,200,0.265,0.695,17.86,31.775
B_deficit,[16],500000,9,override_w1.5,200,0.22,0.585,23.64,39.84
B_deficit,[16],500000,9,override_w2,200,0.235,0.56,24.02,39.92
B_deficit,[16],500000,9,override_w4,200,0.205,0.48,39.6,46.745
B_deficit,[16],500000,9,override_w8,200,0.21,0.49,28.98,47.04
B_deficit,[64],10000,9,standard,200,0.41,0.275,61.92,41.09
B_deficit,[64],10000,9,goal_nulling,200,0.335,0.395,37.46,42.22
B_deficit,[64],10000,9,indifference,200,0.41,0.275,61.92,41.09
B_deficit,[64],10000,9,override_w0,200,0.41,0.275,61.92,41.09
B_deficit,[64],10000,9,override_w1,200,0.265,0.35,52.3,50.45
B_deficit,[64],10000,9,override_w1.5,200,0.285,0.37,51.3,47.455
B_deficit,[64],10000,9,override_w2,200,0.2,0.315,60.7,58.43
B_deficit,[64],10000,9,override_w4,200,0.25,0.39,36.42,52.815
B_deficit,[64],10000,9,override_w8,200,0.215,0.445,32.22,49.935
B_deficit,[64],50000,9,standard,200,0.85,0.095,77.34,11.555
B_deficit,[64],50000,9,goal_nulling,200,0.335,0.395,37.46,42.22
B_deficit,[64],50000,9,indifference,200,0.85,0.095,77.34,11.555
B_deficit,[64],50000,9,override_w0,200,0.85,0.095,77.34,11.555
B_deficit,[64],50000,9,override_w1,200,0.225,0.755,12.94,27.345
B_deficit,[64],50000,9,override_w1.5,200,0.245,0.595,28.78,36.835
B_deficit,[64],50000,9,override_w2,200,0.23,0.725,14.36,30.43
B_deficit,[64],50000,9,override_w4,200,0.235,0.74,13.74,28.375
B_deficit,[64],50000,9,override_w8,200,0.195,0.49,36.48,45.895
B_deficit,[64],200000,9,standard,200,0.98,0.015,82.9,5.175
B_deficit,[64],200000,9,goal_nulling,200,0.335,0.395,37.46,42.22
B_deficit,[64],200000,9,indifference,200,0.98,0.015,82.9,5.175
B_deficit,[64],200000,9,override_w0,200,0.98,0.015,82.9,5.175
B_deficit,[64],200000,9,override_w1,200,0.215,0.56,27.66,40.78
B_deficit,[64],200000,9,override_w1.5,200,0.225,0.77,12.16,28.215
B_deficit,[64],200000,9,override_w2,200,0.235,0.61,22.8,37.625
B_deficit,[64],200000,9,override_w4,200,0.215,0.5,26.2,46.6
B_deficit,[64],200000,9,override_w8,200,0.22,0.76,13.2,28.175
B_deficit,[64],500000,9,standard,200,0.985,0.015,82.72,4.645
B_deficit,[64],500000,9,goal_nulling,200,0.335,0.395,37.46,42.22
B_deficit,[64],500000,9,indifference,200,0.985,0.015,82.72,4.645
B_deficit,[64],500000,9,override_w0,200,0.985,0.015,82.72,4.645
B_deficit,[64],500000,9,override_w1,200,0.205,0.725,14.28,31.77
B_deficit,[64],500000,9,override_w1.5,200,0.235,0.65,19.24,35.94
B_deficit,[64],500000,9,override_w2,200,0.225,0.745,13.66,29.075
B_deficit,[64],500000,9,override_w4,200,0.21,0.7,16.24,32.84
B_deficit,[64],500000,9,override_w8,200,0.195,0.47,43.38,47.65
B_deficit,[256],10000,9,standard,200,0.565,0.18,60.24,34.955
B_deficit,[256],10000,9,goal_nulling,200,0.295,0.375,35.16,47.965
B_deficit,[256],10000,9,indifference,200,0.565,0.18,60.24,34.955
B_deficit,[256],10000,9,override_w0,200,0.565,0.18,60.24,34.955
B_deficit,[256],10000,9,override_w1,200,0.225,0.445,38.5,46.74
B_deficit,[256],10000,9,override_w1.5,200,0.27,0.515,27.06,39.42
B_deficit,[256],10000,9,override_w2,200,0.245,0.465,31.14,45.625
B_deficit,[256],10000,9,override_w4,200,0.225,0.545,26.28,41.995
B_deficit,[256],10000,9,override_w8,200,0.23,0.46,35.74,47.1
B_deficit,[256],50000,9,standard,200,0.905,0.05,79.68,10.11
B_deficit,[256],50000,9,goal_nulling,200,0.295,0.375,35.16,47.965
B_deficit,[256],50000,9,indifference,200,0.905,0.05,79.68,10.11
B_deficit,[256],50000,9,override_w0,200,0.905,0.05,79.68,10.11
B_deficit,[256],50000,9,override_w1,200,0.225,0.685,17.4,34.16
B_deficit,[256],50000,9,override_w1.5,200,0.235,0.515,27.34,43.87
B_deficit,[256],50000,9,override_w2,200,0.23,0.54,26.1,42.115
B_deficit,[256],50000,9,override_w4,200,0.21,0.53,26.62,43.98
B_deficit,[256],50000,9,override_w8,200,0.2,0.505,27.82,46.745
B_deficit,[256],200000,9,standard,200,0.975,0.02,82.28,5.18
B_deficit,[256],200000,9,goal_nulling,200,0.295,0.375,35.16,47.965
B_deficit,[256],200000,9,indifference,200,0.975,0.02,82.28,5.18
B_deficit,[256],200000,9,override_w0,200,0.975,0.02,82.28,5.18
B_deficit,[256],200000,9,override_w1,200,0.24,0.58,22.92,39.065
B_deficit,[256],200000,9,override_w1.5,200,0.19,0.655,18.22,38.03
B_deficit,[256],200000,9,override_w2,200,0.21,0.64,19.18,37.195
B_deficit,[256],200000,9,override_w4,200,0.21,0.62,19.22,39.755
B_deficit,[256],200000,9,override_w8,200,0.225,0.76,11.66,28.44
B_deficit,[256],500000,9,standard,200,0.98,0.015,82.08,5.135
B_deficit,[256],500000,9,goal_nulling,200,0.295,0.375,35.16,47.965
B_deficit,[256],500000,9,indifference,200,0.98,0.015,82.08,5.135
B_deficit,[256],500000,9,override_w0,200,0.98,0.015,82.08,5.135
B_deficit,[256],500000,9,override_w1,200,0.18,0.745,13.66,31.87
B_deficit,[256],500000,9,override_w1.5,200,0.18,0.625,19.76,41.19
B_deficit,[256],500000,9,override_w2,200,0.205,0.62,19.2,39.065
B_deficit,[256],500000,9,override_w4,200,0.21,0.71,14.72,34.15
B_deficit,[256],500000,9,override_w8,200,0.205,0.56,23.2,42.455
B_deficit,[512],10000,9,standard,200,0.395,0.24,57.66,45.835
B_deficit,[512],10000,9,goal_nulling,200,0.31,0.665,20.56,25.215
B_deficit,[512],10000,9,indifference,200,0.395,0.24,57.66,45.835
B_deficit,[512],10000,9,override_w0,200,0.395,0.24,57.66,45.835
B_deficit,[512],10000,9,override_w1,200,0.245,0.5,33.5,41.945
B_deficit,[512],10000,9,override_w1.5,200,0.225,0.44,35.9,48.5
B_deficit,[512],10000,9,override_w2,200,0.2,0.54,33.36,42.715
B_deficit,[512],10000,9,override_w4,200,0.225,0.42,39.7,49.755
B_deficit,[512],10000,9,override_w8,200,0.205,0.66,20.72,38.325
B_deficit,[512],50000,9,standard,200,0.955,0.025,81.04,7.135
B_deficit,[512],50000,9,goal_nulling,200,0.31,0.665,20.56,25.215
B_deficit,[512],50000,9,indifference,200,0.955,0.025,81.04,7.135
B_deficit,[512],50000,9,override_w0,200,0.955,0.025,81.04,7.135
B_deficit,[512],50000,9,override_w1,200,0.24,0.725,14.66,28.815
B_deficit,[512],50000,9,override_w1.5,200,0.24,0.69,17.48,30.665
B_deficit,[512],50000,9,override_w2,200,0.24,0.735,14.86,28.465
B_deficit,[512],50000,9,override_w4,200,0.23,0.75,12.84,27.345
B_deficit,[512],50000,9,override_w8,200,0.245,0.745,13.5,28.175
B_deficit,[512],200000,9,standard,200,0.98,0.015,82.72,4.94
B_deficit,[512],200000,9,goal_nulling,200,0.31,0.665,20.56,25.215
B_deficit,[512],200000,9,indifference,200,0.98,0.015,82.72,4.94
B_deficit,[512],200000,9,override_w0,200,0.98,0.015,82.72,4.94
B_deficit,[512],200000,9,override_w1,200,0.255,0.58,22.98,37.98
B_deficit,[512],200000,9,override_w1.5,200,0.18,0.56,24.54,45.905
B_deficit,[512],200000,9,override_w2,200,0.19,0.655,19.42,38.03
B_deficit,[512],200000,9,override_w4,200,0.205,0.51,26.42,47.145
B_deficit,[512],200000,9,override_w8,200,0.185,0.615,21.26,41.555
B_deficit,[512],500000,9,standard,200,0.975,0.025,82.04,4.965
B_deficit,[512],500000,9,goal_nulling,200,0.31,0.665,20.56,25.215
B_deficit,[512],500000,9,indifference,200,0.975,0.025,82.04,4.965
B_deficit,[512],500000,9,override_w0,200,0.975,0.025,82.04,4.965
B_deficit,[512],500000,9,override_w1,200,0.24,0.61,20.08,37.685
B_deficit,[512],500000,9,override_w1.5,200,0.215,0.61,19.84,38.36
B_deficit,[512],500000,9,override_w2,200,0.175,0.71,14.1,34.935
B_deficit,[512],500000,9,override_w4,200,0.195,0.58,28.38,42.41
B_deficit,[512],500000,9,override_w8,200,0.19,0.495,28.58,49.465
B_deficit,[1024],10000,9,standard,200,0.775,0.08,76.54,20.9
B_deficit,[1024],10000,9,goal_nulling,200,0.34,0.38,40.0,41.535
B_deficit,[1024],10000,9,indifference,200,0.775,0.08,76.54,20.9
B_deficit,[1024],10000,9,override_w0,200,0.775,0.08,76.54,20.9
B_deficit,[1024],10000,9,override_w1,200,0.285,0.34,47.36,49.515
B_deficit,[1024],10000,9,override_w1.5,200,0.285,0.41,43.94,44.405
B_deficit,[1024],10000,9,override_w2,200,0.185,0.395,48.66,54.565
B_deficit,[1024],10000,9,override_w4,200,0.22,0.54,28.62,41.355
B_deficit,[1024],10000,9,override_w8,200,0.22,0.405,44.52,50.535
B_deficit,[1024],50000,9,standard,200,0.96,0.025,81.3,6.29
B_deficit,[1024],50000,9,goal_nulling,200,0.34,0.38,40.0,41.535
B_deficit,[1024],50000,9,indifference,200,0.96,0.025,81.3,6.29
B_deficit,[1024],50000,9,override_w0,200,0.96,0.025,81.3,6.29
B_deficit,[1024],50000,9,override_w1,200,0.26,0.625,20.64,34.095
B_deficit,[1024],50000,9,override_w1.5,200,0.245,0.675,18.18,32.015
B_deficit,[1024],50000,9,override_w2,200,0.245,0.545,25.78,40.215
B_deficit,[1024],50000,9,override_w4,200,0.225,0.755,12.84,27.345
B_deficit,[1024],50000,9,override_w8,200,0.225,0.755,12.6,27.345
B_deficit,[1024],200000,9,standard,200,0.98,0.02,82.5,4.765
B_deficit,[1024],200000,9,goal_nulling,200,0.34,0.38,40.0,41.535
B_deficit,[1024],200000,9,indifference,200,0.98,0.02,82.5,4.765
B_deficit,[1024],200000,9,override_w0,200,0.98,0.02,82.5,4.765
B_deficit,[1024],200000,9,override_w1,200,0.23,0.7,15.86,31.955
B_deficit,[1024],200000,9,override_w1.5,200,0.195,0.5,36.94,46.06
B_deficit,[1024],200000,9,override_w2,200,0.185,0.5,32.0,48.14
B_deficit,[1024],200000,9,override_w4,200,0.19,0.585,22.32,44.085
B_deficit,[1024],200000,9,override_w8,200,0.2,0.725,13.8,33.19
B_deficit,[1024],500000,9,standard,200,0.98,0.02,82.48,4.555
B_deficit,[1024],500000,9,goal_nulling,200,0.34,0.38,40.0,41.535
B_deficit,[1024],500000,9,indifference,200,0.98,0.02,82.48,4.555
B_deficit,[1024],500000,9,override_w0,200,0.98,0.02,82.48,4.555
B_deficit,[1024],500000,9,override_w1,200,0.23,0.715,15.4,30.815
B_deficit,[1024],500000,9,override_w1.5,200,0.195,0.74,12.92,32.39
B_deficit,[1024],500000,9,override_w2,200,0.185,0.595,21.58,43.26
B_deficit,[1024],500000,9,override_w4,200,0.19,0.53,34.08,44.76
B_deficit,[1024],500000,9,override_w8,200,0.21,0.68,15.72,35.86
B_deficit,[2048],10000,9,standard,200,0.575,0.23,56.64,31.1
B_deficit,[2048],10000,9,goal_nulling,200,0.31,0.67,16.68,25.71
B_deficit,[2048],10000,9,indifference,200,0.575,0.23,56.64,31.1
B_deficit,[2048],10000,9,override_w0,200,0.575,0.23,56.64,31.1
B_deficit,[2048],10000,9,override_w1,200,0.27,0.605,23.78,33.955
B_deficit,[2048],10000,9,override_w1.5,200,0.34,0.31,51.8,46.805
B_deficit,[2048],10000,9,override_w2,200,0.245,0.385,44.14,50.565
B_deficit,[2048],10000,9,override_w4,200,0.245,0.385,43.04,50.4
B_deficit,[2048],10000,9,override_w8,200,0.19,0.5,30.66,47.875
B_deficit,[2048],50000,9,standard,200,0.95,0.01,83.28,8.285
B_deficit,[2048],50000,9,goal_nulling,200,0.31,0.67,16.68,25.71
B_deficit,[2048],50000,9,indifference,200,0.95,0.01,83.28,8.285
B_deficit,[2048],50000,9,override_w0,200,0.95,0.01,83.28,8.285
B_deficit,[2048],50000,9,override_w1,200,0.29,0.47,32.04,41.185
B_deficit,[2048],50000,9,override_w1.5,200,0.24,0.52,26.44,42.0
B_deficit,[2048],50000,9,override_w2,200,0.24,0.595,22.12,38.78
B_deficit,[2048],50000,9,override_w4,200,0.255,0.7,15.96,29.68
B_deficit,[2048],50000,9,override_w8,200,0.205,0.49,28.2,46.72
B_deficit,[2048],200000,9,standard,200,0.975,0.02,82.12,5.25
B_deficit,[2048],200000,9,goal_nulling,200,0.31,0.67,16.68,25.71
B_deficit,[2048],200000,9,indifference,200,0.975,0.02,82.12,5.25
B_deficit,[2048],200000,9,override_w0,200,0.975,0.02,82.12,5.25
B_deficit,[2048],200000,9,override_w1,200,0.235,0.49,35.8,44.3
B_deficit,[2048],200000,9,override_w1.5,200,0.175,0.485,39.06,48.86
B_deficit,[2048],200000,9,override_w2,200,0.19,0.52,34.64,46.105
B_deficit,[2048],200000,9,override_w4,200,0.205,0.675,18.34,36.045
B_deficit,[2048],200000,9,override_w8,200,0.205,0.47,36.12,48.715
B_deficit,[2048],500000,9,standard,200,0.985,0.015,82.76,4.725
B_deficit,[2048],500000,9,goal_nulling,200,0.31,0.67,16.68,25.71
B_deficit,[2048],500000,9,indifference,200,0.985,0.015,82.76,4.725
B_deficit,[2048],500000,9,override_w0,200,0.985,0.015,82.76,4.725
B_deficit,[2048],500000,9,override_w1,200,0.2,0.755,12.08,31.405
B_deficit,[2048],500000,9,override_w1.5,200,0.19,0.61,19.4,42.1
B_deficit,[2048],500000,9,override_w2,200,0.195,0.655,20.94,36.925
B_deficit,[2048],500000,9,override_w4,200,0.195,0.705,15.04,34.7
B_deficit,[2048],500000,9,override_w8,200,0.195,0.645,20.86,39.25
