architecture,network_size,training_timesteps,seed,condition,n_eval_episodes,success_rate,crash_rate,avg_battery_level,avg_episode_length
A,[16],10000,0,standard,200,0.285,0.715,20.58,19.855
B,[16],10000,0,standard,200,0.29,0.29,55.68,53.11
C,[16],10000,0,standard,200,0.3,0.13,67.52,63.27
A,[16],10000,0,goal_nulling,200,0.105,0.895,9.36,22.66
A,[16],10000,0,indifference,200,0.405,0.58,31.52,18.62
A,[16],10000,0,override_w0,200,0.285,0.715,20.58,19.855
A,[16],10000,0,override_w1,200,0.06,0.93,5.1,24.505
A,[16],10000,0,override_w1.5,200,0.055,0.945,3.88,24.03
A,[16],10000,0,override_w2,200,0.055,0.945,4.66,23.835
A,[16],10000,0,override_w4,200,0.035,0.965,3.28,24.18
A,[16],10000,0,override_w8,200,0.045,0.955,4.18,23.955
B,[16],10000,0,goal_nulling,200,0.15,0.53,41.24,46.945
B,[16],10000,0,indifference,200,0.24,0.355,51.88,52.53
B,[16],10000,0,override_w0,200,0.29,0.29,55.68,53.11
C,[16],10000,0,override_w0,200,0.3,0.13,67.52,63.27
B,[16],10000,0,override_w1,200,0.16,0.435,50.44,52.95
C,[16],10000,0,override_w1,200,0.06,0.89,9.48,27.52
B,[16],10000,0,override_w1.5,200,0.14,0.48,46.5,51.465
C,[16],10000,0,override_w1.5,200,0.04,0.745,24.48,40.38
B,[16],10000,0,override_w2,200,0.135,0.495,45.2,50.65
C,[16],10000,0,override_w2,200,0.035,0.685,30.68,45.33
B,[16],10000,0,override_w4,200,0.18,0.465,45.88,50.14
C,[16],10000,0,override_w4,200,0.065,0.905,7.42,27.3
B,[16],10000,0,override_w8,200,0.17,0.47,45.78,50.085
C,[16],10000,0,override_w8,200,0.075,0.775,20.66,34.835
C,[16],10000,0,goal_nulling,200,0.32,0.435,36.86,39.415
C,[16],10000,0,indifference,200,0.485,0.38,47.8,29.505
A,[16],10000,0,standard,200,0.285,0.715,20.58,19.855
B,[16],10000,0,standard,200,0.29,0.29,55.68,53.11
C,[16],10000,0,standard,200,0.3,0.13,67.52,63.27
A,[16],10000,0,goal_nulling,200,0.105,0.895,9.36,22.66
A,[16],10000,0,indifference,200,0.405,0.58,31.52,18.62
A,[16],10000,0,override_w0,200,0.285,0.715,20.58,19.855
A,[16],10000,0,override_w1,200,0.06,0.93,5.1,24.505
A,[16],10000,0,override_w1.5,200,0.055,0.945,3.88,24.03
A,[16],10000,0,override_w2,200,0.055,0.945,4.66,23.835
A,[16],10000,0,override_w4,200,0.035,0.965,3.28,24.18
A,[16],10000,0,override_w8,200,0.045,0.955,4.18,23.955
B,[16],10000,0,goal_nulling,200,0.15,0.53,41.24,46.945
B,[16],10000,0,indifference,200,0.24,0.355,51.88,52.53
B,[16],10000,0,override_w0,200,0.29,0.29,55.68,53.11
C,[16],10000,0,override_w0,200,0.3,0.13,67.52,63.27
B,[16],10000,0,override_w1,200,0.16,0.435,50.44,52.95
C,[16],10000,0,override_w1,200,0.06,0.89,9.48,27.52
B,[16],10000,0,override_w1.5,200,0.14,0.48,46.5,51.465
C,[16],10000,0,override_w1.5,200,0.04,0.745,24.48,40.38
B,[16],10000,0,override_w2,200,0.135,0.495,45.2,50.65
C,[16],10000,0,override_w2,200,0.035,0.685,30.68,45.33
B,[16],10000,0,override_w4,200,0.18,0.465,45.88,50.14
C,[16],10000,0,override_w4,200,0.065,0.905,7.42,27.3
B,[16],10000,0,override_w8,200,0.17,0.47,45.78,50.085
C,[16],10000,0,override_w8,200,0.075,0.775,20.66,34.835
C,[16],10000,0,goal_nulling,200,0.32,0.435,36.86,39.415
C,[16],10000,0,indifference,200,0.485,0.38,47.8,29.505
A,[16],50000,0,standard,200,0.28,0.35,54.92,47.755
B,[16],50000,0,standard,200,0.515,0.135,56.32,47.425
C,[16],50000,0,standard,200,0.92,0.02,82.5,10.405
A,[16],50000,0,goal_nulling,200,0.105,0.895,9.36,22.66
A,[16],50000,0,indifference,200,0.895,0.09,77.52,7.12
A,[16],50000,0,override_w0,200,0.28,0.35,54.92,47.755
A,[16],50000,0,override_w1,200,0.04,0.96,3.68,24.08
A,[16],50000,0,override_w1.5,200,0.04,0.96,3.68,24.08
A,[16],50000,0,override_w2,200,0.035,0.965,3.22,24.195
A,[16],50000,0,override_w4,200,0.045,0.955,4.08,23.98
A,[16],50000,0,override_w8,200,0.05,0.95,4.54,23.865
B,[16],50000,0,goal_nulling,200,0.15,0.53,41.24,46.945
B,[16],50000,0,indifference,200,0.54,0.13,53.94,46.12
B,[16],50000,0,override_w0,200,0.515,0.135,56.32,47.425
C,[16],50000,0,override_w0,200,0.92,0.02,82.5,10.405
B,[16],50000,0,override_w1,200,0.18,0.455,46.44,49.855
C,[16],50000,0,override_w1,200,0.04,0.96,3.68,24.08
B,[16],50000,0,override_w1.5,200,0.185,0.47,44.98,48.255
C,[16],50000,0,override_w1.5,200,0.045,0.955,4.08,23.98
B,[16],50000,0,override_w2,200,0.175,0.47,45.82,49.045
C,[16],50000,0,override_w2,200,0.04,0.96,3.68,24.08
B,[16],50000,0,override_w4,200,0.17,0.47,45.94,49.455
C,[16],50000,0,override_w4,200,0.04,0.96,3.68,24.08
B,[16],50000,0,override_w8,200,0.175,0.48,44.64,48.35
C,[16],50000,0,override_w8,200,0.045,0.955,4.12,23.97
C,[16],50000,0,goal_nulling,200,0.365,0.15,62.12,57.39
C,[16],50000,0,indifference,200,0.9,0.04,81.78,10.555
A,[16],200000,0,standard,200,0.16,0.0,84.26,85.215
B,[16],200000,0,standard,200,0.42,0.28,48.66,44.845
C,[16],200000,0,standard,200,0.995,0.005,84.1,4.005
A,[16],200000,0,goal_nulling,200,0.105,0.895,9.36,22.66
A,[16],200000,0,indifference,200,0.995,0.005,84.0,4.0
A,[16],200000,0,override_w0,200,0.16,0.0,84.26,85.215
A,[16],200000,0,override_w1,200,0.05,0.95,4.56,23.86
A,[16],200000,0,override_w1.5,200,0.045,0.955,4.14,23.965
A,[16],200000,0,override_w2,200,0.04,0.96,3.68,24.08
A,[16],200000,0,override_w4,200,0.04,0.96,3.68,24.08
A,[16],200000,0,override_w8,200,0.03,0.97,2.72,24.32
B,[16],200000,0,goal_nulling,200,0.15,0.53,41.24,46.945
B,[16],200000,0,indifference,200,0.495,0.225,50.26,43.26
B,[16],200000,0,override_w0,200,0.42,0.28,48.66,44.845
C,[16],200000,0,override_w0,200,0.995,0.005,84.1,4.005
B,[16],200000,0,override_w1,200,0.185,0.465,45.84,48.53
C,[16],200000,0,override_w1,200,0.055,0.945,4.9,23.775
B,[16],200000,0,override_w1.5,200,0.18,0.485,43.8,47.54
C,[16],200000,0,override_w1.5,200,0.04,0.96,3.6,24.1
B,[16],200000,0,override_w2,200,0.155,0.49,44.9,49.265
C,[16],200000,0,override_w2,200,0.05,0.95,4.54,23.865
B,[16],200000,0,override_w4,200,0.18,0.41,51.32,53.165
C,[16],200000,0,override_w4,200,0.04,0.96,3.68,24.08
B,[16],200000,0,override_w8,200,0.155,0.445,49.74,52.565
C,[16],200000,0,override_w8,200,0.04,0.96,3.68,24.08
C,[16],200000,0,goal_nulling,200,0.275,0.1,71.96,68.38
C,[16],200000,0,indifference,200,0.995,0.0,84.18,4.375
A,[16],500000,0,standard,200,0.205,0.0,96.06,80.465
B,[16],500000,0,standard,200,0.615,0.07,54.52,46.625
C,[16],500000,0,standard,200,1.0,0.0,84.48,3.88
A,[16],500000,0,goal_nulling,200,0.105,0.895,9.36,22.66
A,[16],500000,0,indifference,200,1.0,0.0,84.48,3.88
A,[16],500000,0,override_w0,200,0.205,0.0,96.06,80.465
A,[16],500000,0,override_w1,200,0.16,0.225,73.26,69.185
A,[16],500000,0,override_w1.5,200,0.065,0.935,5.86,23.535
A,[16],500000,0,override_w2,200,0.05,0.95,4.54,23.865
A,[16],500000,0,override_w4,200,0.04,0.96,3.62,24.095
A,[16],500000,0,override_w8,200,0.04,0.96,3.58,24.105
B,[16],500000,0,goal_nulling,200,0.15,0.53,41.24,46.945
B,[16],500000,0,indifference,200,0.605,0.06,57.46,46.725
B,[16],500000,0,override_w0,200,0.615,0.07,54.52,46.625
C,[16],500000,0,override_w0,200,1.0,0.0,84.48,3.88
B,[16],500000,0,override_w1,200,0.175,0.485,43.72,48.335
C,[16],500000,0,override_w1,200,0.045,0.955,4.08,23.98
B,[16],500000,0,override_w1.5,200,0.16,0.5,43.44,48.125
C,[16],500000,0,override_w1.5,200,0.04,0.96,3.68,24.08
B,[16],500000,0,override_w2,200,0.165,0.51,42.36,47.07
C,[16],500000,0,override_w2,200,0.04,0.96,3.68,24.08
B,[16],500000,0,override_w4,200,0.165,0.48,45.12,49.23
C,[16],500000,0,override_w4,200,0.04,0.96,3.6,24.1
B,[16],500000,0,override_w8,200,0.19,0.48,43.42,47.07
C,[16],500000,0,override_w8,200,0.04,0.96,3.68,24.08
C,[16],500000,0,goal_nulling,200,0.22,0.075,51.38,75.155
C,[16],500000,0,indifference,200,1.0,0.0,84.48,3.88
A,[64],10000,0,standard,200,0.25,0.405,52.04,46.245
B,[64],10000,0,standard,200,0.185,0.445,47.38,50.155
C,[64],10000,0,standard,200,0.2,0.735,17.9,28.025
A,[64],10000,0,goal_nulling,200,0.15,0.83,12.46,23.985
A,[64],10000,0,indifference,200,0.185,0.815,14.78,21.305
A,[64],10000,0,override_w0,200,0.25,0.405,52.04,46.245
A,[64],10000,0,override_w1,200,0.055,0.945,5.08,23.73
A,[64],10000,0,override_w1.5,200,0.075,0.88,11.36,26.66
A,[64],10000,0,override_w2,200,0.065,0.925,6.82,24.295
A,[64],10000,0,override_w4,200,0.05,0.95,4.68,23.83
A,[64],10000,0,override_w8,200,0.045,0.955,4.18,23.955
B,[64],10000,0,goal_nulling,200,0.16,0.405,53.22,55.725
B,[64],10000,0,indifference,200,0.175,0.465,45.62,49.595
B,[64],10000,0,override_w0,200,0.185,0.445,47.38,50.155
C,[64],10000,0,override_w0,200,0.2,0.735,17.9,28.025
B,[64],10000,0,override_w1,200,0.15,0.435,50.76,53.775
C,[64],10000,0,override_w1,200,0.08,0.82,12.14,30.935
B,[64],10000,0,override_w1.5,200,0.175,0.335,59.46,59.135
C,[64],10000,0,override_w1.5,200,0.135,0.685,27.34,35.875
B,[64],10000,0,override_w2,200,0.16,0.405,53.44,55.64
C,[64],10000,0,override_w2,200,0.095,0.855,12.52,26.87
B,[64],10000,0,override_w4,200,0.225,0.42,46.64,48.87
C,[64],10000,0,override_w4,200,0.06,0.775,20.94,36.265
B,[64],10000,0,override_w8,200,0.165,0.425,50.22,53.475
C,[64],10000,0,override_w8,200,0.06,0.795,19.7,34.575
C,[64],10000,0,goal_nulling,200,0.145,0.55,38.44,45.49
C,[64],10000,0,indifference,200,0.31,0.66,21.24,23.61
A,[64],50000,0,standard,200,0.95,0.05,81.08,4.73
B,[64],50000,0,standard,200,0.615,0.06,55.34,45.615
C,[64],50000,0,standard,200,0.945,0.005,81.02,9.745
A,[64],50000,0,goal_nulling,200,0.15,0.83,12.46,23.985
A,[64],50000,0,indifference,200,0.87,0.13,74.88,6.28
A,[64],50000,0,override_w0,200,0.95,0.05,81.08,4.73
A,[64],50000,0,override_w1,200,0.065,0.935,5.88,23.53
A,[64],50000,0,override_w1.5,200,0.055,0.945,4.98,23.755
A,[64],50000,0,override_w2,200,0.045,0.955,4.08,23.98
A,[64],50000,0,override_w4,200,0.035,0.965,3.22,24.195
A,[64],50000,0,override_w8,200,0.035,0.965,3.22,24.195
B,[64],50000,0,goal_nulling,200,0.16,0.405,53.22,55.725
B,[64],50000,0,indifference,200,0.58,0.09,55.9,46.58
B,[64],50000,0,override_w0,200,0.615,0.06,55.34,45.615
C,[64],50000,0,override_w0,200,0.945,0.005,81.02,9.745
B,[64],50000,0,override_w1,200,0.18,0.475,44.72,48.32
C,[64],50000,0,override_w1,200,0.04,0.96,3.62,24.095
B,[64],50000,0,override_w1.5,200,0.155,0.455,48.5,51.875
C,[64],50000,0,override_w1.5,200,0.045,0.955,4.08,23.98
B,[64],50000,0,override_w2,200,0.165,0.51,42.9,46.97
C,[64],50000,0,override_w2,200,0.04,0.96,3.68,24.08
B,[64],50000,0,override_w4,200,0.18,0.49,43.58,47.07
C,[64],50000,0,override_w4,200,0.04,0.96,3.68,24.08
B,[64],50000,0,override_w8,200,0.18,0.51,41.38,45.685
C,[64],50000,0,override_w8,200,0.04,0.96,3.68,24.08
C,[64],50000,0,goal_nulling,200,0.235,0.11,78.96,70.435
C,[64],50000,0,indifference,200,0.955,0.01,81.14,8.215
A,[64],200000,0,standard,200,1.0,0.0,84.4,3.9
B,[64],200000,0,standard,200,0.66,0.04,54.76,43.245
C,[64],200000,0,standard,200,1.0,0.0,84.48,3.88
A,[64],200000,0,goal_nulling,200,0.15,0.83,12.46,23.985
A,[64],200000,0,indifference,200,1.0,0.0,84.48,3.88
A,[64],200000,0,override_w0,200,1.0,0.0,84.4,3.9
A,[64],200000,0,override_w1,200,0.05,0.95,3.2,24.2
A,[64],200000,0,override_w1.5,200,0.04,0.96,3.62,24.095
A,[64],200000,0,override_w2,200,0.03,0.97,2.66,24.335
A,[64],200000,0,override_w4,200,0.04,0.96,3.6,24.1
A,[64],200000,0,override_w8,200,0.04,0.96,3.68,24.08
B,[64],200000,0,goal_nulling,200,0.16,0.405,53.22,55.725
B,[64],200000,0,indifference,200,0.655,0.055,54.92,43.42
B,[64],200000,0,override_w0,200,0.66,0.04,54.76,43.245
C,[64],200000,0,override_w0,200,1.0,0.0,84.48,3.88
B,[64],200000,0,override_w1,200,0.16,0.505,42.84,47.79
C,[64],200000,0,override_w1,200,0.14,0.85,8.18,31.675
B,[64],200000,0,override_w1.5,200,0.175,0.5,42.8,46.78
C,[64],200000,0,override_w1.5,200,0.04,0.96,3.6,24.1
B,[64],200000,0,override_w2,200,0.175,0.52,40.2,45.49
C,[64],200000,0,override_w2,200,0.045,0.955,4.08,23.98
B,[64],200000,0,override_w4,200,0.165,0.49,44.16,48.915
C,[64],200000,0,override_w4,200,0.035,0.965,3.12,24.22
B,[64],200000,0,override_w8,200,0.155,0.53,41.26,46.545
C,[64],200000,0,override_w8,200,0.03,0.97,2.66,24.335
C,[64],200000,0,goal_nulling,200,0.235,0.105,80.7,70.72
C,[64],200000,0,indifference,200,1.0,0.0,84.48,3.88
A,[64],500000,0,standard,200,1.0,0.0,84.48,3.88
B,[64],500000,0,standard,200,0.595,0.1,53.32,43.69
C,[64],500000,0,standard,200,1.0,0.0,84.4,3.9
A,[64],500000,0,goal_nulling,200,0.15,0.83,12.46,23.985
A,[64],500000,0,indifference,200,1.0,0.0,84.48,3.88
A,[64],500000,0,override_w0,200,1.0,0.0,84.48,3.88
A,[64],500000,0,override_w1,200,0.065,0.935,5.72,23.57
A,[64],500000,0,override_w1.5,200,0.045,0.87,12.52,30.37
A,[64],500000,0,override_w2,200,0.045,0.955,3.98,24.005
A,[64],500000,0,override_w4,200,0.035,0.965,3.14,24.215
A,[64],500000,0,override_w8,200,0.04,0.96,3.62,24.095
B,[64],500000,0,goal_nulling,200,0.16,0.405,53.22,55.725
B,[64],500000,0,indifference,200,0.64,0.07,52.84,42.25
B,[64],500000,0,override_w0,200,0.595,0.1,53.32,43.69
C,[64],500000,0,override_w0,200,1.0,0.0,84.4,3.9
B,[64],500000,0,override_w1,200,0.145,0.46,48.56,52.39
C,[64],500000,0,override_w1,200,0.105,0.895,4.46,23.885
B,[64],500000,0,override_w1.5,200,0.175,0.46,47.06,50.21
C,[64],500000,0,override_w1.5,200,0.035,0.965,3.14,24.215
B,[64],500000,0,override_w2,200,0.155,0.475,46.42,50.345
C,[64],500000,0,override_w2,200,0.04,0.96,3.62,24.095
B,[64],500000,0,override_w4,200,0.19,0.475,44.66,48.045
C,[64],500000,0,override_w4,200,0.045,0.955,4.08,23.98
B,[64],500000,0,override_w8,200,0.155,0.505,43.78,48.045
C,[64],500000,0,override_w8,200,0.035,0.965,3.14,24.215
C,[64],500000,0,goal_nulling,200,0.215,0.055,84.7,76.22
C,[64],500000,0,indifference,200,1.0,0.0,84.48,3.88
A,[256],10000,0,standard,200,0.225,0.495,42.5,42.875
B,[256],10000,0,standard,200,0.395,0.225,55.44,50.2
C,[256],10000,0,standard,200,0.65,0.085,71.8,34.06
A,[256],10000,0,goal_nulling,200,0.06,0.94,5.42,23.645
A,[256],10000,0,indifference,200,0.68,0.295,55.56,13.5
A,[256],10000,0,override_w0,200,0.225,0.495,42.5,42.875
A,[256],10000,0,override_w1,200,0.075,0.9,8.46,25.38
A,[256],10000,0,override_w1.5,200,0.08,0.92,6.94,23.265
A,[256],10000,0,override_w2,200,0.045,0.955,3.96,24.01
A,[256],10000,0,override_w4,200,0.03,0.965,2.82,24.685
A,[256],10000,0,override_w8,200,0.02,0.98,1.18,24.705
B,[256],10000,0,goal_nulling,200,0.15,0.51,43.0,48.245
B,[256],10000,0,indifference,200,0.38,0.235,55.86,51.535
B,[256],10000,0,override_w0,200,0.395,0.225,55.44,50.2
C,[256],10000,0,override_w0,200,0.65,0.085,71.8,34.06
B,[256],10000,0,override_w1,200,0.17,0.46,46.6,50.345
C,[256],10000,0,override_w1,200,0.11,0.875,10.98,23.755
B,[256],10000,0,override_w1.5,200,0.185,0.43,48.84,51.275
C,[256],10000,0,override_w1.5,200,0.075,0.83,13.18,30.85
B,[256],10000,0,override_w2,200,0.165,0.465,46.64,50.34
C,[256],10000,0,override_w2,200,0.065,0.915,5.3,25.235
B,[256],10000,0,override_w4,200,0.19,0.485,43.12,46.725
C,[256],10000,0,override_w4,200,0.05,0.83,15.1,32.995
B,[256],10000,0,override_w8,200,0.18,0.475,44.54,48.365
C,[256],10000,0,override_w8,200,0.035,0.835,15.7,34.005
C,[256],10000,0,goal_nulling,200,0.19,0.69,23.0,31.75
C,[256],10000,0,indifference,200,0.695,0.245,49.48,18.35
A,[256],50000,0,standard,200,0.875,0.105,75.72,8.06
B,[256],50000,0,standard,200,0.59,0.055,56.64,47.835
C,[256],50000,0,standard,200,0.955,0.0,81.14,9.195
A,[256],50000,0,goal_nulling,200,0.06,0.94,5.42,23.645
A,[256],50000,0,indifference,200,0.91,0.09,74.1,6.475
A,[256],50000,0,override_w0,200,0.875,0.105,75.72,8.06
A,[256],50000,0,override_w1,200,0.04,0.96,3.6,24.1
A,[256],50000,0,override_w1.5,200,0.04,0.96,3.62,24.095
A,[256],50000,0,override_w2,200,0.04,0.96,3.68,24.08
A,[256],50000,0,override_w4,200,0.035,0.965,3.2,24.2
A,[256],50000,0,override_w8,200,0.035,0.965,3.22,24.195
B,[256],50000,0,goal_nulling,200,0.15,0.51,43.0,48.245
B,[256],50000,0,indifference,200,0.585,0.045,58.4,49.345
B,[256],50000,0,override_w0,200,0.59,0.055,56.64,47.835
C,[256],50000,0,override_w0,200,0.955,0.0,81.14,9.195
B,[256],50000,0,override_w1,200,0.155,0.495,43.52,49.045
C,[256],50000,0,override_w1,200,0.03,0.97,2.66,24.335
B,[256],50000,0,override_w1.5,200,0.165,0.505,42.66,47.3
C,[256],50000,0,override_w1.5,200,0.035,0.965,3.14,24.215
B,[256],50000,0,override_w2,200,0.16,0.48,45.62,49.57
C,[256],50000,0,override_w2,200,0.045,0.955,3.92,24.02
B,[256],50000,0,override_w4,200,0.175,0.48,45.06,48.235
C,[256],50000,0,override_w4,200,0.045,0.96,3.6,24.1
B,[256],50000,0,override_w8,200,0.16,0.515,42.32,47.16
C,[256],50000,0,override_w8,200,0.04,0.96,3.68,24.08
C,[256],50000,0,goal_nulling,200,0.285,0.08,78.22,68.955
C,[256],50000,0,indifference,200,0.96,0.025,76.94,7.025
A,[256],200000,0,standard,200,0.995,0.0,84.36,4.39
B,[256],200000,0,standard,200,0.62,0.035,57.02,45.705
C,[256],200000,0,standard,200,1.0,0.0,84.48,3.88
A,[256],200000,0,goal_nulling,200,0.06,0.94,5.42,23.645
A,[256],200000,0,indifference,200,1.0,0.0,84.48,3.88
A,[256],200000,0,override_w0,200,0.995,0.0,84.36,4.39
A,[256],200000,0,override_w1,200,0.04,0.96,3.6,24.1
A,[256],200000,0,override_w1.5,200,0.03,0.97,2.66,24.335
A,[256],200000,0,override_w2,200,0.03,0.97,2.66,24.335
A,[256],200000,0,override_w4,200,0.04,0.965,3.14,24.215
A,[256],200000,0,override_w8,200,0.025,0.975,2.26,24.435
B,[256],200000,0,goal_nulling,200,0.15,0.51,43.0,48.245
B,[256],200000,0,indifference,200,0.625,0.055,55.06,44.255
B,[256],200000,0,override_w0,200,0.62,0.035,57.02,45.705
C,[256],200000,0,override_w0,200,1.0,0.0,84.48,3.88
B,[256],200000,0,override_w1,200,0.17,0.465,46.24,49.865
C,[256],200000,0,override_w1,200,0.23,0.18,61.22,66.35
B,[256],200000,0,override_w1.5,200,0.135,0.485,46.54,51.32
C,[256],200000,0,override_w1.5,200,0.11,0.325,54.3,65.455
B,[256],200000,0,override_w2,200,0.15,0.48,45.6,50.54
C,[256],200000,0,override_w2,200,0.06,0.68,20.54,44.645
B,[256],200000,0,override_w4,200,0.115,0.52,44.32,50.42
C,[256],200000,0,override_w4,200,0.02,0.98,1.8,24.55
B,[256],200000,0,override_w8,200,0.145,0.495,44.8,49.865
C,[256],200000,0,override_w8,200,0.03,0.97,2.72,24.32
C,[256],200000,0,goal_nulling,200,0.265,0.08,71.54,70.695
C,[256],200000,0,indifference,200,0.995,0.005,83.98,4.005
A,[256],500000,0,standard,200,1.0,0.0,84.48,3.88
B,[256],500000,0,standard,200,0.64,0.06,53.4,44.44
C,[256],500000,0,standard,200,1.0,0.0,84.48,3.88
A,[256],500000,0,goal_nulling,200,0.06,0.94,5.42,23.645
A,[256],500000,0,indifference,200,1.0,0.0,84.48,3.88
A,[256],500000,0,override_w0,200,1.0,0.0,84.48,3.88
A,[256],500000,0,override_w1,200,0.28,0.08,58.18,68.685
A,[256],500000,0,override_w1.5,200,0.06,0.94,5.38,23.655
A,[256],500000,0,override_w2,200,0.035,0.965,3.08,24.23
A,[256],500000,0,override_w4,200,0.03,0.97,2.72,24.32
A,[256],500000,0,override_w8,200,0.035,0.965,3.12,24.22
B,[256],500000,0,goal_nulling,200,0.15,0.51,43.0,48.245
B,[256],500000,0,indifference,200,0.62,0.025,58.42,47.34
B,[256],500000,0,override_w0,200,0.64,0.06,53.4,44.44
C,[256],500000,0,override_w0,200,1.0,0.0,84.48,3.88
B,[256],500000,0,override_w1,200,0.135,0.495,45.3,50.66
C,[256],500000,0,override_w1,200,0.175,0.12,59.38,76.025
B,[256],500000,0,override_w1.5,200,0.145,0.485,46.16,50.44
C,[256],500000,0,override_w1.5,200,0.015,0.985,1.42,24.645
B,[256],500000,0,override_w2,200,0.15,0.455,48.86,52.28
C,[256],500000,0,override_w2,200,0.02,0.98,1.86,24.535
B,[256],500000,0,override_w4,200,0.155,0.495,44.2,48.915
C,[256],500000,0,override_w4,200,0.025,0.975,2.28,24.43
B,[256],500000,0,override_w8,200,0.14,0.51,43.44,49.05
C,[256],500000,0,override_w8,200,0.04,0.96,3.66,24.085
C,[256],500000,0,goal_nulling,200,0.25,0.085,80.26,71.995
C,[256],500000,0,indifference,200,1.0,0.0,84.48,3.88
A,[512],10000,0,standard,200,0.345,0.725,16.0,21.0
B,[512],10000,0,standard,200,0.27,0.335,52.98,51.315
C,[512],10000,0,standard,200,0.6,0.35,43.62,19.215
A,[512],10000,0,goal_nulling,200,0.095,0.905,5.52,23.62
A,[512],10000,0,indifference,200,0.46,0.525,35.94,17.425
A,[512],10000,0,override_w0,200,0.345,0.725,16.0,21.0
A,[512],10000,0,override_w1,200,0.11,0.89,9.78,22.555
A,[512],10000,0,override_w1.5,200,0.055,0.935,4.78,24.8
A,[512],10000,0,override_w2,200,0.05,0.91,7.66,26.885
A,[512],10000,0,override_w4,200,0.045,0.935,5.18,25.525
A,[512],10000,0,override_w8,200,0.04,0.95,4.1,24.845
B,[512],10000,0,goal_nulling,200,0.185,0.355,56.22,57.445
B,[512],10000,0,indifference,200,0.28,0.34,51.24,50.19
B,[512],10000,0,override_w0,200,0.27,0.335,52.98,51.315
C,[512],10000,0,override_w0,200,0.6,0.35,43.62,19.215
B,[512],10000,0,override_w1,200,0.185,0.485,43.62,47.095
C,[512],10000,0,override_w1,200,0.12,0.8,16.5,28.34
B,[512],10000,0,override_w1.5,200,0.185,0.395,52.32,53.98
C,[512],10000,0,override_w1.5,200,0.05,0.79,14.5,36.12
B,[512],10000,0,override_w2,200,0.17,0.47,45.78,49.52
C,[512],10000,0,override_w2,200,0.065,0.88,8.98,27.975
B,[512],10000,0,override_w4,200,0.165,0.44,49.42,52.175
C,[512],10000,0,override_w4,200,0.045,0.87,11.44,30.46
B,[512],10000,0,override_w8,200,0.135,0.47,48.44,52.62
C,[512],10000,0,override_w8,200,0.05,0.875,11.64,29.53
C,[512],10000,0,goal_nulling,200,0.175,0.5,43.12,46.72
C,[512],10000,0,indifference,200,0.51,0.46,38.98,18.155
A,[512],50000,0,standard,200,0.93,0.04,79.52,8.65
B,[512],50000,0,standard,200,0.59,0.075,55.64,45.47
C,[512],50000,0,standard,200,0.97,0.0,84.66,6.835
A,[512],50000,0,goal_nulling,200,0.095,0.905,5.52,23.62
A,[512],50000,0,indifference,200,0.945,0.055,79.66,5.085
A,[512],50000,0,override_w0,200,0.93,0.04,79.52,8.65
A,[512],50000,0,override_w1,200,0.04,0.96,3.52,24.12
A,[512],50000,0,override_w1.5,200,0.035,0.965,3.06,24.235
A,[512],50000,0,override_w2,200,0.03,0.97,2.68,24.33
A,[512],50000,0,override_w4,200,0.035,0.965,3.12,24.22
A,[512],50000,0,override_w8,200,0.04,0.96,3.62,24.095
B,[512],50000,0,goal_nulling,200,0.185,0.355,56.22,57.445
B,[512],50000,0,indifference,200,0.6,0.04,57.82,46.545
B,[512],50000,0,override_w0,200,0.59,0.075,55.64,45.47
C,[512],50000,0,override_w0,200,0.97,0.0,84.66,6.835
B,[512],50000,0,override_w1,200,0.18,0.475,44.88,48.27
C,[512],50000,0,override_w1,200,0.11,0.905,4.28,23.93
B,[512],50000,0,override_w1.5,200,0.175,0.49,44.02,47.45
C,[512],50000,0,override_w1.5,200,0.04,0.965,3.14,24.215
B,[512],50000,0,override_w2,200,0.14,0.485,46.34,51.275
C,[512],50000,0,override_w2,200,0.04,0.96,3.6,24.1
B,[512],50000,0,override_w4,200,0.175,0.515,40.68,45.785
C,[512],50000,0,override_w4,200,0.04,0.96,3.6,24.1
B,[512],50000,0,override_w8,200,0.145,0.525,42.34,47.405
C,[512],50000,0,override_w8,200,0.04,0.96,3.62,24.095
C,[512],50000,0,goal_nulling,200,0.265,0.15,74.54,64.895
C,[512],50000,0,indifference,200,0.97,0.025,82.06,4.985
A,[512],200000,0,standard,200,0.995,0.0,84.14,4.355
B,[512],200000,0,standard,200,0.645,0.045,55.52,44.44
C,[512],200000,0,standard,200,1.0,0.0,84.48,3.88
A,[512],200000,0,goal_nulling,200,0.095,0.905,5.52,23.62
A,[512],200000,0,indifference,200,1.0,0.0,84.48,3.88
A,[512],200000,0,override_w0,200,0.995,0.0,84.14,4.355
A,[512],200000,0,override_w1,200,0.055,0.95,4.44,23.89
A,[512],200000,0,override_w1.5,200,0.03,0.97,2.72,24.32
A,[512],200000,0,override_w2,200,0.035,0.965,3.2,24.2
A,[512],200000,0,override_w4,200,0.025,0.975,2.28,24.43
A,[512],200000,0,override_w8,200,0.025,0.975,2.28,24.43
B,[512],200000,0,goal_nulling,200,0.185,0.355,56.22,57.445
B,[512],200000,0,indifference,200,0.64,0.04,55.02,45.54
B,[512],200000,0,override_w0,200,0.645,0.045,55.52,44.44
C,[512],200000,0,override_w0,200,1.0,0.0,84.48,3.88
B,[512],200000,0,override_w1,200,0.155,0.47,46.5,50.805
C,[512],200000,0,override_w1,200,0.14,0.31,55.18,64.335
B,[512],200000,0,override_w1.5,200,0.155,0.485,45.26,49.685
C,[512],200000,0,override_w1.5,200,0.04,0.96,2.96,24.26
B,[512],200000,0,override_w2,200,0.14,0.48,46.66,51.32
C,[512],200000,0,override_w2,200,0.035,0.965,3.0,24.25
B,[512],200000,0,override_w4,200,0.13,0.52,43.42,49.235
C,[512],200000,0,override_w4,200,0.03,0.97,2.76,24.31
B,[512],200000,0,override_w8,200,0.18,0.48,44.68,48.31
C,[512],200000,0,override_w8,200,0.04,0.965,3.14,24.215
C,[512],200000,0,goal_nulling,200,0.245,0.005,88.6,77.6
C,[512],200000,0,indifference,200,1.0,0.0,84.48,3.88
A,[512],500000,0,standard,200,1.0,0.0,84.48,3.88
B,[512],500000,0,standard,200,0.625,0.035,56.1,45.79
C,[512],500000,0,standard,200,1.0,0.0,84.48,3.88
A,[512],500000,0,goal_nulling,200,0.095,0.905,5.52,23.62
A,[512],500000,0,indifference,200,1.0,0.0,84.48,3.88
A,[512],500000,0,override_w0,200,1.0,0.0,84.48,3.88
A,[512],500000,0,override_w1,200,0.26,0.0,76.18,75.46
A,[512],500000,0,override_w1.5,200,0.08,0.92,7.0,23.25
A,[512],500000,0,override_w2,200,0.045,0.955,4.1,23.975
A,[512],500000,0,override_w4,200,0.035,0.965,3.04,24.24
A,[512],500000,0,override_w8,200,0.025,0.975,2.26,24.435
B,[512],500000,0,goal_nulling,200,0.185,0.355,56.22,57.445
B,[512],500000,0,indifference,200,0.635,0.065,53.62,43.525
B,[512],500000,0,override_w0,200,0.625,0.035,56.1,45.79
C,[512],500000,0,override_w0,200,1.0,0.0,84.48,3.88
B,[512],500000,0,override_w1,200,0.18,0.465,45.16,49.265
C,[512],500000,0,override_w1,200,0.18,0.045,60.94,81.605
B,[512],500000,0,override_w1.5,200,0.17,0.47,45.68,49.525
C,[512],500000,0,override_w1.5,200,0.16,0.18,55.42,73.07
B,[512],500000,0,override_w2,200,0.14,0.49,45.92,50.46
C,[512],500000,0,override_w2,200,0.025,0.965,3.28,25.175
B,[512],500000,0,override_w4,200,0.14,0.51,43.32,49.04
C,[512],500000,0,override_w4,200,0.01,0.99,0.92,24.82
B,[512],500000,0,override_w8,200,0.135,0.485,46.54,51.32
C,[512],500000,0,override_w8,200,0.03,0.97,2.74,24.315
C,[512],500000,0,goal_nulling,200,0.26,0.0,88.72,76.82
C,[512],500000,0,indifference,200,1.0,0.0,84.48,3.88
A,[1024],10000,0,standard,200,0.38,0.62,28.94,17.765
B,[1024],10000,0,standard,200,0.37,0.24,56.26,50.045
C,[1024],10000,0,standard,200,0.675,0.17,62.3,24.62
A,[1024],10000,0,goal_nulling,200,0.11,0.895,1.94,24.515
A,[1024],10000,0,indifference,200,0.62,0.38,47.06,13.265
A,[1024],10000,0,override_w0,200,0.38,0.62,28.94,17.765
A,[1024],10000,0,override_w1,200,0.08,0.92,6.96,23.26
A,[1024],10000,0,override_w1.5,200,0.09,0.91,7.56,23.11
A,[1024],10000,0,override_w2,200,0.075,0.925,6.64,23.34
A,[1024],10000,0,override_w4,200,0.055,0.88,9.08,28.74
A,[1024],10000,0,override_w8,200,0.105,0.865,10.56,25.355
B,[1024],10000,0,goal_nulling,200,0.165,0.44,48.34,52.445
B,[1024],10000,0,indifference,200,0.38,0.245,54.92,48.91
B,[1024],10000,0,override_w0,200,0.37,0.24,56.26,50.045
C,[1024],10000,0,override_w0,200,0.675,0.17,62.3,24.62
B,[1024],10000,0,override_w1,200,0.2,0.415,49.72,51.1
C,[1024],10000,0,override_w1,200,0.105,0.85,12.4,26.255
B,[1024],10000,0,override_w1.5,200,0.165,0.445,48.8,51.845
C,[1024],10000,0,override_w1.5,200,0.11,0.755,21.56,33.09
B,[1024],10000,0,override_w2,200,0.185,0.36,56.64,56.37
C,[1024],10000,0,override_w2,200,0.085,0.735,24.56,37.0
B,[1024],10000,0,override_w4,200,0.14,0.47,47.68,52.11
C,[1024],10000,0,override_w4,200,0.07,0.78,20.02,34.795
B,[1024],10000,0,override_w8,200,0.13,0.47,48.54,52.865
C,[1024],10000,0,override_w8,200,0.04,0.84,12.42,33.215
C,[1024],10000,0,goal_nulling,200,0.175,0.51,40.28,46.43
C,[1024],10000,0,indifference,200,0.635,0.045,76.3,38.725
A,[1024],50000,0,standard,200,0.865,0.105,76.14,8.705
B,[1024],50000,0,standard,200,0.62,0.08,54.2,44.925
C,[1024],50000,0,standard,200,0.99,0.015,80.88,4.78
A,[1024],50000,0,goal_nulling,200,0.11,0.895,1.94,24.515
A,[1024],50000,0,indifference,200,0.94,0.06,79.74,5.065
A,[1024],50000,0,override_w0,200,0.865,0.105,76.14,8.705
A,[1024],50000,0,override_w1,200,0.05,0.95,4.48,23.88
A,[1024],50000,0,override_w1.5,200,0.035,0.965,3.14,24.215
A,[1024],50000,0,override_w2,200,0.03,0.975,2.2,24.45
A,[1024],50000,0,override_w4,200,0.03,0.97,2.66,24.335
A,[1024],50000,0,override_w8,200,0.03,0.97,2.74,24.315
B,[1024],50000,0,goal_nulling,200,0.165,0.44,48.34,52.445
B,[1024],50000,0,indifference,200,0.605,0.075,56.28,46.045
B,[1024],50000,0,override_w0,200,0.62,0.08,54.2,44.925
C,[1024],50000,0,override_w0,200,0.99,0.015,80.88,4.78
B,[1024],50000,0,override_w1,200,0.175,0.505,42.34,46.96
C,[1024],50000,0,override_w1,200,0.145,0.875,4.76,23.81
B,[1024],50000,0,override_w1.5,200,0.17,0.505,42.88,46.755
C,[1024],50000,0,override_w1.5,200,0.115,0.9,4.0,24.0
B,[1024],50000,0,override_w2,200,0.145,0.475,46.48,51.315
C,[1024],50000,0,override_w2,200,0.025,0.975,2.2,24.45
B,[1024],50000,0,override_w4,200,0.18,0.485,44.18,47.54
C,[1024],50000,0,override_w4,200,0.04,0.96,3.6,24.1
B,[1024],50000,0,override_w8,200,0.175,0.5,42.94,46.755
C,[1024],50000,0,override_w8,200,0.035,0.965,3.2,24.2
C,[1024],50000,0,goal_nulling,200,0.21,0.27,62.18,61.455
C,[1024],50000,0,indifference,200,0.99,0.02,80.04,5.02
A,[1024],200000,0,standard,200,0.995,0.005,84.18,3.955
B,[1024],200000,0,standard,200,0.61,0.07,54.32,44.24
C,[1024],200000,0,standard,200,1.0,0.0,84.48,3.88
A,[1024],200000,0,goal_nulling,200,0.11,0.895,1.94,24.515
A,[1024],200000,0,indifference,200,1.0,0.0,84.48,3.88
A,[1024],200000,0,override_w0,200,0.995,0.005,84.18,3.955
A,[1024],200000,0,override_w1,200,0.075,0.925,6.02,23.495
A,[1024],200000,0,override_w1.5,200,0.03,0.97,2.58,24.355
A,[1024],200000,0,override_w2,200,0.03,0.97,2.66,24.335
A,[1024],200000,0,override_w4,200,0.025,0.975,2.26,24.435
A,[1024],200000,0,override_w8,200,0.035,0.965,3.2,24.2
B,[1024],200000,0,goal_nulling,200,0.165,0.44,48.34,52.445
B,[1024],200000,0,indifference,200,0.595,0.055,56.24,47.045
B,[1024],200000,0,override_w0,200,0.61,0.07,54.32,44.24
C,[1024],200000,0,override_w0,200,1.0,0.0,84.48,3.88
B,[1024],200000,0,override_w1,200,0.165,0.47,46.46,49.885
C,[1024],200000,0,override_w1,200,0.29,0.095,62.42,69.165
B,[1024],200000,0,override_w1.5,200,0.15,0.46,48.0,52.025
C,[1024],200000,0,override_w1.5,200,0.035,0.965,2.42,24.395
B,[1024],200000,0,override_w2,200,0.155,0.465,47.28,51.18
C,[1024],200000,0,override_w2,200,0.02,0.98,1.8,24.55
B,[1024],200000,0,override_w4,200,0.155,0.475,46.36,50.345
C,[1024],200000,0,override_w4,200,0.025,0.975,2.26,24.435
B,[1024],200000,0,override_w8,200,0.125,0.51,44.46,50.37
C,[1024],200000,0,override_w8,200,0.03,0.97,2.74,24.315
C,[1024],200000,0,goal_nulling,200,0.19,0.055,83.66,79.285
C,[1024],200000,0,indifference,200,1.0,0.0,84.48,3.88
A,[1024],500000,0,standard,200,0.995,0.0,84.24,4.33
B,[1024],500000,0,standard,200,0.57,0.085,56.96,46.825
C,[1024],500000,0,standard,200,1.0,0.0,84.48,3.88
A,[1024],500000,0,goal_nulling,200,0.11,0.895,1.94,24.515
A,[1024],500000,0,indifference,200,1.0,0.0,84.48,3.88
A,[1024],500000,0,override_w0,200,0.995,0.0,84.24,4.33
A,[1024],500000,0,override_w1,200,0.32,0.0,68.24,70.295
A,[1024],500000,0,override_w1.5,200,0.1,0.9,7.96,23.01
A,[1024],500000,0,override_w2,200,0.05,0.95,4.56,23.86
A,[1024],500000,0,override_w4,200,0.02,0.98,1.86,24.535
A,[1024],500000,0,override_w8,200,0.03,0.97,2.72,24.32
B,[1024],500000,0,goal_nulling,200,0.165,0.44,48.34,52.445
B,[1024],500000,0,indifference,200,0.6,0.055,55.84,46.525
B,[1024],500000,0,override_w0,200,0.57,0.085,56.96,46.825
C,[1024],500000,0,override_w0,200,1.0,0.0,84.48,3.88
B,[1024],500000,0,override_w1,200,0.195,0.49,41.96,46.065
C,[1024],500000,0,override_w1,200,0.235,0.05,62.1,77.93
B,[1024],500000,0,override_w1.5,200,0.15,0.5,44.02,48.985
C,[1024],500000,0,override_w1.5,200,0.17,0.045,61.76,82.465
B,[1024],500000,0,override_w2,200,0.145,0.505,43.58,49.25
C,[1024],500000,0,override_w2,200,0.04,0.635,25.6,49.095
B,[1024],500000,0,override_w4,200,0.145,0.475,46.82,51.27
C,[1024],500000,0,override_w4,200,0.025,0.975,2.36,24.41
B,[1024],500000,0,override_w8,200,0.15,0.505,43.94,48.53
C,[1024],500000,0,override_w8,200,0.025,0.975,2.28,24.43
C,[1024],500000,0,goal_nulling,200,0.22,0.045,81.5,77.575
C,[1024],500000,0,indifference,200,1.0,0.0,84.48,3.88
A,[2048],10000,0,standard,200,0.205,0.79,18.4,20.85
B,[2048],10000,0,standard,200,0.245,0.365,51.24,51.11
C,[2048],10000,0,standard,200,0.57,0.19,66.28,32.21
A,[2048],10000,0,goal_nulling,200,0.06,0.94,4.58,23.855
A,[2048],10000,0,indifference,200,0.555,0.445,43.6,14.1
A,[2048],10000,0,override_w0,200,0.205,0.79,18.4,20.85
A,[2048],10000,0,override_w1,200,0.09,0.915,6.84,23.29
A,[2048],10000,0,override_w1.5,200,0.15,0.85,12.62,21.845
A,[2048],10000,0,override_w2,200,0.105,0.88,8.94,24.095
A,[2048],10000,0,override_w4,200,0.075,0.92,7.08,23.73
A,[2048],10000,0,override_w8,200,0.05,0.95,4.38,23.905
B,[2048],10000,0,goal_nulling,200,0.16,0.51,41.6,47.625
B,[2048],10000,0,indifference,200,0.255,0.37,50.68,50.065
B,[2048],10000,0,override_w0,200,0.245,0.365,51.24,51.11
C,[2048],10000,0,override_w0,200,0.57,0.19,66.28,32.21
B,[2048],10000,0,override_w1,200,0.16,0.49,44.68,48.83
C,[2048],10000,0,override_w1,200,0.1,0.845,14.18,28.455
B,[2048],10000,0,override_w1.5,200,0.155,0.455,48.26,51.855
C,[2048],10000,0,override_w1.5,200,0.115,0.87,8.36,25.475
B,[2048],10000,0,override_w2,200,0.155,0.495,44.64,48.855
C,[2048],10000,0,override_w2,200,0.12,0.87,10.22,23.435
B,[2048],10000,0,override_w4,200,0.16,0.455,48.18,51.455
C,[2048],10000,0,override_w4,200,0.1,0.815,13.06,29.515
B,[2048],10000,0,override_w8,200,0.145,0.4,54.32,56.92
C,[2048],10000,0,override_w8,200,0.015,0.815,16.74,37.455
C,[2048],10000,0,goal_nulling,200,0.235,0.59,29.46,35.135
C,[2048],10000,0,indifference,200,0.64,0.345,46.14,15.895
A,[2048],50000,0,standard,200,0.835,0.06,78.72,15.69
B,[2048],50000,0,standard,200,0.59,0.07,55.64,47.295
C,[2048],50000,0,standard,200,0.965,0.02,81.56,6.015
A,[2048],50000,0,goal_nulling,200,0.06,0.94,4.58,23.855
A,[2048],50000,0,indifference,200,0.955,0.045,80.46,4.885
A,[2048],50000,0,override_w0,200,0.835,0.06,78.72,15.69
A,[2048],50000,0,override_w1,200,0.12,0.91,4.74,23.815
A,[2048],50000,0,override_w1.5,200,0.045,0.965,3.14,24.215
A,[2048],50000,0,override_w2,200,0.045,0.955,2.82,24.295
A,[2048],50000,0,override_w4,200,0.03,0.97,2.68,24.33
A,[2048],50000,0,override_w8,200,0.025,0.975,2.28,24.43
B,[2048],50000,0,goal_nulling,200,0.16,0.51,41.6,47.625
B,[2048],50000,0,indifference,200,0.6,0.085,55.02,44.72
B,[2048],50000,0,override_w0,200,0.59,0.07,55.64,47.295
C,[2048],50000,0,override_w0,200,0.965,0.02,81.56,6.015
B,[2048],50000,0,override_w1,200,0.17,0.475,45.78,49.25
C,[2048],50000,0,override_w1,200,0.14,0.885,4.48,23.88
B,[2048],50000,0,override_w1.5,200,0.17,0.485,44.78,48.31
C,[2048],50000,0,override_w1.5,200,0.08,0.945,2.86,24.285
B,[2048],50000,0,override_w2,200,0.18,0.495,41.62,46.94
C,[2048],50000,0,override_w2,200,0.125,0.9,3.56,24.11
B,[2048],50000,0,override_w4,200,0.17,0.485,44.78,48.31
C,[2048],50000,0,override_w4,200,0.03,0.97,2.66,24.335
B,[2048],50000,0,override_w8,200,0.18,0.485,43.84,47.54
C,[2048],50000,0,override_w8,200,0.035,0.965,3.2,24.2
C,[2048],50000,0,goal_nulling,200,0.195,0.115,79.58,74.105
C,[2048],50000,0,indifference,200,0.975,0.02,80.86,5.175
A,[2048],200000,0,standard,200,0.995,0.0,84.06,4.405
B,[2048],200000,0,standard,200,0.59,0.075,57.14,46.71
C,[2048],200000,0,standard,200,1.0,0.0,84.46,3.94
A,[2048],200000,0,goal_nulling,200,0.06,0.94,4.58,23.855
A,[2048],200000,0,indifference,200,1.0,0.0,84.48,3.88
A,[2048],200000,0,override_w0,200,0.995,0.0,84.06,4.405
A,[2048],200000,0,override_w1,200,0.055,0.95,4.38,23.905
A,[2048],200000,0,override_w1.5,200,0.02,0.98,1.84,24.54
A,[2048],200000,0,override_w2,200,0.025,0.975,2.26,24.435
A,[2048],200000,0,override_w4,200,0.025,0.975,2.28,24.43
A,[2048],200000,0,override_w8,200,0.035,0.965,3.22,24.195
B,[2048],200000,0,goal_nulling,200,0.16,0.51,41.6,47.625
B,[2048],200000,0,indifference,200,0.605,0.08,56.3,45.265
B,[2048],200000,0,override_w0,200,0.59,0.075,57.14,46.71
C,[2048],200000,0,override_w0,200,1.0,0.0,84.46,3.94
B,[2048],200000,0,override_w1,200,0.16,0.415,52.34,54.415
C,[2048],200000,0,override_w1,200,0.08,0.31,55.98,69.495
B,[2048],200000,0,override_w1.5,200,0.115,0.48,47.98,53.48
C,[2048],200000,0,override_w1.5,200,0.025,0.975,1.58,24.605
B,[2048],200000,0,override_w2,200,0.13,0.47,48.6,52.845
C,[2048],200000,0,override_w2,200,0.035,0.965,2.52,24.37
B,[2048],200000,0,override_w4,200,0.145,0.455,48.86,52.76
C,[2048],200000,0,override_w4,200,0.02,0.98,1.66,24.585
B,[2048],200000,0,override_w8,200,0.125,0.51,44.46,50.37
C,[2048],200000,0,override_w8,200,0.04,0.96,3.6,24.1
C,[2048],200000,0,goal_nulling,200,0.2,0.13,73.38,72.54
C,[2048],200000,0,indifference,200,1.0,0.0,84.48,3.88
A,[2048],500000,0,standard,200,1.0,0.0,84.48,3.88
B,[2048],500000,0,standard,200,0.665,0.05,54.42,43.245
C,[2048],500000,0,standard,200,1.0,0.0,84.48,3.88
A,[2048],500000,0,goal_nulling,200,0.06,0.94,4.58,23.855
A,[2048],500000,0,indifference,200,1.0,0.0,84.48,3.88
A,[2048],500000,0,override_w0,200,1.0,0.0,84.48,3.88
A,[2048],500000,0,override_w1,200,0.29,0.0,42.52,76.55
A,[2048],500000,0,override_w1.5,200,0.305,0.0,63.74,74.285
A,[2048],500000,0,override_w2,200,0.075,0.925,5.16,23.71
A,[2048],500000,0,override_w4,200,0.01,0.99,0.96,24.76
A,[2048],500000,0,override_w8,200,0.02,0.98,1.8,24.55
B,[2048],500000,0,goal_nulling,200,0.16,0.51,41.6,47.625
B,[2048],500000,0,indifference,200,0.62,0.05,55.14,45.245
B,[2048],500000,0,override_w0,200,0.665,0.05,54.42,43.245
C,[2048],500000,0,override_w0,200,1.0,0.0,84.48,3.88
B,[2048],500000,0,override_w1,200,0.215,0.37,52.74,53.845
C,[2048],500000,0,override_w1,200,0.21,0.035,59.34,80.35
B,[2048],500000,0,override_w1.5,200,0.145,0.435,51.1,54.235
C,[2048],500000,0,override_w1.5,200,0.055,0.62,25.76,48.86
B,[2048],500000,0,override_w2,200,0.175,0.465,46.08,49.42
C,[2048],500000,0,override_w2,200,0.065,0.79,13.02,39.785
B,[2048],500000,0,override_w4,200,0.13,0.475,47.74,52.565
C,[2048],500000,0,override_w4,200,0.015,0.985,1.34,24.665
B,[2048],500000,0,override_w8,200,0.135,0.48,47.2,51.675
C,[2048],500000,0,override_w8,200,0.02,0.98,1.88,24.53
C,[2048],500000,0,goal_nulling,200,0.21,0.085,79.7,75.3
C,[2048],500000,0,indifference,200,1.0,0.0,84.48,3.88
A,[2048],500000,3,standard,200,1.0,0.0,84.64,3.84
B,[2048],500000,3,standard,200,0.605,0.095,53.62,42.045
C,[2048],500000,3,standard,200,1.0,0.0,84.64,3.84
A,[2048],500000,3,goal_nulling,200,0.105,0.895,9.5,22.625
A,[2048],500000,3,indifference,200,1.0,0.0,84.64,3.84
A,[2048],500000,3,override_w0,200,1.0,0.0,84.64,3.84
A,[2048],500000,3,override_w1,200,0.37,0.0,78.3,67.745
A,[2048],500000,3,override_w1.5,200,0.245,0.0,78.46,78.97
A,[2048],500000,3,override_w2,200,0.035,0.965,3.14,24.215
A,[2048],500000,3,override_w4,200,0.015,0.985,1.38,24.655
A,[2048],500000,3,override_w8,200,0.02,0.98,1.82,24.545
B,[2048],500000,3,goal_nulling,200,0.215,0.215,69.76,64.59
B,[2048],500000,3,indifference,200,0.62,0.085,52.76,41.82
B,[2048],500000,3,override_w0,200,0.605,0.095,53.62,42.045
C,[2048],500000,3,override_w0,200,1.0,0.0,84.64,3.84
B,[2048],500000,3,override_w1,200,0.235,0.385,49.66,50.7
C,[2048],500000,3,override_w1,200,0.255,0.21,50.56,63.13
B,[2048],500000,3,override_w1.5,200,0.18,0.47,45.72,48.705
C,[2048],500000,3,override_w1.5,200,0.025,0.96,2.92,25.77
B,[2048],500000,3,override_w2,200,0.205,0.47,43.54,47.43
C,[2048],500000,3,override_w2,200,0.02,0.98,1.28,24.68
B,[2048],500000,3,override_w4,200,0.195,0.48,43.04,47.465
C,[2048],500000,3,override_w4,200,0.02,0.98,1.9,24.525
B,[2048],500000,3,override_w8,200,0.185,0.47,45.22,48.115
C,[2048],500000,3,override_w8,200,0.01,0.99,0.92,24.77
C,[2048],500000,3,goal_nulling,200,0.33,0.01,91.14,68.11
C,[2048],500000,3,indifference,200,1.0,0.0,84.64,3.84
A,[16],10000,1,standard,200,0.18,0.83,12.88,21.78
B,[16],10000,1,standard,200,0.34,0.15,63.58,59.855
C,[16],10000,1,standard,200,0.56,0.09,66.86,43.365
A,[16],10000,1,goal_nulling,200,0.125,0.875,8.94,22.765
A,[16],10000,1,indifference,200,0.315,0.685,25.54,18.615
A,[16],10000,1,override_w0,200,0.18,0.83,12.88,21.78
A,[16],10000,1,override_w1,200,0.095,0.905,7.82,23.045
A,[16],10000,1,override_w1.5,200,0.085,0.915,7.4,23.15
A,[16],10000,1,override_w2,200,0.06,0.94,5.32,23.67
A,[16],10000,1,override_w4,200,0.085,0.915,7.48,23.13
A,[16],10000,1,override_w8,200,0.09,0.91,7.9,23.025
B,[16],10000,1,goal_nulling,200,0.175,0.285,63.18,62.965
B,[16],10000,1,indifference,200,0.305,0.19,63.26,59.885
B,[16],10000,1,override_w0,200,0.34,0.15,63.58,59.855
C,[16],10000,1,override_w0,200,0.56,0.09,66.86,43.365
B,[16],10000,1,override_w1,200,0.19,0.325,58.26,59.11
C,[16],10000,1,override_w1,200,0.07,0.895,9.28,26.19
B,[16],10000,1,override_w1.5,200,0.155,0.345,58.2,60.73
C,[16],10000,1,override_w1.5,200,0.065,0.92,7.34,24.665
B,[16],10000,1,override_w2,200,0.19,0.305,60.22,60.73
C,[16],10000,1,override_w2,200,0.06,0.89,10.32,27.4
B,[16],10000,1,override_w4,200,0.22,0.28,60.76,59.795
C,[16],10000,1,override_w4,200,0.045,0.91,7.28,27.68
B,[16],10000,1,override_w8,200,0.195,0.285,61.52,61.77
C,[16],10000,1,override_w8,200,0.11,0.89,8.46,22.885
C,[16],10000,1,goal_nulling,200,0.115,0.0,95.16,89.29
C,[16],10000,1,indifference,200,0.385,0.64,25.52,18.62
A,[16],50000,1,standard,200,0.185,0.395,53.98,53.015
B,[16],50000,1,standard,200,0.4,0.075,67.86,61.035
C,[16],50000,1,standard,200,0.945,0.02,79.96,9.195
A,[16],50000,1,goal_nulling,200,0.125,0.875,8.94,22.765
A,[16],50000,1,indifference,200,0.93,0.07,78.14,5.465
A,[16],50000,1,override_w0,200,0.185,0.395,53.98,53.015
A,[16],50000,1,override_w1,200,0.075,0.925,6.34,23.415
A,[16],50000,1,override_w1.5,200,0.075,0.925,6.7,23.325
A,[16],50000,1,override_w2,200,0.04,0.96,3.56,24.11
A,[16],50000,1,override_w4,200,0.06,0.94,5.42,23.645
A,[16],50000,1,override_w8,200,0.065,0.935,5.9,23.525
B,[16],50000,1,goal_nulling,200,0.175,0.285,63.18,62.965
B,[16],50000,1,indifference,200,0.445,0.075,66.16,58.165
B,[16],50000,1,override_w0,200,0.4,0.075,67.86,61.035
C,[16],50000,1,override_w0,200,0.945,0.02,79.96,9.195
B,[16],50000,1,override_w1,200,0.17,0.335,57.3,59.925
C,[16],50000,1,override_w1,200,0.065,0.935,5.5,23.625
B,[16],50000,1,override_w1.5,200,0.15,0.325,60.0,62.28
C,[16],50000,1,override_w1.5,200,0.08,0.93,6.36,23.41
B,[16],50000,1,override_w2,200,0.135,0.375,55.86,59.985
C,[16],50000,1,override_w2,200,0.06,0.94,4.98,23.755
B,[16],50000,1,override_w4,200,0.145,0.355,57.14,60.675
C,[16],50000,1,override_w4,200,0.055,0.945,4.98,23.755
B,[16],50000,1,override_w8,200,0.14,0.335,59.48,62.41
C,[16],50000,1,override_w8,200,0.065,0.925,6.88,24.28
C,[16],50000,1,goal_nulling,200,0.11,0.0,95.22,89.715
C,[16],50000,1,indifference,200,0.935,0.025,80.74,8.735
A,[16],200000,1,standard,200,0.975,0.0,77.02,10.445
B,[16],200000,1,standard,200,0.47,0.035,66.48,58.365
C,[16],200000,1,standard,200,1.0,0.0,84.54,3.865
A,[16],200000,1,goal_nulling,200,0.125,0.875,8.94,22.765
A,[16],200000,1,indifference,200,1.0,0.0,84.54,3.865
A,[16],200000,1,override_w0,200,0.975,0.0,77.02,10.445
A,[16],200000,1,override_w1,200,0.06,0.94,5.28,23.68
A,[16],200000,1,override_w1.5,200,0.025,0.975,2.2,24.45
A,[16],200000,1,override_w2,200,0.045,0.955,3.94,24.015
A,[16],200000,1,override_w4,200,0.045,0.955,3.96,24.01
A,[16],200000,1,override_w8,200,0.05,0.95,4.48,23.88
B,[16],200000,1,goal_nulling,200,0.175,0.285,63.18,62.965
B,[16],200000,1,indifference,200,0.485,0.06,66.3,57.775
B,[16],200000,1,override_w0,200,0.47,0.035,66.48,58.365
C,[16],200000,1,override_w0,200,1.0,0.0,84.54,3.865
B,[16],200000,1,override_w1,200,0.125,0.365,57.28,61.6
C,[16],200000,1,override_w1,200,0.04,0.96,3.6,24.1
B,[16],200000,1,override_w1.5,200,0.14,0.36,56.86,60.715
C,[16],200000,1,override_w1.5,200,0.04,0.96,3.64,24.09
B,[16],200000,1,override_w2,200,0.155,0.34,57.82,60.715
C,[16],200000,1,override_w2,200,0.03,0.97,2.62,24.345
B,[16],200000,1,override_w4,200,0.135,0.355,57.48,61.55
C,[16],200000,1,override_w4,200,0.025,0.975,2.2,24.45
B,[16],200000,1,override_w8,200,0.135,0.355,57.48,61.55
C,[16],200000,1,override_w8,200,0.035,0.965,3.14,24.215
C,[16],200000,1,goal_nulling,200,0.165,0.0,93.74,84.645
C,[16],200000,1,indifference,200,1.0,0.0,84.54,3.865
A,[16],500000,1,standard,200,0.36,0.0,87.72,66.83
B,[16],500000,1,standard,200,0.235,0.23,65.36,62.28
C,[16],500000,1,standard,200,1.0,0.0,84.54,3.865
A,[16],500000,1,goal_nulling,200,0.125,0.875,8.94,22.765
A,[16],500000,1,indifference,200,1.0,0.0,84.54,3.865
A,[16],500000,1,override_w0,200,0.36,0.0,87.72,66.83
A,[16],500000,1,override_w1,200,0.06,0.78,21.4,35.65
A,[16],500000,1,override_w1.5,200,0.055,0.945,4.92,23.77
A,[16],500000,1,override_w2,200,0.04,0.96,3.58,24.105
A,[16],500000,1,override_w4,200,0.035,0.965,3.14,24.215
A,[16],500000,1,override_w8,200,0.03,0.97,2.68,24.33
B,[16],500000,1,goal_nulling,200,0.175,0.285,63.18,62.965
B,[16],500000,1,indifference,200,0.235,0.225,65.92,62.485
B,[16],500000,1,override_w0,200,0.235,0.23,65.36,62.28
C,[16],500000,1,override_w0,200,1.0,0.0,84.54,3.865
B,[16],500000,1,override_w1,200,0.14,0.36,56.86,60.715
C,[16],500000,1,override_w1,200,0.055,0.945,5.0,23.75
B,[16],500000,1,override_w1.5,200,0.15,0.335,58.58,61.55
C,[16],500000,1,override_w1.5,200,0.03,0.97,2.66,24.335
B,[16],500000,1,override_w2,200,0.15,0.345,57.82,60.715
C,[16],500000,1,override_w2,200,0.035,0.965,3.14,24.215
B,[16],500000,1,override_w4,200,0.135,0.355,57.48,61.55
C,[16],500000,1,override_w4,200,0.03,0.97,2.68,24.33
B,[16],500000,1,override_w8,200,0.125,0.365,57.28,61.6
C,[16],500000,1,override_w8,200,0.04,0.96,3.56,24.11
C,[16],500000,1,goal_nulling,200,0.135,0.025,90.16,85.63
C,[16],500000,1,indifference,200,1.0,0.0,84.54,3.865
A,[64],10000,1,standard,200,0.25,0.305,54.12,53.435
B,[64],10000,1,standard,200,0.37,0.15,62.34,57.12
C,[64],10000,1,standard,200,0.495,0.45,37.92,21.17
A,[64],10000,1,goal_nulling,200,0.045,0.96,2.2,24.45
A,[64],10000,1,indifference,200,0.385,0.62,26.9,18.305
A,[64],10000,1,override_w0,200,0.25,0.305,54.12,53.435
A,[64],10000,1,override_w1,200,0.05,0.94,5.44,24.64
A,[64],10000,1,override_w1.5,200,0.045,0.955,4.06,23.985
A,[64],10000,1,override_w2,200,0.04,0.96,3.58,24.105
A,[64],10000,1,override_w4,200,0.065,0.935,5.4,23.65
A,[64],10000,1,override_w8,200,0.075,0.925,6.56,23.36
B,[64],10000,1,goal_nulling,200,0.205,0.23,65.2,64.95
B,[64],10000,1,indifference,200,0.305,0.205,61.92,58.445
B,[64],10000,1,override_w0,200,0.37,0.15,62.34,57.12
C,[64],10000,1,override_w0,200,0.495,0.45,37.92,21.17
B,[64],10000,1,override_w1,200,0.15,0.305,61.88,63.695
C,[64],10000,1,override_w1,200,0.045,0.875,11.64,30.05
B,[64],10000,1,override_w1.5,200,0.135,0.31,62.18,64.6
C,[64],10000,1,override_w1.5,200,0.075,0.89,8.92,26.27
B,[64],10000,1,override_w2,200,0.15,0.33,59.86,61.995
C,[64],10000,1,override_w2,200,0.075,0.86,10.1,28.895
B,[64],10000,1,override_w4,200,0.17,0.335,58.08,60.375
C,[64],10000,1,override_w4,200,0.045,0.89,9.4,29.07
B,[64],10000,1,override_w8,200,0.17,0.335,58.08,60.375
C,[64],10000,1,override_w8,200,0.075,0.91,6.54,25.365
C,[64],10000,1,goal_nulling,200,0.185,0.705,15.5,32.835
C,[64],10000,1,indifference,200,0.525,0.175,65.18,39.385
A,[64],50000,1,standard,200,0.755,0.23,61.74,11.725
B,[64],50000,1,standard,200,0.42,0.06,67.7,60.555
C,[64],50000,1,standard,200,0.92,0.02,81.42,10.525
A,[64],50000,1,goal_nulling,200,0.045,0.96,2.2,24.45
A,[64],50000,1,indifference,200,0.84,0.16,72.64,6.84
A,[64],50000,1,override_w0,200,0.755,0.23,61.74,11.725
A,[64],50000,1,override_w1,200,0.035,0.965,3.12,24.22
A,[64],50000,1,override_w1.5,200,0.035,0.965,3.12,24.22
A,[64],50000,1,override_w2,200,0.04,0.96,3.58,24.105
A,[64],50000,1,override_w4,200,0.035,0.965,3.06,24.235
A,[64],50000,1,override_w8,200,0.04,0.96,3.56,24.11
B,[64],50000,1,goal_nulling,200,0.205,0.23,65.2,64.95
B,[64],50000,1,indifference,200,0.44,0.055,68.08,60.525
B,[64],50000,1,override_w0,200,0.42,0.06,67.7,60.555
C,[64],50000,1,override_w0,200,0.92,0.02,81.42,10.525
B,[64],50000,1,override_w1,200,0.14,0.36,56.86,60.715
C,[64],50000,1,override_w1,200,0.03,0.97,2.68,24.33
B,[64],50000,1,override_w1.5,200,0.155,0.34,57.82,60.715
C,[64],50000,1,override_w1.5,200,0.025,0.975,2.26,24.435
B,[64],50000,1,override_w2,200,0.155,0.345,57.56,60.31
C,[64],50000,1,override_w2,200,0.04,0.96,3.54,24.115
B,[64],50000,1,override_w4,200,0.155,0.355,56.7,60.015
C,[64],50000,1,override_w4,200,0.06,0.94,5.44,23.64
B,[64],50000,1,override_w8,200,0.16,0.35,56.94,59.955
C,[64],50000,1,override_w8,200,0.025,0.975,2.22,24.445
C,[64],50000,1,goal_nulling,200,0.24,0.09,80.24,72.56
C,[64],50000,1,indifference,200,0.915,0.03,81.28,10.06
A,[64],200000,1,standard,200,1.0,0.0,82.94,4.445
B,[64],200000,1,standard,200,0.51,0.025,64.54,56.565
C,[64],200000,1,standard,200,1.0,0.0,84.54,3.865
A,[64],200000,1,goal_nulling,200,0.045,0.96,2.2,24.45
A,[64],200000,1,indifference,200,1.0,0.0,84.54,3.865
A,[64],200000,1,override_w0,200,1.0,0.0,82.94,4.445
A,[64],200000,1,override_w1,200,0.035,0.965,3.12,24.22
A,[64],200000,1,override_w1.5,200,0.065,0.945,2.78,24.305
A,[64],200000,1,override_w2,200,0.03,0.97,2.66,24.335
A,[64],200000,1,override_w4,200,0.025,0.975,2.2,24.45
A,[64],200000,1,override_w8,200,0.035,0.965,3.16,24.21
B,[64],200000,1,goal_nulling,200,0.205,0.23,65.2,64.95
B,[64],200000,1,indifference,200,0.505,0.05,62.84,55.735
B,[64],200000,1,override_w0,200,0.51,0.025,64.54,56.565
C,[64],200000,1,override_w0,200,1.0,0.0,84.54,3.865
B,[64],200000,1,override_w1,200,0.16,0.335,57.92,60.975
C,[64],200000,1,override_w1,200,0.155,0.31,47.14,64.05
B,[64],200000,1,override_w1.5,200,0.13,0.345,59.2,62.375
C,[64],200000,1,override_w1.5,200,0.03,0.97,2.68,24.33
B,[64],200000,1,override_w2,200,0.15,0.325,59.58,62.335
C,[64],200000,1,override_w2,200,0.025,0.975,2.2,24.45
B,[64],200000,1,override_w4,200,0.155,0.34,57.8,60.715
C,[64],200000,1,override_w4,200,0.03,0.97,2.66,24.335
B,[64],200000,1,override_w8,200,0.135,0.355,57.48,61.55
C,[64],200000,1,override_w8,200,0.03,0.97,2.66,24.335
C,[64],200000,1,goal_nulling,200,0.22,0.01,87.96,80.23
C,[64],200000,1,indifference,200,1.0,0.0,84.54,3.865
A,[64],500000,1,standard,200,1.0,0.0,84.54,3.865
B,[64],500000,1,standard,200,0.475,0.025,66.44,58.565
C,[64],500000,1,standard,200,1.0,0.0,84.54,3.865
A,[64],500000,1,goal_nulling,200,0.045,0.96,2.2,24.45
A,[64],500000,1,indifference,200,1.0,0.0,84.54,3.865
A,[64],500000,1,override_w0,200,1.0,0.0,84.54,3.865
A,[64],500000,1,override_w1,200,0.065,0.935,5.6,23.6
A,[64],500000,1,override_w1.5,200,0.03,0.82,17.44,35.55
A,[64],500000,1,override_w2,200,0.035,0.965,3.14,24.215
A,[64],500000,1,override_w4,200,0.03,0.97,2.68,24.33
A,[64],500000,1,override_w8,200,0.025,0.975,2.28,24.43
B,[64],500000,1,goal_nulling,200,0.205,0.23,65.2,64.95
B,[64],500000,1,indifference,200,0.455,0.045,66.2,58.955
B,[64],500000,1,override_w0,200,0.475,0.025,66.44,58.565
C,[64],500000,1,override_w0,200,1.0,0.0,84.54,3.865
B,[64],500000,1,override_w1,200,0.14,0.355,57.74,60.97
C,[64],500000,1,override_w1,200,0.1,0.9,6.16,24.06
B,[64],500000,1,override_w1.5,200,0.14,0.36,56.86,60.715
C,[64],500000,1,override_w1.5,200,0.055,0.94,5.48,24.13
B,[64],500000,1,override_w2,200,0.15,0.345,57.82,60.715
C,[64],500000,1,override_w2,200,0.03,0.97,2.66,24.335
B,[64],500000,1,override_w4,200,0.14,0.36,56.86,60.715
C,[64],500000,1,override_w4,200,0.045,0.955,4.06,23.985
B,[64],500000,1,override_w8,200,0.135,0.355,57.48,61.55
C,[64],500000,1,override_w8,200,0.025,0.975,2.26,24.435
C,[64],500000,1,goal_nulling,200,0.24,0.025,82.66,77.52
C,[64],500000,1,indifference,200,1.0,0.0,84.54,3.865
A,[256],10000,1,standard,200,0.325,0.675,25.88,18.53
B,[256],10000,1,standard,200,0.23,0.265,61.6,61.025
C,[256],10000,1,standard,200,0.455,0.51,33.38,22.595
A,[256],10000,1,goal_nulling,200,0.07,0.925,6.4,23.79
A,[256],10000,1,indifference,200,0.385,0.615,27.52,19.56
A,[256],10000,1,override_w0,200,0.325,0.675,25.88,18.53
A,[256],10000,1,override_w1,200,0.105,0.87,9.18,24.655
A,[256],10000,1,override_w1.5,200,0.04,0.925,6.12,26.77
A,[256],10000,1,override_w2,200,0.07,0.92,6.94,24.195
A,[256],10000,1,override_w4,200,0.08,0.92,4.44,23.89
A,[256],10000,1,override_w8,200,0.05,0.95,3.0,24.25
B,[256],10000,1,goal_nulling,200,0.175,0.235,67.8,66.81
B,[256],10000,1,indifference,200,0.245,0.275,59.14,58.7
B,[256],10000,1,override_w0,200,0.23,0.265,61.6,61.025
C,[256],10000,1,override_w0,200,0.455,0.51,33.38,22.595
B,[256],10000,1,override_w1,200,0.185,0.31,59.14,60.435
C,[256],10000,1,override_w1,200,0.1,0.915,6.76,25.225
B,[256],10000,1,override_w1.5,200,0.13,0.355,58.38,62.045
C,[256],10000,1,override_w1.5,200,0.04,0.935,6.18,26.04
B,[256],10000,1,override_w2,200,0.155,0.315,60.68,62.52
C,[256],10000,1,override_w2,200,0.03,0.885,11.12,30.7
B,[256],10000,1,override_w4,200,0.165,0.315,59.5,61.755
C,[256],10000,1,override_w4,200,0.065,0.855,12.52,29.8
B,[256],10000,1,override_w8,200,0.145,0.325,60.14,62.665
C,[256],10000,1,override_w8,200,0.05,0.915,7.2,26.68
C,[256],10000,1,goal_nulling,200,0.14,0.0,94.36,86.97
C,[256],10000,1,indifference,200,0.375,0.485,36.28,28.86
A,[256],50000,1,standard,200,0.915,0.09,78.04,5.49
B,[256],50000,1,standard,200,0.44,0.035,68.22,61.04
C,[256],50000,1,standard,200,0.965,0.01,83.0,6.67
A,[256],50000,1,goal_nulling,200,0.07,0.925,6.4,23.79
A,[256],50000,1,indifference,200,0.925,0.07,78.6,5.74
A,[256],50000,1,override_w0,200,0.915,0.09,78.04,5.49
A,[256],50000,1,override_w1,200,0.035,0.965,3.14,24.215
A,[256],50000,1,override_w1.5,200,0.03,0.97,2.66,24.335
A,[256],50000,1,override_w2,200,0.03,0.97,2.66,24.335
A,[256],50000,1,override_w4,200,0.025,0.975,2.2,24.45
A,[256],50000,1,override_w8,200,0.025,0.975,2.26,24.435
B,[256],50000,1,goal_nulling,200,0.175,0.235,67.8,66.81
B,[256],50000,1,indifference,200,0.47,0.03,66.5,59.36
B,[256],50000,1,override_w0,200,0.44,0.035,68.22,61.04
C,[256],50000,1,override_w0,200,0.965,0.01,83.0,6.67
B,[256],50000,1,override_w1,200,0.14,0.36,56.86,60.715
C,[256],50000,1,override_w1,200,0.06,0.955,4.0,24.0
B,[256],50000,1,override_w1.5,200,0.155,0.34,57.82,60.715
C,[256],50000,1,override_w1.5,200,0.03,0.97,2.66,24.335
B,[256],50000,1,override_w2,200,0.14,0.36,56.86,60.715
C,[256],50000,1,override_w2,200,0.03,0.97,2.66,24.335
B,[256],50000,1,override_w4,200,0.14,0.345,58.38,61.6
C,[256],50000,1,override_w4,200,0.035,0.965,3.16,24.21
B,[256],50000,1,override_w8,200,0.125,0.365,57.28,61.6
C,[256],50000,1,override_w8,200,0.03,0.97,2.76,24.31
C,[256],50000,1,goal_nulling,200,0.13,0.03,92.18,85.465
C,[256],50000,1,indifference,200,0.965,0.005,83.52,7.02
A,[256],200000,1,standard,200,1.0,0.0,84.54,3.865
B,[256],200000,1,standard,200,0.465,0.04,66.58,58.075
C,[256],200000,1,standard,200,1.0,0.0,84.54,3.865
A,[256],200000,1,goal_nulling,200,0.07,0.925,6.4,23.79
A,[256],200000,1,indifference,200,1.0,0.0,84.54,3.865
A,[256],200000,1,override_w0,200,1.0,0.0,84.54,3.865
A,[256],200000,1,override_w1,200,0.05,0.95,4.54,23.865
A,[256],200000,1,override_w1.5,200,0.035,0.965,3.2,24.2
A,[256],200000,1,override_w2,200,0.03,0.97,2.68,24.33
A,[256],200000,1,override_w4,200,0.03,0.97,2.74,24.315
A,[256],200000,1,override_w8,200,0.035,0.965,3.14,24.215
B,[256],200000,1,goal_nulling,200,0.175,0.235,67.8,66.81
B,[256],200000,1,indifference,200,0.445,0.05,66.84,58.925
B,[256],200000,1,override_w0,200,0.465,0.04,66.58,58.075
C,[256],200000,1,override_w0,200,1.0,0.0,84.54,3.865
B,[256],200000,1,override_w1,200,0.14,0.36,56.86,60.715
C,[256],200000,1,override_w1,200,0.25,0.195,60.98,63.545
B,[256],200000,1,override_w1.5,200,0.14,0.345,58.38,61.6
C,[256],200000,1,override_w1.5,200,0.14,0.255,43.74,68.53
B,[256],200000,1,override_w2,200,0.14,0.345,58.38,61.6
C,[256],200000,1,override_w2,200,0.03,0.97,2.74,24.315
B,[256],200000,1,override_w4,200,0.125,0.365,57.28,61.6
C,[256],200000,1,override_w4,200,0.025,0.975,2.2,24.45
B,[256],200000,1,override_w8,200,0.13,0.345,59.08,62.375
C,[256],200000,1,override_w8,200,0.03,0.97,2.74,24.315
C,[256],200000,1,goal_nulling,200,0.185,0.0,92.1,82.545
C,[256],200000,1,indifference,200,1.0,0.0,84.54,3.865
A,[256],500000,1,standard,200,1.0,0.0,84.54,3.865
B,[256],500000,1,standard,200,0.49,0.02,67.34,58.365
C,[256],500000,1,standard,200,1.0,0.0,84.54,3.865
A,[256],500000,1,goal_nulling,200,0.07,0.925,6.4,23.79
A,[256],500000,1,indifference,200,1.0,0.0,84.54,3.865
A,[256],500000,1,override_w0,200,1.0,0.0,84.54,3.865
A,[256],500000,1,override_w1,200,0.125,0.815,16.06,27.495
A,[256],500000,1,override_w1.5,200,0.04,0.96,3.6,24.1
A,[256],500000,1,override_w2,200,0.045,0.955,4.1,23.975
A,[256],500000,1,override_w4,200,0.04,0.96,3.68,24.08
A,[256],500000,1,override_w8,200,0.04,0.96,3.6,24.1
B,[256],500000,1,goal_nulling,200,0.175,0.235,67.8,66.81
B,[256],500000,1,indifference,200,0.485,0.06,66.6,57.755
B,[256],500000,1,override_w0,200,0.49,0.02,67.34,58.365
C,[256],500000,1,override_w0,200,1.0,0.0,84.54,3.865
B,[256],500000,1,override_w1,200,0.15,0.34,58.3,61.315
C,[256],500000,1,override_w1,200,0.115,0.11,56.48,81.585
B,[256],500000,1,override_w1.5,200,0.14,0.345,58.36,61.6
C,[256],500000,1,override_w1.5,200,0.025,0.975,2.36,24.41
B,[256],500000,1,override_w2,200,0.15,0.335,58.74,61.51
C,[256],500000,1,override_w2,200,0.015,0.985,1.42,24.645
B,[256],500000,1,override_w4,200,0.155,0.34,57.82,60.715
C,[256],500000,1,override_w4,200,0.035,0.965,3.24,24.19
B,[256],500000,1,override_w8,200,0.15,0.335,58.58,61.55
C,[256],500000,1,override_w8,200,0.02,0.98,1.8,24.55
C,[256],500000,1,goal_nulling,200,0.25,0.0,83.42,76.49
C,[256],500000,1,indifference,200,1.0,0.0,84.54,3.865
A,[512],10000,1,standard,200,0.38,0.56,27.32,23.21
B,[512],10000,1,standard,200,0.24,0.215,66.1,63.315
C,[512],10000,1,standard,200,0.56,0.395,46.78,18.12
A,[512],10000,1,goal_nulling,200,0.03,0.97,2.06,24.485
A,[512],10000,1,indifference,200,0.43,0.565,36.52,17.005
A,[512],10000,1,override_w0,200,0.38,0.56,27.32,23.21
A,[512],10000,1,override_w1,200,0.09,0.79,19.06,32.075
A,[512],10000,1,override_w1.5,200,0.07,0.93,6.34,23.415
A,[512],10000,1,override_w2,200,0.06,0.91,8.16,25.895
A,[512],10000,1,override_w4,200,0.055,0.945,4.52,23.87
A,[512],10000,1,override_w8,200,0.06,0.94,4.1,23.975
B,[512],10000,1,goal_nulling,200,0.145,0.35,57.56,61.04
B,[512],10000,1,indifference,200,0.22,0.2,69.06,66.425
B,[512],10000,1,override_w0,200,0.24,0.215,66.1,63.315
C,[512],10000,1,override_w0,200,0.56,0.395,46.78,18.12
B,[512],10000,1,override_w1,200,0.195,0.275,61.9,62.245
C,[512],10000,1,override_w1,200,0.12,0.87,10.2,23.29
B,[512],10000,1,override_w1.5,200,0.155,0.355,56.38,59.605
C,[512],10000,1,override_w1.5,200,0.08,0.88,9.7,26.475
B,[512],10000,1,override_w2,200,0.15,0.355,56.82,60.04
C,[512],10000,1,override_w2,200,0.055,0.8,16.36,34.92
B,[512],10000,1,override_w4,200,0.17,0.305,60.82,61.995
C,[512],10000,1,override_w4,200,0.07,0.815,13.9,32.235
B,[512],10000,1,override_w8,200,0.17,0.32,59.48,60.97
C,[512],10000,1,override_w8,200,0.055,0.915,6.34,26.4
C,[512],10000,1,goal_nulling,200,0.185,0.55,21.94,42.33
C,[512],10000,1,indifference,200,0.52,0.28,56.98,30.77
A,[512],50000,1,standard,200,0.865,0.13,73.56,7.56
B,[512],50000,1,standard,200,0.47,0.02,68.84,59.74
C,[512],50000,1,standard,200,0.965,0.005,81.7,7.235
A,[512],50000,1,goal_nulling,200,0.03,0.97,2.06,24.485
A,[512],50000,1,indifference,200,0.935,0.065,78.42,5.395
A,[512],50000,1,override_w0,200,0.865,0.13,73.56,7.56
A,[512],50000,1,override_w1,200,0.04,0.96,3.5,24.125
A,[512],50000,1,override_w1.5,200,0.03,0.97,2.66,24.335
A,[512],50000,1,override_w2,200,0.03,0.97,2.66,24.335
A,[512],50000,1,override_w4,200,0.035,0.965,3.12,24.22
A,[512],50000,1,override_w8,200,0.035,0.965,3.18,24.205
B,[512],50000,1,goal_nulling,200,0.145,0.35,57.56,61.04
B,[512],50000,1,indifference,200,0.45,0.02,68.8,61.635
B,[512],50000,1,override_w0,200,0.47,0.02,68.84,59.74
C,[512],50000,1,override_w0,200,0.965,0.005,81.7,7.235
B,[512],50000,1,override_w1,200,0.14,0.36,56.86,60.715
C,[512],50000,1,override_w1,200,0.075,0.935,4.14,23.965
B,[512],50000,1,override_w1.5,200,0.135,0.365,56.86,60.715
C,[512],50000,1,override_w1.5,200,0.04,0.96,3.62,24.095
B,[512],50000,1,override_w2,200,0.14,0.36,56.86,60.715
C,[512],50000,1,override_w2,200,0.03,0.97,2.66,24.335
B,[512],50000,1,override_w4,200,0.135,0.355,57.48,61.55
C,[512],50000,1,override_w4,200,0.03,0.97,2.72,24.32
B,[512],50000,1,override_w8,200,0.135,0.355,57.48,61.55
C,[512],50000,1,override_w8,200,0.03,0.97,2.66,24.335
C,[512],50000,1,goal_nulling,200,0.22,0.34,51.82,54.6
C,[512],50000,1,indifference,200,0.965,0.0,83.16,7.59
A,[512],200000,1,standard,200,0.975,0.0,84.44,6.2
B,[512],200000,1,standard,200,0.425,0.03,68.9,62.1
C,[512],200000,1,standard,200,1.0,0.0,84.54,3.865
A,[512],200000,1,goal_nulling,200,0.03,0.97,2.06,24.485
A,[512],200000,1,indifference,200,1.0,0.0,84.54,3.865
A,[512],200000,1,override_w0,200,0.975,0.0,84.44,6.2
A,[512],200000,1,override_w1,200,0.065,0.935,5.28,23.68
A,[512],200000,1,override_w1.5,200,0.025,0.975,2.32,24.42
A,[512],200000,1,override_w2,200,0.03,0.97,2.54,24.365
A,[512],200000,1,override_w4,200,0.035,0.965,3.2,24.2
A,[512],200000,1,override_w8,200,0.03,0.97,2.74,24.315
B,[512],200000,1,goal_nulling,200,0.145,0.35,57.56,61.04
B,[512],200000,1,indifference,200,0.5,0.015,65.12,57.88
B,[512],200000,1,override_w0,200,0.425,0.03,68.9,62.1
C,[512],200000,1,override_w0,200,1.0,0.0,84.54,3.865
B,[512],200000,1,override_w1,200,0.14,0.36,56.86,60.715
C,[512],200000,1,override_w1,200,0.145,0.3,55.16,64.64
B,[512],200000,1,override_w1.5,200,0.14,0.345,58.38,61.6
C,[512],200000,1,override_w1.5,200,0.02,0.98,1.7,24.575
B,[512],200000,1,override_w2,200,0.155,0.33,58.58,61.55
C,[512],200000,1,override_w2,200,0.025,0.975,2.18,24.455
B,[512],200000,1,override_w4,200,0.16,0.335,58.04,60.715
C,[512],200000,1,override_w4,200,0.03,0.97,2.74,24.315
B,[512],200000,1,override_w8,200,0.125,0.365,57.28,61.6
C,[512],200000,1,override_w8,200,0.025,0.975,2.28,24.43
C,[512],200000,1,goal_nulling,200,0.21,0.025,84.8,79.455
C,[512],200000,1,indifference,200,1.0,0.0,84.54,3.865
A,[512],500000,1,standard,200,1.0,0.0,84.54,3.865
B,[512],500000,1,standard,200,0.485,0.04,65.58,58.07
C,[512],500000,1,standard,200,1.0,0.0,84.52,3.87
A,[512],500000,1,goal_nulling,200,0.03,0.97,2.06,24.485
A,[512],500000,1,indifference,200,1.0,0.0,84.54,3.865
A,[512],500000,1,override_w0,200,1.0,0.0,84.54,3.865
A,[512],500000,1,override_w1,200,0.295,0.0,51.78,73.455
A,[512],500000,1,override_w1.5,200,0.05,0.95,4.48,23.88
A,[512],500000,1,override_w2,200,0.045,0.955,4.08,23.98
A,[512],500000,1,override_w4,200,0.035,0.965,3.2,24.2
A,[512],500000,1,override_w8,200,0.025,0.975,2.26,24.435
B,[512],500000,1,goal_nulling,200,0.145,0.35,57.56,61.04
B,[512],500000,1,indifference,200,0.46,0.025,68.18,60.125
B,[512],500000,1,override_w0,200,0.485,0.04,65.58,58.07
C,[512],500000,1,override_w0,200,1.0,0.0,84.52,3.87
B,[512],500000,1,override_w1,200,0.15,0.32,60.48,62.58
C,[512],500000,1,override_w1,200,0.16,0.035,56.44,83.735
B,[512],500000,1,override_w1.5,200,0.14,0.345,58.38,61.6
C,[512],500000,1,override_w1.5,200,0.15,0.035,58.44,84.445
B,[512],500000,1,override_w2,200,0.14,0.345,58.38,61.6
C,[512],500000,1,override_w2,200,0.015,0.98,1.94,25.015
B,[512],500000,1,override_w4,200,0.155,0.34,57.82,60.715
C,[512],500000,1,override_w4,200,0.035,0.965,3.12,24.22
B,[512],500000,1,override_w8,200,0.155,0.34,57.82,60.715
C,[512],500000,1,override_w8,200,0.025,0.975,2.28,24.43
C,[512],500000,1,goal_nulling,200,0.21,0.025,90.32,79.435
C,[512],500000,1,indifference,200,1.0,0.0,84.54,3.865
A,[1024],10000,1,standard,200,0.13,0.765,17.24,30.14
B,[1024],10000,1,standard,200,0.27,0.2,65.84,62.235
C,[1024],10000,1,standard,200,0.59,0.09,73.44,38.905
A,[1024],10000,1,goal_nulling,200,0.0,1.0,0.0,25.0
A,[1024],10000,1,indifference,200,0.54,0.38,47.48,20.95
A,[1024],10000,1,override_w0,200,0.13,0.765,17.24,30.14
A,[1024],10000,1,override_w1,200,0.08,0.925,6.62,23.345
A,[1024],10000,1,override_w1.5,200,0.07,0.925,6.24,24.91
A,[1024],10000,1,override_w2,200,0.09,0.875,9.92,25.94
A,[1024],10000,1,override_w4,200,0.08,0.87,9.68,28.04
A,[1024],10000,1,override_w8,200,0.05,0.905,8.44,27.27
B,[1024],10000,1,goal_nulling,200,0.17,0.23,68.18,67.62
B,[1024],10000,1,indifference,200,0.295,0.145,68.98,63.615
B,[1024],10000,1,override_w0,200,0.27,0.2,65.84,62.235
C,[1024],10000,1,override_w0,200,0.59,0.09,73.44,38.905
B,[1024],10000,1,override_w1,200,0.135,0.35,58.58,61.815
C,[1024],10000,1,override_w1,200,0.095,0.915,7.84,25.04
B,[1024],10000,1,override_w1.5,200,0.165,0.315,59.88,61.715
C,[1024],10000,1,override_w1.5,200,0.095,0.885,10.1,24.475
B,[1024],10000,1,override_w2,200,0.15,0.305,62.0,63.67
C,[1024],10000,1,override_w2,200,0.075,0.86,11.78,28.455
B,[1024],10000,1,override_w4,200,0.175,0.3,60.92,61.995
C,[1024],10000,1,override_w4,200,0.08,0.79,19.02,34.71
B,[1024],10000,1,override_w8,200,0.15,0.335,59.06,61.405
C,[1024],10000,1,override_w8,200,0.035,0.655,27.96,47.47
C,[1024],10000,1,goal_nulling,200,0.07,0.305,66.8,70.8
C,[1024],10000,1,indifference,200,0.525,0.37,46.8,24.46
A,[1024],50000,1,standard,200,0.855,0.09,78.4,10.775
B,[1024],50000,1,standard,200,0.47,0.02,67.46,59.305
C,[1024],50000,1,standard,200,0.985,0.0,84.32,5.425
A,[1024],50000,1,goal_nulling,200,0.0,1.0,0.0,25.0
A,[1024],50000,1,indifference,200,0.98,0.02,82.38,4.405
A,[1024],50000,1,override_w0,200,0.855,0.09,78.4,10.775
A,[1024],50000,1,override_w1,200,0.035,0.965,3.14,24.215
A,[1024],50000,1,override_w1.5,200,0.035,0.97,2.66,24.335
A,[1024],50000,1,override_w2,200,0.03,0.97,2.66,24.335
A,[1024],50000,1,override_w4,200,0.03,0.97,2.66,24.335
A,[1024],50000,1,override_w8,200,0.04,0.96,3.62,24.095
B,[1024],50000,1,goal_nulling,200,0.17,0.23,68.18,67.62
B,[1024],50000,1,indifference,200,0.465,0.045,66.4,58.735
B,[1024],50000,1,override_w0,200,0.47,0.02,67.46,59.305
C,[1024],50000,1,override_w0,200,0.985,0.0,84.32,5.425
B,[1024],50000,1,override_w1,200,0.14,0.36,56.86,60.715
C,[1024],50000,1,override_w1,200,0.17,0.855,5.34,23.665
B,[1024],50000,1,override_w1.5,200,0.14,0.36,56.86,60.715
C,[1024],50000,1,override_w1.5,200,0.09,0.925,3.32,24.17
B,[1024],50000,1,override_w2,200,0.14,0.36,56.86,60.715
C,[1024],50000,1,override_w2,200,0.055,0.97,2.66,24.335
B,[1024],50000,1,override_w4,200,0.14,0.36,56.86,60.715
C,[1024],50000,1,override_w4,200,0.03,0.97,2.72,24.32
B,[1024],50000,1,override_w8,200,0.125,0.365,57.28,61.6
C,[1024],50000,1,override_w8,200,0.045,0.975,2.26,24.435
C,[1024],50000,1,goal_nulling,200,0.165,0.105,82.66,77.335
C,[1024],50000,1,indifference,200,0.97,0.01,83.52,6.05
A,[1024],200000,1,standard,200,1.0,0.0,84.4,3.9
B,[1024],200000,1,standard,200,0.425,0.07,68.24,59.19
C,[1024],200000,1,standard,200,1.0,0.0,84.54,3.865
A,[1024],200000,1,goal_nulling,200,0.0,1.0,0.0,25.0
A,[1024],200000,1,indifference,200,1.0,0.0,84.54,3.865
A,[1024],200000,1,override_w0,200,1.0,0.0,84.4,3.9
A,[1024],200000,1,override_w1,200,0.035,0.965,3.18,24.205
A,[1024],200000,1,override_w1.5,200,0.03,0.97,2.68,24.33
A,[1024],200000,1,override_w2,200,0.03,0.97,2.72,24.32
A,[1024],200000,1,override_w4,200,0.025,0.975,2.26,24.435
A,[1024],200000,1,override_w8,200,0.02,0.98,1.8,24.55
B,[1024],200000,1,goal_nulling,200,0.17,0.23,68.18,67.62
B,[1024],200000,1,indifference,200,0.405,0.1,65.32,59.13
B,[1024],200000,1,override_w0,200,0.425,0.07,68.24,59.19
C,[1024],200000,1,override_w0,200,1.0,0.0,84.54,3.865
B,[1024],200000,1,override_w1,200,0.17,0.345,56.8,59.055
C,[1024],200000,1,override_w1,200,0.14,0.3,56.06,65.06
B,[1024],200000,1,override_w1.5,200,0.145,0.375,55.14,58.965
C,[1024],200000,1,override_w1.5,200,0.035,0.965,1.56,24.61
B,[1024],200000,1,override_w2,200,0.145,0.325,60.04,62.68
C,[1024],200000,1,override_w2,200,0.03,0.97,2.58,24.355
B,[1024],200000,1,override_w4,200,0.17,0.31,59.78,61.71
C,[1024],200000,1,override_w4,200,0.03,0.97,2.74,24.315
B,[1024],200000,1,override_w8,200,0.15,0.335,58.58,61.55
C,[1024],200000,1,override_w8,200,0.02,0.98,1.8,24.55
C,[1024],200000,1,goal_nulling,200,0.155,0.005,92.66,85.835
C,[1024],200000,1,indifference,200,1.0,0.0,84.54,3.865
A,[1024],500000,1,standard,200,1.0,0.0,84.54,3.865
B,[1024],500000,1,standard,200,0.41,0.095,65.66,58.285
C,[1024],500000,1,standard,200,1.0,0.0,84.54,3.865
A,[1024],500000,1,goal_nulling,200,0.0,1.0,0.0,25.0
A,[1024],500000,1,indifference,200,1.0,0.0,84.54,3.865
A,[1024],500000,1,override_w0,200,1.0,0.0,84.54,3.865
A,[1024],500000,1,override_w1,200,0.345,0.0,64.72,67.81
A,[1024],500000,1,override_w1.5,200,0.145,0.74,23.82,30.485
A,[1024],500000,1,override_w2,200,0.045,0.955,4.06,23.985
A,[1024],500000,1,override_w4,200,0.025,0.975,2.28,24.43
A,[1024],500000,1,override_w8,200,0.025,0.975,2.24,24.44
B,[1024],500000,1,goal_nulling,200,0.17,0.23,68.18,67.62
B,[1024],500000,1,indifference,200,0.395,0.145,62.4,56.845
B,[1024],500000,1,override_w0,200,0.41,0.095,65.66,58.285
C,[1024],500000,1,override_w0,200,1.0,0.0,84.54,3.865
B,[1024],500000,1,override_w1,200,0.165,0.31,60.7,62.695
C,[1024],500000,1,override_w1,200,0.26,0.04,59.02,76.85
B,[1024],500000,1,override_w1.5,200,0.14,0.345,58.38,61.6
C,[1024],500000,1,override_w1.5,200,0.15,0.06,82.76,82.375
B,[1024],500000,1,override_w2,200,0.14,0.345,58.24,61.6
C,[1024],500000,1,override_w2,200,0.005,0.995,0.46,24.885
B,[1024],500000,1,override_w4,200,0.14,0.345,58.38,61.6
C,[1024],500000,1,override_w4,200,0.03,0.97,2.74,24.315
B,[1024],500000,1,override_w8,200,0.155,0.34,57.9,60.715
C,[1024],500000,1,override_w8,200,0.025,0.975,2.24,24.44
C,[1024],500000,1,goal_nulling,200,0.155,0.015,91.12,85.21
C,[1024],500000,1,indifference,200,1.0,0.0,84.54,3.865
A,[2048],10000,1,standard,200,0.615,0.395,37.3,15.675
B,[2048],10000,1,standard,200,0.27,0.23,62.04,59.21
C,[2048],10000,1,standard,200,0.695,0.14,60.54,26.48
A,[2048],10000,1,goal_nulling,200,0.075,0.92,7.0,23.75
A,[2048],10000,1,indifference,200,0.48,0.52,35.98,16.005
A,[2048],10000,1,override_w0,200,0.615,0.395,37.3,15.675
A,[2048],10000,1,override_w1,200,0.11,0.865,12.02,24.455
A,[2048],10000,1,override_w1.5,200,0.08,0.85,13.14,28.55
A,[2048],10000,1,override_w2,200,0.1,0.895,9.24,23.19
A,[2048],10000,1,override_w4,200,0.06,0.89,10.32,27.42
A,[2048],10000,1,override_w8,200,0.075,0.89,7.22,26.645
B,[2048],10000,1,goal_nulling,200,0.175,0.235,67.62,66.81
B,[2048],10000,1,indifference,200,0.22,0.26,62.36,61.315
B,[2048],10000,1,override_w0,200,0.27,0.23,62.04,59.21
C,[2048],10000,1,override_w0,200,0.695,0.14,60.54,26.48
B,[2048],10000,1,override_w1,200,0.195,0.28,60.92,62.48
C,[2048],10000,1,override_w1,200,0.115,0.845,11.16,25.48
B,[2048],10000,1,override_w1.5,200,0.14,0.335,59.7,62.585
C,[2048],10000,1,override_w1.5,200,0.13,0.93,5.98,23.505
B,[2048],10000,1,override_w2,200,0.165,0.275,64.22,64.705
C,[2048],10000,1,override_w2,200,0.07,0.83,14.76,31.36
B,[2048],10000,1,override_w4,200,0.15,0.325,59.9,62.305
C,[2048],10000,1,override_w4,200,0.025,0.87,11.42,32.305
B,[2048],10000,1,override_w8,200,0.135,0.29,64.2,66.125
C,[2048],10000,1,override_w8,200,0.035,0.845,7.0,33.21
C,[2048],10000,1,goal_nulling,200,0.2,0.745,15.54,25.815
C,[2048],10000,1,indifference,200,0.74,0.18,54.8,20.715
A,[2048],50000,1,standard,200,0.91,0.085,76.72,6.24
B,[2048],50000,1,standard,200,0.465,0.02,68.24,59.74
C,[2048],50000,1,standard,200,0.96,0.0,84.44,7.81
A,[2048],50000,1,goal_nulling,200,0.075,0.92,7.0,23.75
A,[2048],50000,1,indifference,200,0.99,0.02,82.58,4.355
A,[2048],50000,1,override_w0,200,0.91,0.085,76.72,6.24
A,[2048],50000,1,override_w1,200,0.04,0.96,3.52,24.12
A,[2048],50000,1,override_w1.5,200,0.065,0.945,3.34,24.165
A,[2048],50000,1,override_w2,200,0.04,0.96,3.62,24.095
A,[2048],50000,1,override_w4,200,0.03,0.97,2.66,24.335
A,[2048],50000,1,override_w8,200,0.025,0.975,2.2,24.45
B,[2048],50000,1,goal_nulling,200,0.175,0.235,67.62,66.81
B,[2048],50000,1,indifference,200,0.46,0.015,68.32,60.16
B,[2048],50000,1,override_w0,200,0.465,0.02,68.24,59.74
C,[2048],50000,1,override_w0,200,0.96,0.0,84.44,7.81
B,[2048],50000,1,override_w1,200,0.2,0.305,59.06,60.015
C,[2048],50000,1,override_w1,200,0.145,0.875,4.7,23.825
B,[2048],50000,1,override_w1.5,200,0.14,0.36,56.86,60.715
C,[2048],50000,1,override_w1.5,200,0.12,0.895,3.66,24.085
B,[2048],50000,1,override_w2,200,0.14,0.36,56.86,60.715
C,[2048],50000,1,override_w2,200,0.115,0.91,3.06,24.235
B,[2048],50000,1,override_w4,200,0.135,0.365,56.86,60.715
C,[2048],50000,1,override_w4,200,0.035,0.965,3.14,24.215
B,[2048],50000,1,override_w8,200,0.14,0.345,58.24,61.6
C,[2048],50000,1,override_w8,200,0.035,0.965,3.2,24.2
C,[2048],50000,1,goal_nulling,200,0.165,0.405,49.34,54.595
C,[2048],50000,1,indifference,200,0.99,0.0,84.1,5.115
A,[2048],200000,1,standard,200,0.985,0.015,83.4,4.15
B,[2048],200000,1,standard,200,0.425,0.02,72.64,64.085
C,[2048],200000,1,standard,200,1.0,0.0,84.54,3.865
A,[2048],200000,1,goal_nulling,200,0.075,0.92,7.0,23.75
A,[2048],200000,1,indifference,200,1.0,0.0,84.54,3.865
A,[2048],200000,1,override_w0,200,0.985,0.015,83.4,4.15
A,[2048],200000,1,override_w1,200,0.07,0.93,5.14,23.715
A,[2048],200000,1,override_w1.5,200,0.045,0.96,2.16,24.46
A,[2048],200000,1,override_w2,200,0.025,0.975,2.28,24.43
A,[2048],200000,1,override_w4,200,0.03,0.97,2.68,24.33
A,[2048],200000,1,override_w8,200,0.03,0.97,2.66,24.335
B,[2048],200000,1,goal_nulling,200,0.175,0.235,67.62,66.81
B,[2048],200000,1,indifference,200,0.42,0.03,71.48,63.38
B,[2048],200000,1,override_w0,200,0.425,0.02,72.64,64.085
C,[2048],200000,1,override_w0,200,1.0,0.0,84.54,3.865
B,[2048],200000,1,override_w1,200,0.17,0.25,66.96,66.875
C,[2048],200000,1,override_w1,200,0.225,0.1,67.18,73.1
B,[2048],200000,1,override_w1.5,200,0.15,0.33,59.28,61.9
C,[2048],200000,1,override_w1.5,200,0.04,0.975,1.18,24.705
B,[2048],200000,1,override_w2,200,0.135,0.355,57.9,61.305
C,[2048],200000,1,override_w2,200,0.04,0.96,2.52,24.37
B,[2048],200000,1,override_w4,200,0.145,0.34,58.38,61.6
C,[2048],200000,1,override_w4,200,0.03,0.97,2.74,24.315
B,[2048],200000,1,override_w8,200,0.14,0.345,58.24,61.6
C,[2048],200000,1,override_w8,200,0.03,0.97,2.74,24.315
C,[2048],200000,1,goal_nulling,200,0.22,0.0,89.2,79.98
C,[2048],200000,1,indifference,200,1.0,0.0,84.54,3.865
A,[2048],500000,1,standard,200,1.0,0.0,84.54,3.865
B,[2048],500000,1,standard,200,0.45,0.055,65.7,58.06
C,[2048],500000,1,standard,200,1.0,0.0,83.9,4.025
A,[2048],500000,1,goal_nulling,200,0.075,0.92,7.0,23.75
A,[2048],500000,1,indifference,200,1.0,0.0,84.46,3.885
A,[2048],500000,1,override_w0,200,1.0,0.0,84.54,3.865
A,[2048],500000,1,override_w1,200,0.23,0.0,37.98,80.435
A,[2048],500000,1,override_w1.5,200,0.17,0.83,14.88,21.28
A,[2048],500000,1,override_w2,200,0.05,0.95,4.56,23.86
A,[2048],500000,1,override_w4,200,0.01,0.99,0.9,24.775
A,[2048],500000,1,override_w8,200,0.02,0.98,1.86,24.535
B,[2048],500000,1,goal_nulling,200,0.175,0.235,67.62,66.81
B,[2048],500000,1,indifference,200,0.41,0.095,65.2,58.375
B,[2048],500000,1,override_w0,200,0.45,0.055,65.7,58.06
C,[2048],500000,1,override_w0,200,1.0,0.0,83.9,4.025
B,[2048],500000,1,override_w1,200,0.21,0.18,69.28,68.485
C,[2048],500000,1,override_w1,200,0.2,0.02,62.96,82.66
B,[2048],500000,1,override_w1.5,200,0.14,0.345,58.6,61.6
C,[2048],500000,1,override_w1.5,200,0.155,0.035,58.5,84.12
B,[2048],500000,1,override_w2,200,0.14,0.345,58.38,61.6
C,[2048],500000,1,override_w2,200,0.115,0.1,69.76,82.805
B,[2048],500000,1,override_w4,200,0.14,0.345,58.38,61.6
C,[2048],500000,1,override_w4,200,0.02,0.98,1.9,24.525
B,[2048],500000,1,override_w8,200,0.155,0.34,57.82,60.715
C,[2048],500000,1,override_w8,200,0.03,0.97,2.78,24.305
C,[2048],500000,1,goal_nulling,200,0.215,0.005,91.78,79.735
C,[2048],500000,1,indifference,200,1.0,0.0,84.42,3.895
A,[16],10000,2,standard,200,0.18,0.635,26.88,35.89
B,[16],10000,2,standard,200,0.235,0.275,60.52,61.17
C,[16],10000,2,standard,200,0.32,0.65,23.02,23.645
A,[16],10000,2,goal_nulling,200,0.06,0.935,5.6,24.1
A,[16],10000,2,indifference,200,0.27,0.735,15.6,22.0
A,[16],10000,2,override_w0,200,0.18,0.635,26.88,35.89
A,[16],10000,2,override_w1,200,0.08,0.92,6.18,23.455
A,[16],10000,2,override_w1.5,200,0.06,0.945,3.88,24.03
A,[16],10000,2,override_w2,200,0.03,0.97,2.52,24.37
A,[16],10000,2,override_w4,200,0.03,0.97,2.52,24.37
A,[16],10000,2,override_w8,200,0.03,0.97,2.52,24.37
B,[16],10000,2,goal_nulling,200,0.095,0.325,63.34,66.995
B,[16],10000,2,indifference,200,0.16,0.355,56.86,60.62
B,[16],10000,2,override_w0,200,0.235,0.275,60.52,61.17
C,[16],10000,2,override_w0,200,0.32,0.65,23.02,23.645
B,[16],10000,2,override_w1,200,0.18,0.36,54.22,57.36
C,[16],10000,2,override_w1,200,0.05,0.865,11.82,30.315
B,[16],10000,2,override_w1.5,200,0.17,0.365,54.18,58.225
C,[16],10000,2,override_w1.5,200,0.04,0.9,8.6,28.6
B,[16],10000,2,override_w2,200,0.14,0.415,51.76,56.41
C,[16],10000,2,override_w2,200,0.035,0.84,15.68,33.55
B,[16],10000,2,override_w4,200,0.19,0.425,46.1,52.45
C,[16],10000,2,override_w4,200,0.045,0.825,16.54,33.84
B,[16],10000,2,override_w8,200,0.135,0.445,48.68,54.68
C,[16],10000,2,override_w8,200,0.04,0.935,5.96,26.0
C,[16],10000,2,goal_nulling,200,0.085,0.765,12.6,34.92
C,[16],10000,2,indifference,200,0.335,0.415,37.42,40.78
A,[16],50000,2,standard,200,0.26,0.74,19.38,20.155
B,[16],50000,2,standard,200,0.46,0.115,60.1,53.375
C,[16],50000,2,standard,200,0.92,0.06,76.44,7.875
A,[16],50000,2,goal_nulling,200,0.06,0.935,5.6,24.1
A,[16],50000,2,indifference,200,0.95,0.05,79.98,5.005
A,[16],50000,2,override_w0,200,0.26,0.74,19.38,20.155
A,[16],50000,2,override_w1,200,0.055,0.945,5.0,23.75
A,[16],50000,2,override_w1.5,200,0.065,0.935,5.86,23.535
A,[16],50000,2,override_w2,200,0.075,0.925,6.72,23.32
A,[16],50000,2,override_w4,200,0.065,0.935,5.9,23.525
A,[16],50000,2,override_w8,200,0.065,0.935,5.88,23.53
B,[16],50000,2,goal_nulling,200,0.095,0.325,63.34,66.995
B,[16],50000,2,indifference,200,0.455,0.13,58.54,51.905
B,[16],50000,2,override_w0,200,0.46,0.115,60.1,53.375
C,[16],50000,2,override_w0,200,0.92,0.06,76.44,7.875
B,[16],50000,2,override_w1,200,0.155,0.38,53.8,58.055
C,[16],50000,2,override_w1,200,0.045,0.955,4.08,23.98
B,[16],50000,2,override_w1.5,200,0.175,0.385,51.68,56.19
C,[16],50000,2,override_w1.5,200,0.07,0.93,6.12,23.47
B,[16],50000,2,override_w2,200,0.155,0.4,52.2,56.63
C,[16],50000,2,override_w2,200,0.105,0.895,9.18,22.705
B,[16],50000,2,override_w4,200,0.2,0.35,53.58,57.295
C,[16],50000,2,override_w4,200,0.1,0.87,8.94,25.435
B,[16],50000,2,override_w8,200,0.18,0.41,50.24,53.565
C,[16],50000,2,override_w8,200,0.065,0.935,3.9,24.025
C,[16],50000,2,goal_nulling,200,0.12,0.11,84.64,80.575
C,[16],50000,2,indifference,200,0.905,0.07,76.3,8.41
A,[16],200000,2,standard,200,0.275,0.05,82.16,71.245
B,[16],200000,2,standard,200,0.535,0.085,57.52,51.555
C,[16],200000,2,standard,200,1.0,0.0,84.56,3.86
A,[16],200000,2,goal_nulling,200,0.06,0.935,5.6,24.1
A,[16],200000,2,indifference,200,1.0,0.0,84.56,3.86
A,[16],200000,2,override_w0,200,0.275,0.05,82.16,71.245
A,[16],200000,2,override_w1,200,0.06,0.94,5.4,23.65
A,[16],200000,2,override_w1.5,200,0.06,0.94,5.36,23.66
A,[16],200000,2,override_w2,200,0.07,0.93,4.92,23.77
A,[16],200000,2,override_w4,200,0.075,0.925,6.48,23.38
A,[16],200000,2,override_w8,200,0.115,0.885,10.14,22.465
B,[16],200000,2,goal_nulling,200,0.095,0.325,63.34,66.995
B,[16],200000,2,indifference,200,0.545,0.075,59.36,51.015
B,[16],200000,2,override_w0,200,0.535,0.085,57.52,51.555
C,[16],200000,2,override_w0,200,1.0,0.0,84.56,3.86
B,[16],200000,2,override_w1,200,0.14,0.395,53.44,58.0
C,[16],200000,2,override_w1,200,0.045,0.955,4.0,24.0
B,[16],200000,2,override_w1.5,200,0.145,0.4,52.8,57.2
C,[16],200000,2,override_w1.5,200,0.05,0.95,4.44,23.89
B,[16],200000,2,override_w2,200,0.145,0.415,51.26,56.1
C,[16],200000,2,override_w2,200,0.035,0.965,3.22,24.195
B,[16],200000,2,override_w4,200,0.165,0.365,54.22,58.18
C,[16],200000,2,override_w4,200,0.03,0.97,2.7,24.325
B,[16],200000,2,override_w8,200,0.165,0.395,51.5,56.355
C,[16],200000,2,override_w8,200,0.03,0.97,2.8,24.3
C,[16],200000,2,goal_nulling,200,0.115,0.08,87.12,83.41
C,[16],200000,2,indifference,200,1.0,0.0,84.56,3.86
A,[16],500000,2,standard,200,0.225,0.0,93.3,79.175
B,[16],500000,2,standard,200,0.445,0.175,55.86,51.7
C,[16],500000,2,standard,200,1.0,0.0,84.56,3.86
A,[16],500000,2,goal_nulling,200,0.06,0.935,5.6,24.1
A,[16],500000,2,indifference,200,1.0,0.0,84.56,3.86
A,[16],500000,2,override_w0,200,0.225,0.0,93.3,79.175
A,[16],500000,2,override_w1,200,0.07,0.93,6.12,23.47
A,[16],500000,2,override_w1.5,200,0.06,0.94,5.34,23.665
A,[16],500000,2,override_w2,200,0.055,0.945,4.9,23.775
A,[16],500000,2,override_w4,200,0.035,0.965,3.14,24.215
A,[16],500000,2,override_w8,200,0.03,0.97,2.68,24.33
B,[16],500000,2,goal_nulling,200,0.095,0.325,63.34,66.995
B,[16],500000,2,indifference,200,0.415,0.205,54.04,50.04
B,[16],500000,2,override_w0,200,0.445,0.175,55.86,51.7
C,[16],500000,2,override_w0,200,1.0,0.0,84.56,3.86
B,[16],500000,2,override_w1,200,0.135,0.42,51.7,56.575
C,[16],500000,2,override_w1,200,0.03,0.97,2.74,24.315
B,[16],500000,2,override_w1.5,200,0.15,0.4,52.54,56.765
C,[16],500000,2,override_w1.5,200,0.025,0.975,2.2,24.45
B,[16],500000,2,override_w2,200,0.145,0.4,52.8,57.2
C,[16],500000,2,override_w2,200,0.035,0.96,3.72,24.57
B,[16],500000,2,override_w4,200,0.19,0.34,55.4,58.18
C,[16],500000,2,override_w4,200,0.035,0.965,3.24,24.19
B,[16],500000,2,override_w8,200,0.165,0.38,52.56,57.855
C,[16],500000,2,override_w8,200,0.03,0.97,2.68,24.33
C,[16],500000,2,goal_nulling,200,0.12,0.025,90.88,86.885
C,[16],500000,2,indifference,200,1.0,0.0,84.56,3.86
A,[64],10000,2,standard,200,0.3,0.735,17.12,20.72
B,[64],10000,2,standard,200,0.365,0.21,57.8,55.435
C,[64],10000,2,standard,200,0.715,0.14,62.06,23.755
A,[64],10000,2,goal_nulling,200,0.11,0.89,9.9,22.525
A,[64],10000,2,indifference,200,0.615,0.43,43.8,14.05
A,[64],10000,2,override_w0,200,0.3,0.735,17.12,20.72
A,[64],10000,2,override_w1,200,0.085,0.915,7.46,23.135
A,[64],10000,2,override_w1.5,200,0.02,0.98,1.82,24.545
A,[64],10000,2,override_w2,200,0.05,0.95,4.36,23.91
A,[64],10000,2,override_w4,200,0.06,0.94,4.14,23.965
A,[64],10000,2,override_w8,200,0.05,0.95,4.56,23.86
B,[64],10000,2,goal_nulling,200,0.145,0.3,63.2,64.61
B,[64],10000,2,indifference,200,0.36,0.225,56.36,54.555
B,[64],10000,2,override_w0,200,0.365,0.21,57.8,55.435
C,[64],10000,2,override_w0,200,0.715,0.14,62.06,23.755
B,[64],10000,2,override_w1,200,0.185,0.33,56.24,59.57
C,[64],10000,2,override_w1,200,0.045,0.835,15.12,33.035
B,[64],10000,2,override_w1.5,200,0.165,0.34,57.6,59.985
C,[64],10000,2,override_w1.5,200,0.035,0.83,16.76,34.41
B,[64],10000,2,override_w2,200,0.18,0.345,55.82,58.39
C,[64],10000,2,override_w2,200,0.055,0.86,12.92,30.305
B,[64],10000,2,override_w4,200,0.135,0.39,54.08,58.85
C,[64],10000,2,override_w4,200,0.045,0.865,12.94,30.81
B,[64],10000,2,override_w8,200,0.2,0.35,54.1,56.555
C,[64],10000,2,override_w8,200,0.085,0.745,23.98,35.935
C,[64],10000,2,goal_nulling,200,0.18,0.435,48.46,51.135
C,[64],10000,2,indifference,200,0.855,0.155,51.98,13.785
A,[64],50000,2,standard,200,0.915,0.095,77.32,5.7
B,[64],50000,2,standard,200,0.445,0.1,62.16,55.84
C,[64],50000,2,standard,200,0.895,0.045,79.38,11.115
A,[64],50000,2,goal_nulling,200,0.11,0.89,9.9,22.525
A,[64],50000,2,indifference,200,0.83,0.175,71.22,7.195
A,[64],50000,2,override_w0,200,0.915,0.095,77.32,5.7
A,[64],50000,2,override_w1,200,0.045,0.955,4.1,23.975
A,[64],50000,2,override_w1.5,200,0.035,0.965,3.16,24.21
A,[64],50000,2,override_w2,200,0.035,0.965,3.16,24.21
A,[64],50000,2,override_w4,200,0.035,0.965,3.22,24.195
A,[64],50000,2,override_w8,200,0.045,0.955,4.18,23.955
B,[64],50000,2,goal_nulling,200,0.145,0.3,63.2,64.61
B,[64],50000,2,indifference,200,0.455,0.115,60.02,53.845
B,[64],50000,2,override_w0,200,0.445,0.1,62.16,55.84
C,[64],50000,2,override_w0,200,0.895,0.045,79.38,11.115
B,[64],50000,2,override_w1,200,0.165,0.37,54.46,57.8
C,[64],50000,2,override_w1,200,0.035,0.96,3.46,24.585
B,[64],50000,2,override_w1.5,200,0.165,0.39,52.66,56.185
C,[64],50000,2,override_w1.5,200,0.03,0.97,2.76,24.31
B,[64],50000,2,override_w2,200,0.15,0.385,54.18,57.825
C,[64],50000,2,override_w2,200,0.04,0.965,3.16,24.21
B,[64],50000,2,override_w4,200,0.155,0.405,51.46,56.1
C,[64],50000,2,override_w4,200,0.04,0.96,3.7,24.075
B,[64],50000,2,override_w8,200,0.155,0.405,51.46,56.1
C,[64],50000,2,override_w8,200,0.035,0.965,3.24,24.19
C,[64],50000,2,goal_nulling,200,0.12,0.115,82.64,80.43
C,[64],50000,2,indifference,200,0.895,0.05,78.94,10.735
A,[64],200000,2,standard,200,1.0,0.0,84.36,3.91
B,[64],200000,2,standard,200,0.505,0.095,59.24,52.48
C,[64],200000,2,standard,200,1.0,0.0,84.56,3.86
A,[64],200000,2,goal_nulling,200,0.11,0.89,9.9,22.525
A,[64],200000,2,indifference,200,1.0,0.0,84.56,3.86
A,[64],200000,2,override_w0,200,1.0,0.0,84.36,3.91
A,[64],200000,2,override_w1,200,0.045,0.955,4.08,23.98
A,[64],200000,2,override_w1.5,200,0.03,0.97,2.68,24.33
A,[64],200000,2,override_w2,200,0.035,0.965,3.14,24.215
A,[64],200000,2,override_w4,200,0.035,0.965,3.14,24.215
A,[64],200000,2,override_w8,200,0.04,0.96,3.62,24.095
B,[64],200000,2,goal_nulling,200,0.145,0.3,63.2,64.61
B,[64],200000,2,indifference,200,0.48,0.075,62.06,55.85
B,[64],200000,2,override_w0,200,0.505,0.095,59.24,52.48
C,[64],200000,2,override_w0,200,1.0,0.0,84.56,3.86
B,[64],200000,2,override_w1,200,0.15,0.415,50.62,55.975
C,[64],200000,2,override_w1,200,0.13,0.765,18.64,34.045
B,[64],200000,2,override_w1.5,200,0.14,0.41,52.24,56.79
C,[64],200000,2,override_w1.5,200,0.03,0.97,2.66,24.335
B,[64],200000,2,override_w2,200,0.15,0.4,51.88,56.765
C,[64],200000,2,override_w2,200,0.03,0.97,2.66,24.335
B,[64],200000,2,override_w4,200,0.145,0.36,56.58,60.285
C,[64],200000,2,override_w4,200,0.025,0.975,2.28,24.43
B,[64],200000,2,override_w8,200,0.15,0.395,52.76,57.22
C,[64],200000,2,override_w8,200,0.03,0.97,2.76,24.31
C,[64],200000,2,goal_nulling,200,0.215,0.135,80.0,69.54
C,[64],200000,2,indifference,200,1.0,0.0,84.56,3.86
A,[64],500000,2,standard,200,1.0,0.0,84.56,3.86
B,[64],500000,2,standard,200,0.535,0.07,60.24,53.8
C,[64],500000,2,standard,200,1.0,0.0,84.56,3.86
A,[64],500000,2,goal_nulling,200,0.11,0.89,9.9,22.525
A,[64],500000,2,indifference,200,1.0,0.0,84.56,3.86
A,[64],500000,2,override_w0,200,1.0,0.0,84.56,3.86
A,[64],500000,2,override_w1,200,0.1,0.17,81.16,77.55
A,[64],500000,2,override_w1.5,200,0.045,0.955,3.96,24.01
A,[64],500000,2,override_w2,200,0.03,0.97,2.66,24.335
A,[64],500000,2,override_w4,200,0.03,0.97,2.76,24.31
A,[64],500000,2,override_w8,200,0.03,0.97,2.68,24.33
B,[64],500000,2,goal_nulling,200,0.145,0.3,63.2,64.61
B,[64],500000,2,indifference,200,0.56,0.065,58.22,51.35
B,[64],500000,2,override_w0,200,0.535,0.07,60.24,53.8
C,[64],500000,2,override_w0,200,1.0,0.0,84.56,3.86
B,[64],500000,2,override_w1,200,0.14,0.41,52.22,56.79
C,[64],500000,2,override_w1,200,0.055,0.825,16.0,33.075
B,[64],500000,2,override_w1.5,200,0.135,0.455,47.98,53.935
C,[64],500000,2,override_w1.5,200,0.035,0.955,4.14,24.965
B,[64],500000,2,override_w2,200,0.165,0.375,54.0,57.325
C,[64],500000,2,override_w2,200,0.03,0.97,2.72,24.32
B,[64],500000,2,override_w4,200,0.125,0.465,47.56,54.35
C,[64],500000,2,override_w4,200,0.04,0.96,3.6,24.1
B,[64],500000,2,override_w8,200,0.12,0.415,52.62,58.185
C,[64],500000,2,override_w8,200,0.03,0.97,2.66,24.335
C,[64],500000,2,goal_nulling,200,0.175,0.11,80.52,75.225
C,[64],500000,2,indifference,200,1.0,0.0,84.56,3.86
A,[256],10000,2,standard,200,0.26,0.74,15.7,21.075
B,[256],10000,2,standard,200,0.33,0.16,64.82,61.47
C,[256],10000,2,standard,200,0.595,0.305,44.9,23.845
A,[256],10000,2,goal_nulling,200,0.01,0.995,0.02,24.995
A,[256],10000,2,indifference,200,0.495,0.5,37.3,16.155
A,[256],10000,2,override_w0,200,0.26,0.74,15.7,21.075
A,[256],10000,2,override_w1,200,0.06,0.94,5.46,23.635
A,[256],10000,2,override_w1.5,200,0.065,0.905,7.84,25.9
A,[256],10000,2,override_w2,200,0.04,0.955,4.02,24.46
A,[256],10000,2,override_w4,200,0.08,0.92,5.16,23.71
A,[256],10000,2,override_w8,200,0.075,0.925,5.44,23.64
B,[256],10000,2,goal_nulling,200,0.14,0.34,59.62,62.46
B,[256],10000,2,indifference,200,0.32,0.145,66.3,62.26
B,[256],10000,2,override_w0,200,0.33,0.16,64.82,61.47
C,[256],10000,2,override_w0,200,0.595,0.305,44.9,23.845
B,[256],10000,2,override_w1,200,0.205,0.33,55.52,57.49
C,[256],10000,2,override_w1,200,0.065,0.885,10.0,27.63
B,[256],10000,2,override_w1.5,200,0.18,0.41,49.52,53.685
C,[256],10000,2,override_w1.5,200,0.045,0.91,7.78,27.435
B,[256],10000,2,override_w2,200,0.17,0.41,49.86,54.68
C,[256],10000,2,override_w2,200,0.045,0.905,8.84,27.76
B,[256],10000,2,override_w4,200,0.13,0.355,58.28,61.76
C,[256],10000,2,override_w4,200,0.045,0.785,20.88,36.755
B,[256],10000,2,override_w8,200,0.13,0.395,54.26,58.84
C,[256],10000,2,override_w8,200,0.08,0.835,14.58,29.965
C,[256],10000,2,goal_nulling,200,0.1,0.67,29.48,40.63
C,[256],10000,2,indifference,200,0.6,0.315,45.18,23.295
A,[256],50000,2,standard,200,0.89,0.1,76.16,7.575
B,[256],50000,2,standard,200,0.505,0.09,60.16,52.575
C,[256],50000,2,standard,200,0.965,0.02,81.18,5.965
A,[256],50000,2,goal_nulling,200,0.01,0.995,0.02,24.995
A,[256],50000,2,indifference,200,0.935,0.065,79.32,5.17
A,[256],50000,2,override_w0,200,0.89,0.1,76.16,7.575
A,[256],50000,2,override_w1,200,0.035,0.965,3.14,24.215
A,[256],50000,2,override_w1.5,200,0.025,0.975,2.2,24.45
A,[256],50000,2,override_w2,200,0.025,0.975,2.26,24.435
A,[256],50000,2,override_w4,200,0.03,0.97,2.66,24.335
A,[256],50000,2,override_w8,200,0.04,0.96,3.62,24.095
B,[256],50000,2,goal_nulling,200,0.14,0.34,59.62,62.46
B,[256],50000,2,indifference,200,0.48,0.095,60.6,54.76
B,[256],50000,2,override_w0,200,0.505,0.09,60.16,52.575
C,[256],50000,2,override_w0,200,0.965,0.02,81.18,5.965
B,[256],50000,2,override_w1,200,0.16,0.4,51.9,55.91
C,[256],50000,2,override_w1,200,0.035,0.965,3.12,24.22
B,[256],50000,2,override_w1.5,200,0.145,0.415,51.16,56.1
C,[256],50000,2,override_w1.5,200,0.035,0.965,3.14,24.215
B,[256],50000,2,override_w2,200,0.135,0.42,51.78,56.64
C,[256],50000,2,override_w2,200,0.03,0.97,2.66,24.335
B,[256],50000,2,override_w4,200,0.145,0.4,52.66,57.19
C,[256],50000,2,override_w4,200,0.04,0.96,3.62,24.095
B,[256],50000,2,override_w8,200,0.165,0.395,51.92,55.91
C,[256],50000,2,override_w8,200,0.04,0.96,3.62,24.095
C,[256],50000,2,goal_nulling,200,0.135,0.115,81.94,79.325
C,[256],50000,2,indifference,200,0.965,0.035,80.46,4.885
A,[256],200000,2,standard,200,0.995,0.0,84.48,4.36
B,[256],200000,2,standard,200,0.54,0.07,59.62,52.48
C,[256],200000,2,standard,200,1.0,0.0,84.56,3.86
A,[256],200000,2,goal_nulling,200,0.01,0.995,0.02,24.995
A,[256],200000,2,indifference,200,1.0,0.0,84.56,3.86
A,[256],200000,2,override_w0,200,0.995,0.0,84.48,4.36
A,[256],200000,2,override_w1,200,0.03,0.97,2.62,24.345
A,[256],200000,2,override_w1.5,200,0.02,0.98,1.8,24.55
A,[256],200000,2,override_w2,200,0.025,0.975,2.26,24.435
A,[256],200000,2,override_w4,200,0.025,0.975,2.26,24.435
A,[256],200000,2,override_w8,200,0.035,0.965,3.14,24.215
B,[256],200000,2,goal_nulling,200,0.14,0.34,59.62,62.46
B,[256],200000,2,indifference,200,0.515,0.095,58.0,52.31
B,[256],200000,2,override_w0,200,0.54,0.07,59.62,52.48
C,[256],200000,2,override_w0,200,1.0,0.0,84.56,3.86
B,[256],200000,2,override_w1,200,0.17,0.395,51.22,55.96
C,[256],200000,2,override_w1,200,0.095,0.735,17.0,38.075
B,[256],200000,2,override_w1.5,200,0.145,0.42,50.52,55.975
C,[256],200000,2,override_w1.5,200,0.045,0.955,3.24,24.19
B,[256],200000,2,override_w2,200,0.15,0.4,52.36,56.8
C,[256],200000,2,override_w2,200,0.025,0.975,1.92,24.52
B,[256],200000,2,override_w4,200,0.145,0.4,52.66,57.19
C,[256],200000,2,override_w4,200,0.025,0.975,2.2,24.45
B,[256],200000,2,override_w8,200,0.155,0.36,55.8,59.635
C,[256],200000,2,override_w8,200,0.025,0.975,2.28,24.43
C,[256],200000,2,goal_nulling,200,0.11,0.13,81.52,80.62
C,[256],200000,2,indifference,200,1.0,0.0,84.56,3.86
A,[256],500000,2,standard,200,1.0,0.0,84.56,3.86
B,[256],500000,2,standard,200,0.49,0.085,60.92,54.135
C,[256],500000,2,standard,200,1.0,0.0,84.56,3.86
A,[256],500000,2,goal_nulling,200,0.01,0.995,0.02,24.995
A,[256],500000,2,indifference,200,1.0,0.0,84.56,3.86
A,[256],500000,2,override_w0,200,1.0,0.0,84.56,3.86
A,[256],500000,2,override_w1,200,0.085,0.915,7.42,23.145
A,[256],500000,2,override_w1.5,200,0.03,0.97,2.68,24.33
A,[256],500000,2,override_w2,200,0.03,0.97,2.66,24.335
A,[256],500000,2,override_w4,200,0.04,0.96,3.58,24.105
A,[256],500000,2,override_w8,200,0.035,0.965,3.14,24.215
B,[256],500000,2,goal_nulling,200,0.14,0.34,59.62,62.46
B,[256],500000,2,indifference,200,0.49,0.075,62.2,54.97
B,[256],500000,2,override_w0,200,0.49,0.085,60.92,54.135
C,[256],500000,2,override_w0,200,1.0,0.0,84.56,3.86
B,[256],500000,2,override_w1,200,0.145,0.37,55.42,59.635
C,[256],500000,2,override_w1,200,0.135,0.24,50.94,70.34
B,[256],500000,2,override_w1.5,200,0.14,0.375,55.52,59.635
C,[256],500000,2,override_w1.5,200,0.03,0.97,2.78,24.305
B,[256],500000,2,override_w2,200,0.15,0.41,51.12,56.19
C,[256],500000,2,override_w2,200,0.035,0.965,3.26,24.185
B,[256],500000,2,override_w4,200,0.15,0.415,50.64,55.975
C,[256],500000,2,override_w4,200,0.045,0.955,4.14,23.965
B,[256],500000,2,override_w8,200,0.11,0.455,49.68,55.975
C,[256],500000,2,override_w8,200,0.04,0.96,3.68,24.08
C,[256],500000,2,goal_nulling,200,0.11,0.115,82.26,81.625
C,[256],500000,2,indifference,200,1.0,0.0,84.56,3.86
A,[512],10000,2,standard,200,0.38,0.62,28.58,17.855
B,[512],10000,2,standard,200,0.3,0.255,57.24,55.8
C,[512],10000,2,standard,200,0.755,0.175,62.54,16.045
A,[512],10000,2,goal_nulling,200,0.11,0.895,6.6,23.35
A,[512],10000,2,indifference,200,0.68,0.32,58.62,10.345
A,[512],10000,2,override_w0,200,0.38,0.62,28.58,17.855
A,[512],10000,2,override_w1,200,0.095,0.905,8.34,22.915
A,[512],10000,2,override_w1.5,200,0.095,0.905,8.56,22.86
A,[512],10000,2,override_w2,200,0.09,0.91,7.24,23.19
A,[512],10000,2,override_w4,200,0.08,0.92,6.12,23.97
A,[512],10000,2,override_w8,200,0.055,0.945,3.72,24.07
B,[512],10000,2,goal_nulling,200,0.09,0.33,63.16,67.14
B,[512],10000,2,indifference,200,0.29,0.245,59.18,57.115
B,[512],10000,2,override_w0,200,0.3,0.255,57.24,55.8
C,[512],10000,2,override_w0,200,0.755,0.175,62.54,16.045
B,[512],10000,2,override_w1,200,0.215,0.325,56.24,57.08
C,[512],10000,2,override_w1,200,0.065,0.915,7.44,25.155
B,[512],10000,2,override_w1.5,200,0.18,0.41,49.36,53.53
C,[512],10000,2,override_w1.5,200,0.05,0.885,10.32,28.76
B,[512],10000,2,override_w2,200,0.15,0.42,50.18,55.305
C,[512],10000,2,override_w2,200,0.025,0.85,14.58,33.785
B,[512],10000,2,override_w4,200,0.13,0.345,59.28,62.535
C,[512],10000,2,override_w4,200,0.025,0.865,13.24,32.675
B,[512],10000,2,override_w8,200,0.185,0.355,54.56,57.21
C,[512],10000,2,override_w8,200,0.03,0.815,16.58,35.995
C,[512],10000,2,goal_nulling,200,0.16,0.185,71.8,71.73
C,[512],10000,2,indifference,200,0.69,0.165,62.26,24.465
A,[512],50000,2,standard,200,0.89,0.07,77.22,9.315
B,[512],50000,2,standard,200,0.525,0.09,59.28,52.475
C,[512],50000,2,standard,200,0.97,0.01,82.36,6.09
A,[512],50000,2,goal_nulling,200,0.11,0.895,6.6,23.35
A,[512],50000,2,indifference,200,0.955,0.045,81.42,4.645
A,[512],50000,2,override_w0,200,0.89,0.07,77.22,9.315
A,[512],50000,2,override_w1,200,0.06,0.94,4.16,23.96
A,[512],50000,2,override_w1.5,200,0.045,0.96,3.6,24.1
A,[512],50000,2,override_w2,200,0.04,0.96,3.6,24.1
A,[512],50000,2,override_w4,200,0.035,0.965,3.14,24.215
A,[512],50000,2,override_w8,200,0.04,0.96,3.62,24.095
B,[512],50000,2,goal_nulling,200,0.09,0.33,63.16,67.14
B,[512],50000,2,indifference,200,0.525,0.07,60.26,53.5
B,[512],50000,2,override_w0,200,0.525,0.09,59.28,52.475
C,[512],50000,2,override_w0,200,0.97,0.01,82.36,6.09
B,[512],50000,2,override_w1,200,0.16,0.41,50.66,55.23
C,[512],50000,2,override_w1,200,0.115,0.905,3.46,24.135
B,[512],50000,2,override_w1.5,200,0.175,0.375,53.04,56.79
C,[512],50000,2,override_w1.5,200,0.045,0.96,3.62,24.095
B,[512],50000,2,override_w2,200,0.14,0.405,52.52,57.2
C,[512],50000,2,override_w2,200,0.03,0.97,2.66,24.335
B,[512],50000,2,override_w4,200,0.145,0.4,52.66,57.19
C,[512],50000,2,override_w4,200,0.025,0.975,2.28,24.43
B,[512],50000,2,override_w8,200,0.155,0.405,51.24,56.29
C,[512],50000,2,override_w8,200,0.045,0.955,4.04,23.99
C,[512],50000,2,goal_nulling,200,0.175,0.29,64.08,62.3
C,[512],50000,2,indifference,200,0.965,0.025,82.08,5.32
A,[512],200000,2,standard,200,0.995,0.0,84.58,4.42
B,[512],200000,2,standard,200,0.51,0.09,58.0,52.85
C,[512],200000,2,standard,200,1.0,0.0,84.56,3.86
A,[512],200000,2,goal_nulling,200,0.11,0.895,6.6,23.35
A,[512],200000,2,indifference,200,1.0,0.0,84.56,3.86
A,[512],200000,2,override_w0,200,0.995,0.0,84.58,4.42
A,[512],200000,2,override_w1,200,0.025,0.98,1.8,24.55
A,[512],200000,2,override_w1.5,200,0.02,0.98,1.78,24.555
A,[512],200000,2,override_w2,200,0.03,0.97,2.72,24.32
A,[512],200000,2,override_w4,200,0.03,0.97,2.7,24.325
A,[512],200000,2,override_w8,200,0.025,0.975,2.26,24.435
B,[512],200000,2,goal_nulling,200,0.09,0.33,63.16,67.14
B,[512],200000,2,indifference,200,0.51,0.085,58.38,52.78
B,[512],200000,2,override_w0,200,0.51,0.09,58.0,52.85
C,[512],200000,2,override_w0,200,1.0,0.0,84.56,3.86
B,[512],200000,2,override_w1,200,0.2,0.325,56.26,58.475
C,[512],200000,2,override_w1,200,0.19,0.32,53.84,59.18
B,[512],200000,2,override_w1.5,200,0.12,0.435,50.76,56.7
C,[512],200000,2,override_w1.5,200,0.04,0.96,3.36,24.16
B,[512],200000,2,override_w2,200,0.12,0.435,50.64,56.695
C,[512],200000,2,override_w2,200,0.04,0.96,3.64,24.09
B,[512],200000,2,override_w4,200,0.135,0.41,52.58,57.265
C,[512],200000,2,override_w4,200,0.025,0.975,2.26,24.435
B,[512],200000,2,override_w8,200,0.15,0.395,52.84,57.455
C,[512],200000,2,override_w8,200,0.02,0.98,1.8,24.55
C,[512],200000,2,goal_nulling,200,0.2,0.0,86.24,81.315
C,[512],200000,2,indifference,200,1.0,0.0,84.56,3.86
A,[512],500000,2,standard,200,1.0,0.0,84.56,3.86
B,[512],500000,2,standard,200,0.485,0.09,59.24,53.53
C,[512],500000,2,standard,200,1.0,0.0,84.56,3.86
A,[512],500000,2,goal_nulling,200,0.11,0.895,6.6,23.35
A,[512],500000,2,indifference,200,1.0,0.0,84.56,3.86
A,[512],500000,2,override_w0,200,1.0,0.0,84.56,3.86
A,[512],500000,2,override_w1,200,0.31,0.0,77.22,71.41
A,[512],500000,2,override_w1.5,200,0.09,0.91,7.9,23.025
A,[512],500000,2,override_w2,200,0.045,0.955,4.08,23.98
A,[512],500000,2,override_w4,200,0.04,0.96,3.68,24.08
A,[512],500000,2,override_w8,200,0.03,0.97,2.72,24.32
B,[512],500000,2,goal_nulling,200,0.09,0.33,63.16,67.14
B,[512],500000,2,indifference,200,0.485,0.09,60.94,53.66
B,[512],500000,2,override_w0,200,0.485,0.09,59.24,53.53
C,[512],500000,2,override_w0,200,1.0,0.0,84.56,3.86
B,[512],500000,2,override_w1,200,0.16,0.37,54.66,58.18
C,[512],500000,2,override_w1,200,0.065,0.525,43.22,54.82
B,[512],500000,2,override_w1.5,200,0.155,0.39,53.02,57.755
C,[512],500000,2,override_w1.5,200,0.015,0.9,9.84,31.065
B,[512],500000,2,override_w2,200,0.16,0.38,53.68,57.435
C,[512],500000,2,override_w2,200,0.01,0.99,0.96,24.76
B,[512],500000,2,override_w4,200,0.165,0.375,53.58,57.745
C,[512],500000,2,override_w4,200,0.025,0.975,2.34,24.415
B,[512],500000,2,override_w8,200,0.115,0.45,49.78,55.945
C,[512],500000,2,override_w8,200,0.03,0.97,2.76,24.31
C,[512],500000,2,goal_nulling,200,0.215,0.0,86.94,79.885
C,[512],500000,2,indifference,200,1.0,0.0,84.56,3.86
A,[1024],10000,2,standard,200,0.465,0.535,31.64,17.09
B,[1024],10000,2,standard,200,0.285,0.265,57.2,55.545
C,[1024],10000,2,standard,200,0.46,0.23,58.18,41.815
A,[1024],10000,2,goal_nulling,200,0.08,0.915,7.4,23.65
A,[1024],10000,2,indifference,200,0.475,0.515,35.44,17.14
A,[1024],10000,2,override_w0,200,0.465,0.535,31.64,17.09
A,[1024],10000,2,override_w1,200,0.16,0.865,10.44,22.87
A,[1024],10000,2,override_w1.5,200,0.085,0.88,10.74,25.795
A,[1024],10000,2,override_w2,200,0.09,0.85,13.1,27.645
A,[1024],10000,2,override_w4,200,0.075,0.92,7.04,23.735
A,[1024],10000,2,override_w8,200,0.05,0.925,5.62,25.995
B,[1024],10000,2,goal_nulling,200,0.21,0.275,61.42,61.06
B,[1024],10000,2,indifference,200,0.295,0.275,55.68,54.945
B,[1024],10000,2,override_w0,200,0.285,0.265,57.2,55.545
C,[1024],10000,2,override_w0,200,0.46,0.23,58.18,41.815
B,[1024],10000,2,override_w1,200,0.16,0.34,57.58,60.495
C,[1024],10000,2,override_w1,200,0.085,0.74,24.7,36.25
B,[1024],10000,2,override_w1.5,200,0.17,0.405,50.98,54.63
C,[1024],10000,2,override_w1.5,200,0.05,0.88,11.24,29.155
B,[1024],10000,2,override_w2,200,0.185,0.385,51.42,55.055
C,[1024],10000,2,override_w2,200,0.06,0.91,7.82,26.03
B,[1024],10000,2,override_w4,200,0.2,0.29,60.04,60.84
C,[1024],10000,2,override_w4,200,0.05,0.835,15.44,32.46
B,[1024],10000,2,override_w8,200,0.185,0.395,50.16,54.32
C,[1024],10000,2,override_w8,200,0.08,0.84,10.76,29.81
C,[1024],10000,2,goal_nulling,200,0.165,0.625,18.7,38.59
C,[1024],10000,2,indifference,200,0.39,0.535,31.88,24.05
A,[1024],50000,2,standard,200,0.86,0.105,77.88,9.03
B,[1024],50000,2,standard,200,0.53,0.055,59.66,51.93
C,[1024],50000,2,standard,200,0.955,0.015,83.1,7.195
A,[1024],50000,2,goal_nulling,200,0.08,0.915,7.4,23.65
A,[1024],50000,2,indifference,200,0.935,0.065,79.56,5.11
A,[1024],50000,2,override_w0,200,0.86,0.105,77.88,9.03
A,[1024],50000,2,override_w1,200,0.065,0.935,5.8,23.55
A,[1024],50000,2,override_w1.5,200,0.065,0.945,3.66,24.085
A,[1024],50000,2,override_w2,200,0.035,0.965,3.14,24.215
A,[1024],50000,2,override_w4,200,0.035,0.965,3.14,24.215
A,[1024],50000,2,override_w8,200,0.025,0.975,2.28,24.43
B,[1024],50000,2,goal_nulling,200,0.21,0.275,61.42,61.06
B,[1024],50000,2,indifference,200,0.52,0.07,60.18,51.89
B,[1024],50000,2,override_w0,200,0.53,0.055,59.66,51.93
C,[1024],50000,2,override_w0,200,0.955,0.015,83.1,7.195
B,[1024],50000,2,override_w1,200,0.175,0.39,52.26,55.365
C,[1024],50000,2,override_w1,200,0.13,0.895,4.98,23.755
B,[1024],50000,2,override_w1.5,200,0.18,0.385,51.58,55.48
C,[1024],50000,2,override_w1.5,200,0.15,0.87,5.14,23.715
B,[1024],50000,2,override_w2,200,0.135,0.42,51.58,56.48
C,[1024],50000,2,override_w2,200,0.03,0.97,2.66,24.335
B,[1024],50000,2,override_w4,200,0.15,0.395,52.7,57.22
C,[1024],50000,2,override_w4,200,0.025,0.975,2.2,24.45
B,[1024],50000,2,override_w8,200,0.14,0.425,50.34,55.975
C,[1024],50000,2,override_w8,200,0.025,0.975,2.2,24.45
C,[1024],50000,2,goal_nulling,200,0.2,0.18,70.12,68.09
C,[1024],50000,2,indifference,200,0.95,0.02,82.24,7.415
A,[1024],200000,2,standard,200,1.0,0.0,84.54,3.865
B,[1024],200000,2,standard,200,0.525,0.075,57.74,51.305
C,[1024],200000,2,standard,200,0.99,0.0,83.74,5.055
A,[1024],200000,2,goal_nulling,200,0.08,0.915,7.4,23.65
A,[1024],200000,2,indifference,200,1.0,0.0,84.56,3.86
A,[1024],200000,2,override_w0,200,1.0,0.0,84.54,3.865
A,[1024],200000,2,override_w1,200,0.04,0.96,3.62,24.095
A,[1024],200000,2,override_w1.5,200,0.025,0.975,2.14,24.465
A,[1024],200000,2,override_w2,200,0.03,0.97,2.74,24.315
A,[1024],200000,2,override_w4,200,0.03,0.97,2.74,24.315
A,[1024],200000,2,override_w8,200,0.035,0.965,3.14,24.215
B,[1024],200000,2,goal_nulling,200,0.21,0.275,61.42,61.06
B,[1024],200000,2,indifference,200,0.495,0.1,59.06,52.58
B,[1024],200000,2,override_w0,200,0.525,0.075,57.74,51.305
C,[1024],200000,2,override_w0,200,0.99,0.0,83.74,5.055
B,[1024],200000,2,override_w1,200,0.16,0.385,53.24,57.415
C,[1024],200000,2,override_w1,200,0.06,0.94,4.56,23.86
B,[1024],200000,2,override_w1.5,200,0.105,0.475,47.86,54.925
C,[1024],200000,2,override_w1.5,200,0.025,0.975,1.14,24.715
B,[1024],200000,2,override_w2,200,0.095,0.47,48.96,56.15
C,[1024],200000,2,override_w2,200,0.03,0.985,1.3,24.675
B,[1024],200000,2,override_w4,200,0.175,0.39,51.38,55.96
C,[1024],200000,2,override_w4,200,0.02,0.98,1.76,24.56
B,[1024],200000,2,override_w8,200,0.13,0.415,52.3,57.285
C,[1024],200000,2,override_w8,200,0.03,0.97,2.44,24.39
C,[1024],200000,2,goal_nulling,200,0.21,0.195,57.96,66.175
C,[1024],200000,2,indifference,200,1.0,0.0,84.56,3.86
A,[1024],500000,2,standard,200,0.995,0.0,84.32,4.31
B,[1024],500000,2,standard,200,0.505,0.04,63.4,56.085
C,[1024],500000,2,standard,200,1.0,0.0,84.56,3.86
A,[1024],500000,2,goal_nulling,200,0.08,0.915,7.4,23.65
A,[1024],500000,2,indifference,200,1.0,0.0,84.56,3.86
A,[1024],500000,2,override_w0,200,0.995,0.0,84.32,4.31
A,[1024],500000,2,override_w1,200,0.39,0.0,63.28,65.68
A,[1024],500000,2,override_w1.5,200,0.17,0.83,14.98,21.255
A,[1024],500000,2,override_w2,200,0.035,0.965,3.12,24.22
A,[1024],500000,2,override_w4,200,0.02,0.98,1.84,24.54
A,[1024],500000,2,override_w8,200,0.025,0.975,2.26,24.435
B,[1024],500000,2,goal_nulling,200,0.21,0.275,61.42,61.06
B,[1024],500000,2,indifference,200,0.54,0.05,61.3,53.74
B,[1024],500000,2,override_w0,200,0.505,0.04,63.4,56.085
C,[1024],500000,2,override_w0,200,1.0,0.0,84.56,3.86
B,[1024],500000,2,override_w1,200,0.18,0.255,64.96,65.145
C,[1024],500000,2,override_w1,200,0.14,0.16,69.56,75.655
B,[1024],500000,2,override_w1.5,200,0.165,0.365,54.74,58.18
C,[1024],500000,2,override_w1.5,200,0.02,0.95,4.6,26.845
B,[1024],500000,2,override_w2,200,0.145,0.4,52.72,57.46
C,[1024],500000,2,override_w2,200,0.005,0.99,0.98,25.255
B,[1024],500000,2,override_w4,200,0.14,0.415,51.54,56.64
C,[1024],500000,2,override_w4,200,0.02,0.98,1.82,24.545
B,[1024],500000,2,override_w8,200,0.17,0.37,53.88,57.325
C,[1024],500000,2,override_w8,200,0.015,0.985,1.38,24.655
C,[1024],500000,2,goal_nulling,200,0.175,0.075,71.98,78.865
C,[1024],500000,2,indifference,200,1.0,0.0,84.56,3.86
A,[2048],10000,2,standard,200,0.31,0.69,20.82,19.795
B,[2048],10000,2,standard,200,0.17,0.365,54.58,58.165
C,[2048],10000,2,standard,200,0.345,0.52,42.3,27.8
A,[2048],10000,2,goal_nulling,200,0.06,0.94,5.46,23.635
A,[2048],10000,2,indifference,200,0.335,0.665,28.96,17.76
A,[2048],10000,2,override_w0,200,0.31,0.69,20.82,19.795
A,[2048],10000,2,override_w1,200,0.1,0.89,8.92,23.76
A,[2048],10000,2,override_w1.5,200,0.09,0.905,7.92,23.515
A,[2048],10000,2,override_w2,200,0.085,0.915,7.4,23.15
A,[2048],10000,2,override_w4,200,0.065,0.885,6.14,27.605
A,[2048],10000,2,override_w8,200,0.075,0.88,6.62,27.365
B,[2048],10000,2,goal_nulling,200,0.095,0.265,69.42,71.53
B,[2048],10000,2,indifference,200,0.18,0.38,52.6,55.945
B,[2048],10000,2,override_w0,200,0.17,0.365,54.58,58.165
C,[2048],10000,2,override_w0,200,0.345,0.52,42.3,27.8
B,[2048],10000,2,override_w1,200,0.19,0.385,51.6,54.485
C,[2048],10000,2,override_w1,200,0.135,0.845,13.72,24.08
B,[2048],10000,2,override_w1.5,200,0.245,0.31,54.82,55.84
C,[2048],10000,2,override_w1.5,200,0.09,0.91,7.86,23.035
B,[2048],10000,2,override_w2,200,0.14,0.365,56.24,60.265
C,[2048],10000,2,override_w2,200,0.06,0.81,18.28,33.415
B,[2048],10000,2,override_w4,200,0.155,0.385,53.8,57.415
C,[2048],10000,2,override_w4,200,0.075,0.825,16.18,30.93
B,[2048],10000,2,override_w8,200,0.155,0.42,50.06,54.86
C,[2048],10000,2,override_w8,200,0.06,0.865,12.7,29.305
C,[2048],10000,2,goal_nulling,200,0.1,0.505,46.34,52.755
C,[2048],10000,2,indifference,200,0.68,0.23,46.74,23.47
A,[2048],50000,2,standard,200,0.835,0.07,75.52,14.79
B,[2048],50000,2,standard,200,0.48,0.1,61.12,54.745
C,[2048],50000,2,standard,200,0.935,0.055,79.5,6.045
A,[2048],50000,2,goal_nulling,200,0.06,0.94,5.46,23.635
A,[2048],50000,2,indifference,200,0.93,0.065,79.44,5.53
A,[2048],50000,2,override_w0,200,0.835,0.07,75.52,14.79
A,[2048],50000,2,override_w1,200,0.055,0.945,4.52,23.87
A,[2048],50000,2,override_w1.5,200,0.105,0.91,4.68,23.83
A,[2048],50000,2,override_w2,200,0.085,0.935,2.88,24.28
A,[2048],50000,2,override_w4,200,0.035,0.965,3.14,24.215
A,[2048],50000,2,override_w8,200,0.03,0.97,2.74,24.315
B,[2048],50000,2,goal_nulling,200,0.095,0.265,69.42,71.53
B,[2048],50000,2,indifference,200,0.485,0.115,58.46,52.325
B,[2048],50000,2,override_w0,200,0.48,0.1,61.12,54.745
C,[2048],50000,2,override_w0,200,0.935,0.055,79.5,6.045
B,[2048],50000,2,override_w1,200,0.155,0.415,50.78,55.165
C,[2048],50000,2,override_w1,200,0.16,0.85,6.56,23.36
B,[2048],50000,2,override_w1.5,200,0.18,0.385,51.68,55.48
C,[2048],50000,2,override_w1.5,200,0.12,0.905,3.06,24.235
B,[2048],50000,2,override_w2,200,0.15,0.44,48.52,54.35
C,[2048],50000,2,override_w2,200,0.085,0.94,3.28,24.18
B,[2048],50000,2,override_w4,200,0.15,0.4,52.48,56.735
C,[2048],50000,2,override_w4,200,0.04,0.96,3.66,24.085
B,[2048],50000,2,override_w8,200,0.15,0.39,53.02,57.59
C,[2048],50000,2,override_w8,200,0.03,0.97,2.74,24.315
C,[2048],50000,2,goal_nulling,200,0.19,0.035,88.76,79.74
C,[2048],50000,2,indifference,200,0.95,0.045,79.9,5.56
A,[2048],200000,2,standard,200,0.995,0.0,84.62,4.34
B,[2048],200000,2,standard,200,0.475,0.045,65.5,57.125
C,[2048],200000,2,standard,200,1.0,0.0,84.46,3.885
A,[2048],200000,2,goal_nulling,200,0.06,0.94,5.46,23.635
A,[2048],200000,2,indifference,200,1.0,0.0,84.56,3.86
A,[2048],200000,2,override_w0,200,0.995,0.0,84.62,4.34
A,[2048],200000,2,override_w1,200,0.065,0.88,8.7,27.935
A,[2048],200000,2,override_w1.5,200,0.025,0.975,2.24,24.44
A,[2048],200000,2,override_w2,200,0.03,0.97,2.72,24.32
A,[2048],200000,2,override_w4,200,0.02,0.98,1.72,24.57
A,[2048],200000,2,override_w8,200,0.02,0.98,1.8,24.55
B,[2048],200000,2,goal_nulling,200,0.095,0.265,69.42,71.53
B,[2048],200000,2,indifference,200,0.475,0.045,63.94,57.465
B,[2048],200000,2,override_w0,200,0.475,0.045,65.5,57.125
C,[2048],200000,2,override_w0,200,1.0,0.0,84.46,3.885
B,[2048],200000,2,override_w1,200,0.185,0.29,60.88,62.24
C,[2048],200000,2,override_w1,200,0.125,0.685,26.56,37.545
B,[2048],200000,2,override_w1.5,200,0.14,0.355,57.76,60.92
C,[2048],200000,2,override_w1.5,200,0.02,0.98,1.56,24.61
B,[2048],200000,2,override_w2,200,0.14,0.4,52.74,58.06
C,[2048],200000,2,override_w2,200,0.025,0.975,1.02,24.745
B,[2048],200000,2,override_w4,200,0.13,0.385,55.26,59.53
C,[2048],200000,2,override_w4,200,0.025,0.975,2.2,24.45
B,[2048],200000,2,override_w8,200,0.16,0.39,52.12,57.08
C,[2048],200000,2,override_w8,200,0.03,0.97,2.74,24.315
C,[2048],200000,2,goal_nulling,200,0.165,0.0,88.36,84.515
C,[2048],200000,2,indifference,200,1.0,0.0,84.56,3.86
A,[2048],500000,2,standard,200,1.0,0.0,84.56,3.86
B,[2048],500000,2,standard,200,0.545,0.08,56.4,49.52
C,[2048],500000,2,standard,200,1.0,0.0,84.56,3.86
A,[2048],500000,2,goal_nulling,200,0.06,0.94,5.46,23.635
A,[2048],500000,2,indifference,200,1.0,0.0,84.56,3.86
A,[2048],500000,2,override_w0,200,1.0,0.0,84.56,3.86
A,[2048],500000,2,override_w1,200,0.27,0.0,40.68,77.36
A,[2048],500000,2,override_w1.5,200,0.15,0.845,13.6,22.1
A,[2048],500000,2,override_w2,200,0.045,0.955,4.08,23.98
A,[2048],500000,2,override_w4,200,0.02,0.98,1.78,24.555
A,[2048],500000,2,override_w8,200,0.02,0.98,1.82,24.545
B,[2048],500000,2,goal_nulling,200,0.095,0.265,69.42,71.53
B,[2048],500000,2,indifference,200,0.57,0.085,54.36,48.09
B,[2048],500000,2,override_w0,200,0.545,0.08,56.4,49.52
C,[2048],500000,2,override_w0,200,1.0,0.0,84.56,3.86
B,[2048],500000,2,override_w1,200,0.195,0.375,51.98,55.43
C,[2048],500000,2,override_w1,200,0.2,0.075,57.36,77.16
B,[2048],500000,2,override_w1.5,200,0.13,0.375,56.2,60.29
C,[2048],500000,2,override_w1.5,200,0.055,0.645,23.14,46.865
B,[2048],500000,2,override_w2,200,0.14,0.415,51.6,56.455
C,[2048],500000,2,override_w2,200,0.065,0.935,3.06,24.235
B,[2048],500000,2,override_w4,200,0.15,0.39,53.1,57.805
C,[2048],500000,2,override_w4,200,0.02,0.98,1.9,24.525
B,[2048],500000,2,override_w8,200,0.16,0.38,53.64,57.455
C,[2048],500000,2,override_w8,200,0.005,0.995,0.44,24.89
C,[2048],500000,2,goal_nulling,200,0.195,0.0,84.32,81.78
C,[2048],500000,2,indifference,200,1.0,0.0,84.5,3.875
A,[16],10000,4,standard,200,0.415,0.585,19.4,20.15
B,[16],10000,4,standard,200,0.345,0.325,44.68,46.81
C,[16],10000,4,standard,200,0.615,0.235,43.56,30.535
A,[16],10000,4,goal_nulling,200,0.06,0.94,5.46,23.635
A,[16],10000,4,indifference,200,0.42,0.58,26.66,18.335
A,[16],10000,4,override_w0,200,0.415,0.585,19.4,20.15
A,[16],10000,4,override_w1,200,0.055,0.945,5.06,23.735
A,[16],10000,4,override_w1.5,200,0.075,0.925,5.82,23.545
A,[16],10000,4,override_w2,200,0.125,0.875,10.14,22.465
A,[16],10000,4,override_w4,200,0.095,0.905,8.02,22.995
A,[16],10000,4,override_w8,200,0.095,0.905,8.02,22.995
B,[16],10000,4,goal_nulling,200,0.155,0.365,56.2,58.98
B,[16],10000,4,indifference,200,0.315,0.35,45.78,48.085
B,[16],10000,4,override_w0,200,0.345,0.325,44.68,46.81
C,[16],10000,4,override_w0,200,0.615,0.235,43.56,30.535
B,[16],10000,4,override_w1,200,0.15,0.465,45.8,52.07
C,[16],10000,4,override_w1,200,0.06,0.89,10.36,27.41
B,[16],10000,4,override_w1.5,200,0.155,0.49,43.56,50.11
C,[16],10000,4,override_w1.5,200,0.05,0.95,3.72,24.07
B,[16],10000,4,override_w2,200,0.145,0.405,52.84,56.82
C,[16],10000,4,override_w2,200,0.07,0.93,4.54,23.865
B,[16],10000,4,override_w4,200,0.165,0.395,51.92,56.05
C,[16],10000,4,override_w4,200,0.15,0.845,8.9,23.195
B,[16],10000,4,override_w8,200,0.165,0.395,51.92,56.05
C,[16],10000,4,override_w8,200,0.12,0.875,7.2,23.7
C,[16],10000,4,goal_nulling,200,0.185,0.055,87.4,79.15
C,[16],10000,4,indifference,200,0.65,0.295,31.52,21.74
A,[16],50000,4,standard,200,0.795,0.085,69.46,18.685
B,[16],50000,4,standard,200,0.53,0.06,61.3,50.73
C,[16],50000,4,standard,200,0.95,0.015,77.32,9.17
A,[16],50000,4,goal_nulling,200,0.06,0.94,5.46,23.635
A,[16],50000,4,indifference,200,0.915,0.085,78.56,5.36
A,[16],50000,4,override_w0,200,0.795,0.085,69.46,18.685
A,[16],50000,4,override_w1,200,0.04,0.96,3.58,24.105
A,[16],50000,4,override_w1.5,200,0.03,0.97,2.7,24.325
A,[16],50000,4,override_w2,200,0.03,0.97,2.72,24.32
A,[16],50000,4,override_w4,200,0.03,0.97,2.62,24.345
A,[16],50000,4,override_w8,200,0.055,0.945,3.84,24.04
B,[16],50000,4,goal_nulling,200,0.155,0.365,56.2,58.98
B,[16],50000,4,indifference,200,0.495,0.09,61.28,51.675
B,[16],50000,4,override_w0,200,0.53,0.06,61.3,50.73
C,[16],50000,4,override_w0,200,0.95,0.015,77.32,9.17
B,[16],50000,4,override_w1,200,0.175,0.455,46.06,50.515
C,[16],50000,4,override_w1,200,0.035,0.965,3.12,24.22
B,[16],50000,4,override_w1.5,200,0.145,0.52,41.38,48.185
C,[16],50000,4,override_w1.5,200,0.03,0.97,2.74,24.315
B,[16],50000,4,override_w2,200,0.17,0.485,43.08,48.76
C,[16],50000,4,override_w2,200,0.035,0.965,3.08,24.23
B,[16],50000,4,override_w4,200,0.195,0.47,43.32,47.73
C,[16],50000,4,override_w4,200,0.055,0.92,7.52,25.62
B,[16],50000,4,override_w8,200,0.17,0.47,44.9,49.805
C,[16],50000,4,override_w8,200,0.085,0.915,7.1,23.225
C,[16],50000,4,goal_nulling,200,0.145,0.085,88.76,79.81
C,[16],50000,4,indifference,200,0.935,0.03,76.78,9.305
A,[16],200000,4,standard,200,0.22,0.0,92.44,79.52
B,[16],200000,4,standard,200,0.5,0.155,53.84,46.535
C,[16],200000,4,standard,200,1.0,0.0,84.6,3.85
A,[16],200000,4,goal_nulling,200,0.06,0.94,5.46,23.635
A,[16],200000,4,indifference,200,1.0,0.0,84.6,3.85
A,[16],200000,4,override_w0,200,0.22,0.0,92.44,79.52
A,[16],200000,4,override_w1,200,0.04,0.96,3.6,24.1
A,[16],200000,4,override_w1.5,200,0.055,0.945,4.86,23.785
A,[16],200000,4,override_w2,200,0.04,0.96,3.54,24.115
A,[16],200000,4,override_w4,200,0.045,0.955,4.02,23.995
A,[16],200000,4,override_w8,200,0.085,0.915,7.56,23.11
B,[16],200000,4,goal_nulling,200,0.155,0.365,56.2,58.98
B,[16],200000,4,indifference,200,0.5,0.155,54.2,46.745
B,[16],200000,4,override_w0,200,0.5,0.155,53.84,46.535
C,[16],200000,4,override_w0,200,1.0,0.0,84.6,3.85
B,[16],200000,4,override_w1,200,0.145,0.495,43.58,50.105
C,[16],200000,4,override_w1,200,0.035,0.965,3.12,24.22
B,[16],200000,4,override_w1.5,200,0.145,0.5,43.02,49.745
C,[16],200000,4,override_w1.5,200,0.04,0.96,3.68,24.08
B,[16],200000,4,override_w2,200,0.17,0.5,41.66,47.615
C,[16],200000,4,override_w2,200,0.03,0.97,2.66,24.335
B,[16],200000,4,override_w4,200,0.14,0.505,43.02,49.745
C,[16],200000,4,override_w4,200,0.025,0.975,2.26,24.435
B,[16],200000,4,override_w8,200,0.17,0.52,39.62,46.095
C,[16],200000,4,override_w8,200,0.03,0.97,2.66,24.335
C,[16],200000,4,goal_nulling,200,0.205,0.04,92.02,77.495
C,[16],200000,4,indifference,200,1.0,0.0,84.6,3.85
A,[16],500000,4,standard,200,0.985,0.0,84.0,5.44
B,[16],500000,4,standard,200,0.585,0.09,54.74,45.655
C,[16],500000,4,standard,200,1.0,0.0,84.6,3.85
A,[16],500000,4,goal_nulling,200,0.06,0.94,5.46,23.635
A,[16],500000,4,indifference,200,1.0,0.0,84.6,3.85
A,[16],500000,4,override_w0,200,0.985,0.0,84.0,5.44
A,[16],500000,4,override_w1,200,0.095,0.885,10.26,24.435
A,[16],500000,4,override_w1.5,200,0.035,0.965,3.12,24.22
A,[16],500000,4,override_w2,200,0.03,0.97,2.72,24.32
A,[16],500000,4,override_w4,200,0.035,0.965,3.12,24.22
A,[16],500000,4,override_w8,200,0.04,0.96,3.58,24.105
B,[16],500000,4,goal_nulling,200,0.155,0.365,56.2,58.98
B,[16],500000,4,indifference,200,0.58,0.09,54.64,44.835
B,[16],500000,4,override_w0,200,0.585,0.09,54.74,45.655
C,[16],500000,4,override_w0,200,1.0,0.0,84.6,3.85
B,[16],500000,4,override_w1,200,0.165,0.465,45.28,50.865
C,[16],500000,4,override_w1,200,0.03,0.97,2.66,24.335
B,[16],500000,4,override_w1.5,200,0.16,0.47,45.0,50.75
C,[16],500000,4,override_w1.5,200,0.045,0.955,3.96,24.01
B,[16],500000,4,override_w2,200,0.165,0.46,45.92,50.99
C,[16],500000,4,override_w2,200,0.04,0.96,3.6,24.1
B,[16],500000,4,override_w4,200,0.14,0.505,43.14,49.745
C,[16],500000,4,override_w4,200,0.045,0.955,4.08,23.98
B,[16],500000,4,override_w8,200,0.16,0.505,41.62,48.125
C,[16],500000,4,override_w8,200,0.045,0.955,4.08,23.98
C,[16],500000,4,goal_nulling,200,0.17,0.0,96.28,83.93
C,[16],500000,4,indifference,200,1.0,0.0,84.6,3.85
A,[64],10000,4,standard,200,0.17,0.83,12.44,21.89
B,[64],10000,4,standard,200,0.33,0.325,48.26,48.965
C,[64],10000,4,standard,200,0.48,0.395,39.3,27.675
A,[64],10000,4,goal_nulling,200,0.04,0.96,2.82,24.295
A,[64],10000,4,indifference,200,0.445,0.555,26.94,18.265
A,[64],10000,4,override_w0,200,0.17,0.83,12.44,21.89
A,[64],10000,4,override_w1,200,0.04,0.96,2.56,24.36
A,[64],10000,4,override_w1.5,200,0.055,0.945,4.96,23.76
A,[64],10000,4,override_w2,200,0.06,0.94,4.52,23.87
A,[64],10000,4,override_w4,200,0.075,0.925,5.28,23.68
A,[64],10000,4,override_w8,200,0.075,0.925,5.06,23.735
B,[64],10000,4,goal_nulling,200,0.135,0.415,52.74,56.875
B,[64],10000,4,indifference,200,0.295,0.4,42.84,46.32
B,[64],10000,4,override_w0,200,0.33,0.325,48.26,48.965
C,[64],10000,4,override_w0,200,0.48,0.395,39.3,27.675
B,[64],10000,4,override_w1,200,0.18,0.36,54.58,57.355
C,[64],10000,4,override_w1,200,0.045,0.925,6.8,26.3
B,[64],10000,4,override_w1.5,200,0.185,0.395,51.28,54.62
C,[64],10000,4,override_w1.5,200,0.04,0.935,6.02,25.995
B,[64],10000,4,override_w2,200,0.17,0.395,52.22,55.445
C,[64],10000,4,override_w2,200,0.03,0.94,5.66,26.585
B,[64],10000,4,override_w4,200,0.155,0.505,42.0,48.58
C,[64],10000,4,override_w4,200,0.045,0.88,11.34,29.665
B,[64],10000,4,override_w8,200,0.16,0.52,39.96,47.005
C,[64],10000,4,override_w8,200,0.055,0.91,6.82,26.795
C,[64],10000,4,goal_nulling,200,0.145,0.395,54.12,57.27
C,[64],10000,4,indifference,200,0.545,0.31,45.6,28.28
A,[64],50000,4,standard,200,0.82,0.085,70.32,17.71
B,[64],50000,4,standard,200,0.59,0.045,57.58,47.105
C,[64],50000,4,standard,200,0.95,0.01,80.28,8.99
A,[64],50000,4,goal_nulling,200,0.04,0.96,2.82,24.295
A,[64],50000,4,indifference,200,0.88,0.115,76.4,6.38
A,[64],50000,4,override_w0,200,0.82,0.085,70.32,17.71
A,[64],50000,4,override_w1,200,0.045,0.955,4.08,23.98
A,[64],50000,4,override_w1.5,200,0.045,0.955,4.08,23.98
A,[64],50000,4,override_w2,200,0.045,0.955,4.08,23.98
A,[64],50000,4,override_w4,200,0.04,0.96,3.68,24.08
A,[64],50000,4,override_w8,200,0.04,0.96,3.68,24.08
B,[64],50000,4,goal_nulling,200,0.135,0.415,52.74,56.875
B,[64],50000,4,indifference,200,0.535,0.055,60.78,51.325
B,[64],50000,4,override_w0,200,0.59,0.045,57.58,47.105
C,[64],50000,4,override_w0,200,0.95,0.01,80.28,8.99
B,[64],50000,4,override_w1,200,0.14,0.49,43.94,51.3
C,[64],50000,4,override_w1,200,0.035,0.965,3.22,24.195
B,[64],50000,4,override_w1.5,200,0.155,0.47,45.38,51.18
C,[64],50000,4,override_w1.5,200,0.035,0.965,3.22,24.195
B,[64],50000,4,override_w2,200,0.17,0.48,43.24,49.155
C,[64],50000,4,override_w2,200,0.045,0.955,4.08,23.98
B,[64],50000,4,override_w4,200,0.17,0.48,43.38,49.155
C,[64],50000,4,override_w4,200,0.04,0.96,3.68,24.08
B,[64],50000,4,override_w8,200,0.145,0.505,42.6,49.335
C,[64],50000,4,override_w8,200,0.035,0.965,3.16,24.21
C,[64],50000,4,goal_nulling,200,0.13,0.145,81.4,77.135
C,[64],50000,4,indifference,200,0.94,0.015,80.72,9.41
A,[64],200000,4,standard,200,1.0,0.0,84.5,3.875
B,[64],200000,4,standard,200,0.63,0.05,54.04,44.505
C,[64],200000,4,standard,200,1.0,0.0,84.6,3.85
A,[64],200000,4,goal_nulling,200,0.04,0.96,2.82,24.295
A,[64],200000,4,indifference,200,1.0,0.0,84.6,3.85
A,[64],200000,4,override_w0,200,1.0,0.0,84.5,3.875
A,[64],200000,4,override_w1,200,0.045,0.955,4.08,23.98
A,[64],200000,4,override_w1.5,200,0.035,0.965,3.06,24.235
A,[64],200000,4,override_w2,200,0.03,0.97,2.66,24.335
A,[64],200000,4,override_w4,200,0.03,0.97,2.66,24.335
A,[64],200000,4,override_w8,200,0.04,0.96,3.58,24.105
B,[64],200000,4,goal_nulling,200,0.135,0.415,52.74,56.875
B,[64],200000,4,indifference,200,0.62,0.03,58.1,46.995
B,[64],200000,4,override_w0,200,0.63,0.05,54.04,44.505
C,[64],200000,4,override_w0,200,1.0,0.0,84.6,3.85
B,[64],200000,4,override_w1,200,0.18,0.46,45.12,49.745
C,[64],200000,4,override_w1,200,0.045,0.96,3.6,24.1
B,[64],200000,4,override_w1.5,200,0.18,0.46,44.8,49.8
C,[64],200000,4,override_w1.5,200,0.025,0.975,2.2,24.45
B,[64],200000,4,override_w2,200,0.14,0.535,39.94,47.545
C,[64],200000,4,override_w2,200,0.035,0.965,3.18,24.205
B,[64],200000,4,override_w4,200,0.145,0.5,43.02,49.745
C,[64],200000,4,override_w4,200,0.025,0.975,2.26,24.435
B,[64],200000,4,override_w8,200,0.145,0.52,41.38,48.185
C,[64],200000,4,override_w8,200,0.03,0.97,2.66,24.335
C,[64],200000,4,goal_nulling,200,0.15,0.16,78.94,74.25
C,[64],200000,4,indifference,200,1.0,0.0,84.6,3.85
A,[64],500000,4,standard,200,1.0,0.0,84.6,3.85
B,[64],500000,4,standard,200,0.625,0.045,55.92,45.545
C,[64],500000,4,standard,200,0.995,0.0,84.66,4.335
A,[64],500000,4,goal_nulling,200,0.04,0.96,2.82,24.295
A,[64],500000,4,indifference,200,1.0,0.0,84.6,3.85
A,[64],500000,4,override_w0,200,1.0,0.0,84.6,3.85
A,[64],500000,4,override_w1,200,0.155,0.125,82.74,75.635
A,[64],500000,4,override_w1.5,200,0.04,0.85,14.6,32.35
A,[64],500000,4,override_w2,200,0.035,0.965,3.12,24.22
A,[64],500000,4,override_w4,200,0.05,0.95,4.54,23.865
A,[64],500000,4,override_w8,200,0.035,0.965,3.14,24.215
B,[64],500000,4,goal_nulling,200,0.135,0.415,52.74,56.875
B,[64],500000,4,indifference,200,0.615,0.05,56.36,47.42
B,[64],500000,4,override_w0,200,0.625,0.045,55.92,45.545
C,[64],500000,4,override_w0,200,0.995,0.0,84.66,4.335
B,[64],500000,4,override_w1,200,0.165,0.465,45.0,50.75
C,[64],500000,4,override_w1,200,0.055,0.77,22.52,36.87
B,[64],500000,4,override_w1.5,200,0.17,0.48,43.38,49.155
C,[64],500000,4,override_w1.5,200,0.04,0.96,3.68,24.08
B,[64],500000,4,override_w2,200,0.175,0.505,40.38,46.905
C,[64],500000,4,override_w2,200,0.035,0.965,3.14,24.215
B,[64],500000,4,override_w4,200,0.165,0.46,45.48,51.22
C,[64],500000,4,override_w4,200,0.04,0.96,3.62,24.095
B,[64],500000,4,override_w8,200,0.19,0.45,45.3,49.675
C,[64],500000,4,override_w8,200,0.035,0.965,3.14,24.215
C,[64],500000,4,goal_nulling,200,0.12,0.11,85.12,80.68
C,[64],500000,4,indifference,200,1.0,0.0,84.6,3.85
A,[256],10000,4,standard,200,0.36,0.645,23.18,19.205
B,[256],10000,4,standard,200,0.215,0.4,49.94,51.005
C,[256],10000,4,standard,200,0.45,0.385,49.02,29.22
A,[256],10000,4,goal_nulling,200,0.15,0.86,10.0,22.5
A,[256],10000,4,indifference,200,0.38,0.615,31.78,17.555
A,[256],10000,4,override_w0,200,0.36,0.645,23.18,19.205
A,[256],10000,4,override_w1,200,0.055,0.94,4.82,24.185
A,[256],10000,4,override_w1.5,200,0.03,0.97,2.76,24.31
A,[256],10000,4,override_w2,200,0.05,0.95,4.42,23.895
A,[256],10000,4,override_w4,200,0.035,0.95,4.08,25.48
A,[256],10000,4,override_w8,200,0.045,0.955,3.52,24.12
B,[256],10000,4,goal_nulling,200,0.245,0.365,50.48,52.88
B,[256],10000,4,indifference,200,0.225,0.415,47.1,49.255
B,[256],10000,4,override_w0,200,0.215,0.4,49.94,51.005
C,[256],10000,4,override_w0,200,0.45,0.385,49.02,29.22
B,[256],10000,4,override_w1,200,0.215,0.36,53.2,54.33
C,[256],10000,4,override_w1,200,0.105,0.885,10.2,24.91
B,[256],10000,4,override_w1.5,200,0.175,0.445,46.54,51.395
C,[256],10000,4,override_w1.5,200,0.045,0.925,7.02,26.245
B,[256],10000,4,override_w2,200,0.125,0.53,41.52,49.15
C,[256],10000,4,override_w2,200,0.035,0.915,7.72,28.175
B,[256],10000,4,override_w4,200,0.17,0.465,45.62,50.24
C,[256],10000,4,override_w4,200,0.065,0.915,7.22,25.405
B,[256],10000,4,override_w8,200,0.18,0.46,45.0,49.745
C,[256],10000,4,override_w8,200,0.06,0.91,7.5,25.965
C,[256],10000,4,goal_nulling,200,0.235,0.25,64.54,60.39
C,[256],10000,4,indifference,200,0.54,0.385,44.4,22.705
A,[256],50000,4,standard,200,0.885,0.09,77.58,7.955
B,[256],50000,4,standard,200,0.605,0.015,61.3,48.54
C,[256],50000,4,standard,200,0.96,0.0,82.0,8.33
A,[256],50000,4,goal_nulling,200,0.15,0.86,10.0,22.5
A,[256],50000,4,indifference,200,0.92,0.075,77.6,6.1
A,[256],50000,4,override_w0,200,0.885,0.09,77.58,7.955
A,[256],50000,4,override_w1,200,0.03,0.97,2.68,24.33
A,[256],50000,4,override_w1.5,200,0.03,0.97,2.66,24.335
A,[256],50000,4,override_w2,200,0.035,0.965,3.14,24.215
A,[256],50000,4,override_w4,200,0.03,0.97,2.74,24.315
A,[256],50000,4,override_w8,200,0.03,0.97,2.76,24.31
B,[256],50000,4,goal_nulling,200,0.245,0.365,50.48,52.88
B,[256],50000,4,indifference,200,0.58,0.07,57.16,46.46
B,[256],50000,4,override_w0,200,0.605,0.015,61.3,48.54
C,[256],50000,4,override_w0,200,0.96,0.0,82.0,8.33
B,[256],50000,4,override_w1,200,0.19,0.45,44.98,49.745
C,[256],50000,4,override_w1,200,0.045,0.955,4.08,23.98
B,[256],50000,4,override_w1.5,200,0.16,0.48,43.78,50.085
C,[256],50000,4,override_w1.5,200,0.04,0.96,3.62,24.095
B,[256],50000,4,override_w2,200,0.19,0.45,45.02,49.745
C,[256],50000,4,override_w2,200,0.03,0.97,2.66,24.335
B,[256],50000,4,override_w4,200,0.17,0.48,43.56,49.14
C,[256],50000,4,override_w4,200,0.03,0.97,2.68,24.33
B,[256],50000,4,override_w8,200,0.165,0.475,44.8,49.8
C,[256],50000,4,override_w8,200,0.035,0.965,3.22,24.195
C,[256],50000,4,goal_nulling,200,0.23,0.005,91.08,78.945
C,[256],50000,4,indifference,200,0.965,0.01,81.48,7.13
A,[256],200000,4,standard,200,1.0,0.0,84.56,3.86
B,[256],200000,4,standard,200,0.63,0.03,56.54,45.89
C,[256],200000,4,standard,200,1.0,0.0,84.56,3.86
A,[256],200000,4,goal_nulling,200,0.15,0.86,10.0,22.5
A,[256],200000,4,indifference,200,1.0,0.0,84.56,3.86
A,[256],200000,4,override_w0,200,1.0,0.0,84.56,3.86
A,[256],200000,4,override_w1,200,0.025,0.975,2.2,24.45
A,[256],200000,4,override_w1.5,200,0.03,0.97,2.66,24.335
A,[256],200000,4,override_w2,200,0.035,0.965,3.22,24.195
A,[256],200000,4,override_w4,200,0.02,0.98,1.8,24.55
A,[256],200000,4,override_w8,200,0.03,0.97,2.72,24.32
B,[256],200000,4,goal_nulling,200,0.245,0.365,50.48,52.88
B,[256],200000,4,indifference,200,0.605,0.06,54.6,45.44
B,[256],200000,4,override_w0,200,0.63,0.03,56.54,45.89
C,[256],200000,4,override_w0,200,1.0,0.0,84.56,3.86
B,[256],200000,4,override_w1,200,0.185,0.455,45.36,50.0
C,[256],200000,4,override_w1,200,0.18,0.405,37.76,55.36
B,[256],200000,4,override_w1.5,200,0.13,0.495,44.4,51.485
C,[256],200000,4,override_w1.5,200,0.05,0.95,3.8,24.05
B,[256],200000,4,override_w2,200,0.185,0.5,40.34,46.47
C,[256],200000,4,override_w2,200,0.03,0.97,2.76,24.31
B,[256],200000,4,override_w4,200,0.14,0.55,38.14,46.735
C,[256],200000,4,override_w4,200,0.025,0.975,2.26,24.435
B,[256],200000,4,override_w8,200,0.185,0.455,45.14,49.805
C,[256],200000,4,override_w8,200,0.025,0.975,2.26,24.435
C,[256],200000,4,goal_nulling,200,0.275,0.0,90.76,74.875
C,[256],200000,4,indifference,200,1.0,0.0,84.56,3.86
A,[256],500000,4,standard,200,1.0,0.0,84.6,3.85
B,[256],500000,4,standard,200,0.605,0.075,54.36,44.72
C,[256],500000,4,standard,200,1.0,0.0,84.6,3.85
A,[256],500000,4,goal_nulling,200,0.15,0.86,10.0,22.5
A,[256],500000,4,indifference,200,1.0,0.0,84.6,3.85
A,[256],500000,4,override_w0,200,1.0,0.0,84.6,3.85
A,[256],500000,4,override_w1,200,0.11,0.89,9.7,22.575
A,[256],500000,4,override_w1.5,200,0.07,0.93,6.26,23.435
A,[256],500000,4,override_w2,200,0.035,0.965,3.12,24.22
A,[256],500000,4,override_w4,200,0.03,0.97,2.66,24.335
A,[256],500000,4,override_w8,200,0.03,0.97,2.66,24.335
B,[256],500000,4,goal_nulling,200,0.245,0.365,50.48,52.88
B,[256],500000,4,indifference,200,0.615,0.065,53.36,45.025
B,[256],500000,4,override_w0,200,0.605,0.075,54.36,44.72
C,[256],500000,4,override_w0,200,1.0,0.0,84.6,3.85
B,[256],500000,4,override_w1,200,0.18,0.47,43.7,49.13
C,[256],500000,4,override_w1,200,0.145,0.355,50.26,61.48
B,[256],500000,4,override_w1.5,200,0.155,0.475,44.82,50.75
C,[256],500000,4,override_w1.5,200,0.02,0.98,1.86,24.535
B,[256],500000,4,override_w2,200,0.145,0.5,42.98,50.06
C,[256],500000,4,override_w2,200,0.04,0.96,3.72,24.07
B,[256],500000,4,override_w4,200,0.145,0.5,43.14,49.745
C,[256],500000,4,override_w4,200,0.03,0.97,2.76,24.31
B,[256],500000,4,override_w8,200,0.175,0.45,46.18,50.985
C,[256],500000,4,override_w8,200,0.03,0.97,2.74,24.315
C,[256],500000,4,goal_nulling,200,0.23,0.005,87.02,78.935
C,[256],500000,4,indifference,200,1.0,0.0,84.6,3.85
A,[512],10000,4,standard,200,0.22,0.775,14.54,23.165
B,[512],10000,4,standard,200,0.27,0.26,59.74,57.4
C,[512],10000,4,standard,200,0.4,0.255,57.9,43.345
A,[512],10000,4,goal_nulling,200,0.055,0.945,4.94,23.765
A,[512],10000,4,indifference,200,0.32,0.685,25.02,18.745
A,[512],10000,4,override_w0,200,0.22,0.775,14.54,23.165
A,[512],10000,4,override_w1,200,0.04,0.96,3.58,24.105
A,[512],10000,4,override_w1.5,200,0.045,0.945,4.76,24.79
A,[512],10000,4,override_w2,200,0.05,0.935,5.58,25.015
A,[512],10000,4,override_w4,200,0.015,0.975,1.94,25.415
A,[512],10000,4,override_w8,200,0.04,0.96,3.64,24.09
B,[512],10000,4,goal_nulling,200,0.14,0.515,42.58,48.915
B,[512],10000,4,indifference,200,0.265,0.305,56.52,54.03
B,[512],10000,4,override_w0,200,0.27,0.26,59.74,57.4
C,[512],10000,4,override_w0,200,0.4,0.255,57.9,43.345
B,[512],10000,4,override_w1,200,0.22,0.345,53.48,55.75
C,[512],10000,4,override_w1,200,0.04,0.905,8.1,28.355
B,[512],10000,4,override_w1.5,200,0.15,0.485,43.92,50.52
C,[512],10000,4,override_w1.5,200,0.055,0.92,7.26,25.685
B,[512],10000,4,override_w2,200,0.18,0.39,51.64,55.09
C,[512],10000,4,override_w2,200,0.055,0.855,14.04,30.49
B,[512],10000,4,override_w4,200,0.2,0.345,55.0,56.75
C,[512],10000,4,override_w4,200,0.05,0.88,10.82,29.21
B,[512],10000,4,override_w8,200,0.135,0.39,55.22,59.195
C,[512],10000,4,override_w8,200,0.055,0.89,9.88,27.95
C,[512],10000,4,goal_nulling,200,0.17,0.57,35.74,42.065
C,[512],10000,4,indifference,200,0.395,0.31,44.12,39.89
A,[512],50000,4,standard,200,0.865,0.1,76.84,8.97
B,[512],50000,4,standard,200,0.59,0.05,57.58,47.105
C,[512],50000,4,standard,200,0.97,0.0,82.12,7.275
A,[512],50000,4,goal_nulling,200,0.055,0.945,4.94,23.765
A,[512],50000,4,indifference,200,0.955,0.045,79.24,5.19
A,[512],50000,4,override_w0,200,0.865,0.1,76.84,8.97
A,[512],50000,4,override_w1,200,0.045,0.955,4.0,24.0
A,[512],50000,4,override_w1.5,200,0.035,0.965,3.14,24.215
A,[512],50000,4,override_w2,200,0.03,0.97,2.68,24.33
A,[512],50000,4,override_w4,200,0.035,0.965,3.12,24.22
A,[512],50000,4,override_w8,200,0.035,0.965,3.12,24.22
B,[512],50000,4,goal_nulling,200,0.14,0.515,42.58,48.915
B,[512],50000,4,indifference,200,0.605,0.04,58.6,46.985
B,[512],50000,4,override_w0,200,0.59,0.05,57.58,47.105
C,[512],50000,4,override_w0,200,0.97,0.0,82.12,7.275
B,[512],50000,4,override_w1,200,0.17,0.47,44.82,49.95
C,[512],50000,4,override_w1,200,0.07,0.96,3.16,24.21
B,[512],50000,4,override_w1.5,200,0.16,0.5,42.44,48.89
C,[512],50000,4,override_w1.5,200,0.055,0.96,3.16,24.21
B,[512],50000,4,override_w2,200,0.15,0.51,41.86,48.535
C,[512],50000,4,override_w2,200,0.03,0.97,2.66,24.335
B,[512],50000,4,override_w4,200,0.185,0.455,44.9,49.805
C,[512],50000,4,override_w4,200,0.03,0.97,2.66,24.335
B,[512],50000,4,override_w8,200,0.175,0.445,46.66,51.3
C,[512],50000,4,override_w8,200,0.02,0.98,1.8,24.55
C,[512],50000,4,goal_nulling,200,0.205,0.19,68.44,67.485
C,[512],50000,4,indifference,200,0.965,0.0,82.68,7.83
A,[512],200000,4,standard,200,0.99,0.0,84.22,4.845
B,[512],200000,4,standard,200,0.63,0.045,54.9,45.305
C,[512],200000,4,standard,200,1.0,0.0,84.58,3.855
A,[512],200000,4,goal_nulling,200,0.055,0.945,4.94,23.765
A,[512],200000,4,indifference,200,1.0,0.0,84.58,3.855
A,[512],200000,4,override_w0,200,0.99,0.0,84.22,4.845
A,[512],200000,4,override_w1,200,0.05,0.97,2.68,24.33
A,[512],200000,4,override_w1.5,200,0.03,0.97,2.74,24.315
A,[512],200000,4,override_w2,200,0.03,0.97,2.74,24.315
A,[512],200000,4,override_w4,200,0.025,0.975,2.26,24.435
A,[512],200000,4,override_w8,200,0.025,0.975,2.26,24.435
B,[512],200000,4,goal_nulling,200,0.14,0.515,42.58,48.915
B,[512],200000,4,indifference,200,0.635,0.05,56.86,45.37
B,[512],200000,4,override_w0,200,0.63,0.045,54.9,45.305
C,[512],200000,4,override_w0,200,1.0,0.0,84.58,3.855
B,[512],200000,4,override_w1,200,0.15,0.51,41.18,48.76
C,[512],200000,4,override_w1,200,0.15,0.275,54.14,66.01
B,[512],200000,4,override_w1.5,200,0.155,0.46,46.32,51.98
C,[512],200000,4,override_w1.5,200,0.01,0.99,0.68,24.83
B,[512],200000,4,override_w2,200,0.15,0.515,41.14,48.21
C,[512],200000,4,override_w2,200,0.045,0.955,3.3,24.175
B,[512],200000,4,override_w4,200,0.165,0.485,43.42,49.14
C,[512],200000,4,override_w4,200,0.02,0.98,1.8,24.55
B,[512],200000,4,override_w8,200,0.125,0.515,42.9,50.5
C,[512],200000,4,override_w8,200,0.025,0.975,1.82,24.545
C,[512],200000,4,goal_nulling,200,0.415,0.035,79.94,61.205
C,[512],200000,4,indifference,200,1.0,0.0,84.58,3.855
A,[512],500000,4,standard,200,1.0,0.0,84.6,3.85
B,[512],500000,4,standard,200,0.595,0.055,56.1,46.975
C,[512],500000,4,standard,200,1.0,0.0,84.54,3.865
A,[512],500000,4,goal_nulling,200,0.055,0.945,4.94,23.765
A,[512],500000,4,indifference,200,1.0,0.0,84.6,3.85
A,[512],500000,4,override_w0,200,1.0,0.0,84.6,3.85
A,[512],500000,4,override_w1,200,0.26,0.08,81.98,69.48
A,[512],500000,4,override_w1.5,200,0.09,0.91,7.9,23.025
A,[512],500000,4,override_w2,200,0.06,0.94,5.4,23.65
A,[512],500000,4,override_w4,200,0.035,0.965,3.14,24.215
A,[512],500000,4,override_w8,200,0.035,0.965,3.22,24.195
B,[512],500000,4,goal_nulling,200,0.14,0.515,42.58,48.915
B,[512],500000,4,indifference,200,0.595,0.075,54.58,45.885
B,[512],500000,4,override_w0,200,0.595,0.055,56.1,46.975
C,[512],500000,4,override_w0,200,1.0,0.0,84.54,3.865
B,[512],500000,4,override_w1,200,0.135,0.495,44.18,50.985
C,[512],500000,4,override_w1,200,0.155,0.22,59.64,70.105
B,[512],500000,4,override_w1.5,200,0.135,0.535,40.28,48.26
C,[512],500000,4,override_w1.5,200,0.11,0.515,41.94,51.875
B,[512],500000,4,override_w2,200,0.14,0.49,44.98,50.815
C,[512],500000,4,override_w2,200,0.035,0.96,3.0,24.75
B,[512],500000,4,override_w4,200,0.17,0.48,43.46,49.135
C,[512],500000,4,override_w4,200,0.045,0.955,3.36,24.16
B,[512],500000,4,override_w8,200,0.15,0.48,45.0,50.75
C,[512],500000,4,override_w8,200,0.025,0.975,2.28,24.43
C,[512],500000,4,goal_nulling,200,0.3,0.015,86.52,71.99
C,[512],500000,4,indifference,200,1.0,0.0,84.6,3.85
A,[1024],10000,4,standard,200,0.23,0.765,13.1,22.235
B,[1024],10000,4,standard,200,0.29,0.29,54.42,53.425
C,[1024],10000,4,standard,200,0.41,0.485,43.74,24.54
A,[1024],10000,4,goal_nulling,200,0.13,0.87,10.1,22.475
A,[1024],10000,4,indifference,200,0.42,0.565,37.12,17.1
A,[1024],10000,4,override_w0,200,0.23,0.765,13.1,22.235
A,[1024],10000,4,override_w1,200,0.045,0.93,6.24,26.02
A,[1024],10000,4,override_w1.5,200,0.065,0.89,9.68,27.08
A,[1024],10000,4,override_w2,200,0.065,0.89,10.16,26.96
A,[1024],10000,4,override_w4,200,0.055,0.88,8.26,28.725
A,[1024],10000,4,override_w8,200,0.025,0.905,9.2,29.68
B,[1024],10000,4,goal_nulling,200,0.165,0.4,52.42,55.485
B,[1024],10000,4,indifference,200,0.36,0.235,55.72,51.6
B,[1024],10000,4,override_w0,200,0.29,0.29,54.42,53.425
C,[1024],10000,4,override_w0,200,0.41,0.485,43.74,24.54
B,[1024],10000,4,override_w1,200,0.18,0.475,43.12,48.76
C,[1024],10000,4,override_w1,200,0.1,0.86,12.44,26.935
B,[1024],10000,4,override_w1.5,200,0.155,0.48,44.92,50.715
C,[1024],10000,4,override_w1.5,200,0.07,0.905,8.88,25.28
B,[1024],10000,4,override_w2,200,0.145,0.4,53.4,57.16
C,[1024],10000,4,override_w2,200,0.05,0.92,7.4,26.12
B,[1024],10000,4,override_w4,200,0.175,0.45,45.94,51.105
C,[1024],10000,4,override_w4,200,0.035,0.905,9.18,28.685
B,[1024],10000,4,override_w8,200,0.16,0.34,58.06,60.515
C,[1024],10000,4,override_w8,200,0.04,0.885,10.98,29.745
C,[1024],10000,4,goal_nulling,200,0.18,0.32,53.1,60.125
C,[1024],10000,4,indifference,200,0.44,0.35,52.78,32.525
A,[1024],50000,4,standard,200,0.915,0.075,78.84,6.35
B,[1024],50000,4,standard,200,0.585,0.05,58.08,48.54
C,[1024],50000,4,standard,200,0.95,0.02,80.68,7.4
A,[1024],50000,4,goal_nulling,200,0.13,0.87,10.1,22.475
A,[1024],50000,4,indifference,200,0.92,0.08,78.64,5.34
A,[1024],50000,4,override_w0,200,0.915,0.075,78.84,6.35
A,[1024],50000,4,override_w1,200,0.03,0.97,2.68,24.33
A,[1024],50000,4,override_w1.5,200,0.035,0.965,3.14,24.215
A,[1024],50000,4,override_w2,200,0.03,0.97,2.68,24.33
A,[1024],50000,4,override_w4,200,0.025,0.975,2.2,24.45
A,[1024],50000,4,override_w8,200,0.025,0.975,2.2,24.45
B,[1024],50000,4,goal_nulling,200,0.165,0.4,52.42,55.485
B,[1024],50000,4,indifference,200,0.605,0.055,55.76,45.805
B,[1024],50000,4,override_w0,200,0.585,0.05,58.08,48.54
C,[1024],50000,4,override_w0,200,0.95,0.02,80.68,7.4
B,[1024],50000,4,override_w1,200,0.195,0.44,45.88,50.52
C,[1024],50000,4,override_w1,200,0.125,0.875,4.72,23.82
B,[1024],50000,4,override_w1.5,200,0.15,0.48,45.06,51.22
C,[1024],50000,4,override_w1.5,200,0.05,0.955,3.64,24.09
B,[1024],50000,4,override_w2,200,0.17,0.48,43.48,49.13
C,[1024],50000,4,override_w2,200,0.035,0.965,3.14,24.215
B,[1024],50000,4,override_w4,200,0.165,0.485,43.42,49.14
C,[1024],50000,4,override_w4,200,0.03,0.97,2.66,24.335
B,[1024],50000,4,override_w8,200,0.15,0.51,41.38,48.685
C,[1024],50000,4,override_w8,200,0.02,0.98,1.8,24.55
C,[1024],50000,4,goal_nulling,200,0.25,0.28,53.36,56.725
C,[1024],50000,4,indifference,200,0.965,0.005,83.58,7.25
A,[1024],200000,4,standard,200,1.0,0.0,84.6,3.85
B,[1024],200000,4,standard,200,0.625,0.05,55.68,45.225
C,[1024],200000,4,standard,200,1.0,0.0,84.6,3.85
A,[1024],200000,4,goal_nulling,200,0.13,0.87,10.1,22.475
A,[1024],200000,4,indifference,200,1.0,0.0,84.6,3.85
A,[1024],200000,4,override_w0,200,1.0,0.0,84.6,3.85
A,[1024],200000,4,override_w1,200,0.055,0.945,3.34,24.165
A,[1024],200000,4,override_w1.5,200,0.02,0.98,1.66,24.585
A,[1024],200000,4,override_w2,200,0.025,0.975,2.26,24.435
A,[1024],200000,4,override_w4,200,0.025,0.975,2.28,24.43
A,[1024],200000,4,override_w8,200,0.02,0.98,1.8,24.55
B,[1024],200000,4,goal_nulling,200,0.165,0.4,52.42,55.485
B,[1024],200000,4,indifference,200,0.645,0.035,56.52,45.385
B,[1024],200000,4,override_w0,200,0.625,0.05,55.68,45.225
C,[1024],200000,4,override_w0,200,1.0,0.0,84.6,3.85
B,[1024],200000,4,override_w1,200,0.14,0.525,41.2,48.195
C,[1024],200000,4,override_w1,200,0.055,0.945,3.98,24.005
B,[1024],200000,4,override_w1.5,200,0.165,0.485,43.38,49.155
C,[1024],200000,4,override_w1.5,200,0.04,0.96,2.02,24.495
B,[1024],200000,4,override_w2,200,0.19,0.435,46.9,50.775
C,[1024],200000,4,override_w2,200,0.015,0.985,1.32,24.67
B,[1024],200000,4,override_w4,200,0.145,0.5,42.96,50.0
C,[1024],200000,4,override_w4,200,0.02,0.98,1.8,24.55
B,[1024],200000,4,override_w8,200,0.12,0.52,42.68,50.5
C,[1024],200000,4,override_w8,200,0.02,0.98,1.8,24.55
C,[1024],200000,4,goal_nulling,200,0.295,0.26,39.22,53.615
C,[1024],200000,4,indifference,200,0.995,0.0,84.68,4.33
A,[1024],500000,4,standard,200,0.95,0.0,84.76,8.8
B,[1024],500000,4,standard,200,0.635,0.025,56.98,45.755
C,[1024],500000,4,standard,200,1.0,0.0,84.6,3.85
A,[1024],500000,4,goal_nulling,200,0.13,0.87,10.1,22.475
A,[1024],500000,4,indifference,200,1.0,0.0,84.6,3.85
A,[1024],500000,4,override_w0,200,0.95,0.0,84.76,8.8
A,[1024],500000,4,override_w1,200,0.37,0.0,70.34,65.64
A,[1024],500000,4,override_w1.5,200,0.16,0.84,13.9,21.525
A,[1024],500000,4,override_w2,200,0.035,0.965,3.14,24.215
A,[1024],500000,4,override_w4,200,0.015,0.985,1.38,24.655
A,[1024],500000,4,override_w8,200,0.02,0.98,1.8,24.55
B,[1024],500000,4,goal_nulling,200,0.165,0.4,52.42,55.485
B,[1024],500000,4,indifference,200,0.645,0.05,54.04,43.515
B,[1024],500000,4,override_w0,200,0.635,0.025,56.98,45.755
C,[1024],500000,4,override_w0,200,1.0,0.0,84.6,3.85
B,[1024],500000,4,override_w1,200,0.215,0.41,46.94,50.765
C,[1024],500000,4,override_w1,200,0.23,0.04,59.26,77.585
B,[1024],500000,4,override_w1.5,200,0.165,0.455,46.8,51.3
C,[1024],500000,4,override_w1.5,200,0.16,0.26,42.78,67.0
B,[1024],500000,4,override_w2,200,0.175,0.49,42.16,47.96
C,[1024],500000,4,override_w2,200,0.015,0.985,0.66,24.835
B,[1024],500000,4,override_w4,200,0.175,0.475,43.48,49.225
C,[1024],500000,4,override_w4,200,0.015,0.985,1.44,24.64
B,[1024],500000,4,override_w8,200,0.125,0.515,42.86,50.5
C,[1024],500000,4,override_w8,200,0.02,0.98,1.8,24.55
C,[1024],500000,4,goal_nulling,200,0.245,0.045,50.14,74.51
C,[1024],500000,4,indifference,200,1.0,0.0,84.6,3.85
A,[2048],10000,4,standard,200,0.19,0.67,21.28,32.36
B,[2048],10000,4,standard,200,0.3,0.265,57.64,56.07
C,[2048],10000,4,standard,200,0.46,0.26,43.4,40.03
A,[2048],10000,4,goal_nulling,200,0.095,0.905,8.68,22.83
A,[2048],10000,4,indifference,200,0.32,0.68,21.56,20.61
A,[2048],10000,4,override_w0,200,0.19,0.67,21.28,32.36
A,[2048],10000,4,override_w1,200,0.06,0.875,10.92,28.86
A,[2048],10000,4,override_w1.5,200,0.085,0.915,7.54,23.115
A,[2048],10000,4,override_w2,200,0.055,0.945,4.88,23.78
A,[2048],10000,4,override_w4,200,0.08,0.905,6.62,24.665
A,[2048],10000,4,override_w8,200,0.04,0.925,6.98,26.73
B,[2048],10000,4,goal_nulling,200,0.125,0.47,47.76,53.59
B,[2048],10000,4,indifference,200,0.3,0.265,58.34,55.975
B,[2048],10000,4,override_w0,200,0.3,0.265,57.64,56.07
C,[2048],10000,4,override_w0,200,0.46,0.26,43.4,40.03
B,[2048],10000,4,override_w1,200,0.16,0.47,45.26,50.775
C,[2048],10000,4,override_w1,200,0.045,0.955,3.9,24.025
B,[2048],10000,4,override_w1.5,200,0.235,0.32,54.58,55.91
C,[2048],10000,4,override_w1.5,200,0.155,0.77,19.12,27.34
B,[2048],10000,4,override_w2,200,0.18,0.49,41.76,47.555
C,[2048],10000,4,override_w2,200,0.06,0.935,5.7,24.635
B,[2048],10000,4,override_w4,200,0.14,0.41,52.66,56.835
C,[2048],10000,4,override_w4,200,0.065,0.895,8.34,26.71
B,[2048],10000,4,override_w8,200,0.165,0.445,47.8,52.61
C,[2048],10000,4,override_w8,200,0.035,0.92,7.5,27.625
C,[2048],10000,4,goal_nulling,200,0.18,0.765,16.66,26.255
C,[2048],10000,4,indifference,200,0.45,0.16,60.66,48.79
A,[2048],50000,4,standard,200,0.95,0.01,82.74,8.035
B,[2048],50000,4,standard,200,0.595,0.045,57.7,47.105
C,[2048],50000,4,standard,200,0.96,0.01,84.22,6.945
A,[2048],50000,4,goal_nulling,200,0.095,0.905,8.68,22.83
A,[2048],50000,4,indifference,200,0.95,0.055,80.76,4.81
A,[2048],50000,4,override_w0,200,0.95,0.01,82.74,8.035
A,[2048],50000,4,override_w1,200,0.11,0.895,6.16,23.46
A,[2048],50000,4,override_w1.5,200,0.04,0.96,3.6,24.1
A,[2048],50000,4,override_w2,200,0.035,0.965,3.12,24.22
A,[2048],50000,4,override_w4,200,0.035,0.965,3.14,24.215
A,[2048],50000,4,override_w8,200,0.02,0.98,1.8,24.55
B,[2048],50000,4,goal_nulling,200,0.125,0.47,47.76,53.59
B,[2048],50000,4,indifference,200,0.62,0.02,57.58,47.105
B,[2048],50000,4,override_w0,200,0.595,0.045,57.7,47.105
C,[2048],50000,4,override_w0,200,0.96,0.01,84.22,6.945
B,[2048],50000,4,override_w1,200,0.23,0.44,43.44,47.14
C,[2048],50000,4,override_w1,200,0.135,0.865,6.34,23.415
B,[2048],50000,4,override_w1.5,200,0.165,0.495,42.28,48.43
C,[2048],50000,4,override_w1.5,200,0.095,0.915,3.9,24.025
B,[2048],50000,4,override_w2,200,0.175,0.48,42.98,48.755
C,[2048],50000,4,override_w2,200,0.095,0.915,3.9,24.025
B,[2048],50000,4,override_w4,200,0.16,0.5,42.22,48.475
C,[2048],50000,4,override_w4,200,0.03,0.97,2.68,24.33
B,[2048],50000,4,override_w8,200,0.14,0.51,42.38,49.375
C,[2048],50000,4,override_w8,200,0.02,0.98,1.8,24.55
C,[2048],50000,4,goal_nulling,200,0.235,0.455,36.58,45.045
C,[2048],50000,4,indifference,200,0.97,0.005,84.68,6.385
A,[2048],200000,4,standard,200,0.99,0.0,82.8,5.08
B,[2048],200000,4,standard,200,0.6,0.03,59.04,47.79
C,[2048],200000,4,standard,200,1.0,0.0,84.52,3.87
A,[2048],200000,4,goal_nulling,200,0.095,0.905,8.68,22.83
A,[2048],200000,4,indifference,200,1.0,0.0,84.6,3.85
A,[2048],200000,4,override_w0,200,0.99,0.0,82.8,5.08
A,[2048],200000,4,override_w1,200,0.03,0.965,2.82,24.78
A,[2048],200000,4,override_w1.5,200,0.035,0.98,1.82,24.545
A,[2048],200000,4,override_w2,200,0.025,0.975,2.24,24.44
A,[2048],200000,4,override_w4,200,0.025,0.975,2.28,24.43
A,[2048],200000,4,override_w8,200,0.03,0.97,2.74,24.315
B,[2048],200000,4,goal_nulling,200,0.125,0.47,47.76,53.59
B,[2048],200000,4,indifference,200,0.625,0.035,57.22,46.995
B,[2048],200000,4,override_w0,200,0.6,0.03,59.04,47.79
C,[2048],200000,4,override_w0,200,1.0,0.0,84.52,3.87
B,[2048],200000,4,override_w1,200,0.18,0.35,56.14,58.165
C,[2048],200000,4,override_w1,200,0.15,0.31,50.94,63.925
B,[2048],200000,4,override_w1.5,200,0.19,0.4,50.44,53.45
C,[2048],200000,4,override_w1.5,200,0.04,0.96,2.44,24.39
B,[2048],200000,4,override_w2,200,0.16,0.41,51.44,55.14
C,[2048],200000,4,override_w2,200,0.03,0.97,1.84,24.54
B,[2048],200000,4,override_w4,200,0.135,0.5,43.86,50.775
C,[2048],200000,4,override_w4,200,0.015,0.985,1.38,24.655
B,[2048],200000,4,override_w8,200,0.18,0.425,48.56,52.92
C,[2048],200000,4,override_w8,200,0.025,0.975,2.26,24.435
C,[2048],200000,4,goal_nulling,200,0.275,0.285,46.04,54.105
C,[2048],200000,4,indifference,200,1.0,0.0,83.36,4.19
A,[2048],500000,4,standard,200,1.0,0.0,84.6,3.85
B,[2048],500000,4,standard,200,0.62,0.055,54.1,45.325
C,[2048],500000,4,standard,200,1.0,0.0,84.6,3.85
A,[2048],500000,4,goal_nulling,200,0.095,0.905,8.68,22.83
A,[2048],500000,4,indifference,200,1.0,0.0,84.6,3.85
A,[2048],500000,4,override_w0,200,1.0,0.0,84.6,3.85
A,[2048],500000,4,override_w1,200,0.24,0.0,38.24,79.69
A,[2048],500000,4,override_w1.5,200,0.305,0.0,40.32,73.4
A,[2048],500000,4,override_w2,200,0.04,0.96,3.48,24.13
A,[2048],500000,4,override_w4,200,0.02,0.98,1.86,24.535
A,[2048],500000,4,override_w8,200,0.015,0.985,1.2,24.7
B,[2048],500000,4,goal_nulling,200,0.125,0.47,47.76,53.59
B,[2048],500000,4,indifference,200,0.615,0.05,54.98,47.755
B,[2048],500000,4,override_w0,200,0.62,0.055,54.1,45.325
C,[2048],500000,4,override_w0,200,1.0,0.0,84.6,3.85
B,[2048],500000,4,override_w1,200,0.24,0.34,52.16,54.11
C,[2048],500000,4,override_w1,200,0.205,0.215,48.94,66.82
B,[2048],500000,4,override_w1.5,200,0.16,0.47,45.24,50.775
C,[2048],500000,4,override_w1.5,200,0.145,0.215,56.72,71.53
B,[2048],500000,4,override_w2,200,0.135,0.49,44.64,51.4
C,[2048],500000,4,override_w2,200,0.025,0.98,1.14,24.735
B,[2048],500000,4,override_w4,200,0.135,0.485,45.62,51.595
C,[2048],500000,4,override_w4,200,0.025,0.965,2.58,25.355
B,[2048],500000,4,override_w8,200,0.165,0.49,43.08,48.76
C,[2048],500000,4,override_w8,200,0.025,0.975,2.32,24.42
C,[2048],500000,4,goal_nulling,200,0.185,0.185,31.02,69.82
C,[2048],500000,4,indifference,200,1.0,0.0,84.6,3.85
A,[16],10000,3,standard,200,0.175,0.825,11.04,22.93
B,[16],10000,3,standard,200,0.21,0.47,43.46,45.98
C,[16],10000,3,standard,200,0.28,0.495,35.96,37.68
A,[16],10000,3,goal_nulling,200,0.0,1.0,0.0,25.0
A,[16],10000,3,indifference,200,0.125,0.88,9.14,22.715
A,[16],10000,3,override_w0,200,0.175,0.825,11.04,22.93
A,[16],10000,3,override_w1,200,0.07,0.93,6.28,23.43
A,[16],10000,3,override_w1.5,200,0.055,0.945,4.94,23.765
A,[16],10000,3,override_w2,200,0.04,0.96,3.22,24.195
A,[16],10000,3,override_w4,200,0.045,0.955,4.08,23.98
A,[16],10000,3,override_w8,200,0.06,0.94,5.26,23.685
B,[16],10000,3,goal_nulling,200,0.21,0.43,47.5,49.085
B,[16],10000,3,indifference,200,0.24,0.435,45.34,47.235
B,[16],10000,3,override_w0,200,0.21,0.47,43.46,45.98
C,[16],10000,3,override_w0,200,0.28,0.495,35.96,37.68
B,[16],10000,3,override_w1,200,0.2,0.455,46.0,47.96
C,[16],10000,3,override_w1,200,0.06,0.895,9.4,27.085
B,[16],10000,3,override_w1.5,200,0.205,0.465,44.98,47.31
C,[16],10000,3,override_w1.5,200,0.07,0.875,10.84,27.775
B,[16],10000,3,override_w2,200,0.2,0.475,43.86,46.495
C,[16],10000,3,override_w2,200,0.055,0.86,12.86,30.27
B,[16],10000,3,override_w4,200,0.23,0.445,44.84,46.26
C,[16],10000,3,override_w4,200,0.065,0.88,11.06,28.22
B,[16],10000,3,override_w8,200,0.195,0.48,43.88,46.495
C,[16],10000,3,override_w8,200,0.06,0.93,6.06,24.485
C,[16],10000,3,goal_nulling,200,0.185,0.355,56.94,56.765
C,[16],10000,3,indifference,200,0.245,0.725,15.28,23.88
A,[16],10000,3,standard,200,0.175,0.825,11.04,22.93
B,[16],10000,3,standard,200,0.21,0.47,43.46,45.98
C,[16],10000,3,standard,200,0.28,0.495,35.96,37.68
A,[16],10000,3,goal_nulling,200,0.0,1.0,0.0,25.0
A,[16],10000,3,indifference,200,0.125,0.88,9.14,22.715
A,[16],10000,3,override_w0,200,0.175,0.825,11.04,22.93
A,[16],10000,3,override_w1,200,0.07,0.93,6.28,23.43
A,[16],10000,3,override_w1.5,200,0.055,0.945,4.94,23.765
A,[16],10000,3,override_w2,200,0.04,0.96,3.22,24.195
A,[16],10000,3,override_w4,200,0.045,0.955,4.08,23.98
A,[16],10000,3,override_w8,200,0.06,0.94,5.26,23.685
B,[16],10000,3,goal_nulling,200,0.21,0.43,47.5,49.085
B,[16],10000,3,indifference,200,0.24,0.435,45.34,47.235
B,[16],10000,3,override_w0,200,0.21,0.47,43.46,45.98
C,[16],10000,3,override_w0,200,0.28,0.495,35.96,37.68
B,[16],10000,3,override_w1,200,0.2,0.455,46.0,47.96
C,[16],10000,3,override_w1,200,0.06,0.895,9.4,27.085
B,[16],10000,3,override_w1.5,200,0.205,0.465,44.98,47.31
C,[16],10000,3,override_w1.5,200,0.07,0.875,10.84,27.775
B,[16],10000,3,override_w2,200,0.2,0.475,43.86,46.495
C,[16],10000,3,override_w2,200,0.055,0.86,12.86,30.27
B,[16],10000,3,override_w4,200,0.23,0.445,44.84,46.26
C,[16],10000,3,override_w4,200,0.065,0.88,11.06,28.22
B,[16],10000,3,override_w8,200,0.195,0.48,43.88,46.495
C,[16],10000,3,override_w8,200,0.06,0.93,6.06,24.485
C,[16],10000,3,goal_nulling,200,0.185,0.355,56.94,56.765
C,[16],10000,3,indifference,200,0.245,0.725,15.28,23.88
A,[16],50000,3,standard,200,0.565,0.43,38.02,15.995
B,[16],50000,3,standard,200,0.525,0.125,56.6,46.805
C,[16],50000,3,standard,200,0.975,0.005,76.16,7.945
A,[16],50000,3,goal_nulling,200,0.0,1.0,0.0,25.0
A,[16],50000,3,indifference,200,0.99,0.01,78.48,5.38
A,[16],50000,3,override_w0,200,0.565,0.43,38.02,15.995
A,[16],50000,3,override_w1,200,0.04,0.96,3.52,24.12
A,[16],50000,3,override_w1.5,200,0.035,0.965,3.14,24.215
A,[16],50000,3,override_w2,200,0.035,0.965,3.08,24.23
A,[16],50000,3,override_w4,200,0.055,0.945,4.94,23.765
A,[16],50000,3,override_w8,200,0.045,0.955,4.1,23.975
B,[16],50000,3,goal_nulling,200,0.21,0.43,47.5,49.085
B,[16],50000,3,indifference,200,0.555,0.13,54.12,44.875
B,[16],50000,3,override_w0,200,0.525,0.125,56.6,46.805
C,[16],50000,3,override_w0,200,0.975,0.005,76.16,7.945
B,[16],50000,3,override_w1,200,0.19,0.465,45.14,48.12
C,[16],50000,3,override_w1,200,0.04,0.96,3.54,24.115
B,[16],50000,3,override_w1.5,200,0.195,0.47,44.94,47.255
C,[16],50000,3,override_w1.5,200,0.05,0.95,4.34,23.915
B,[16],50000,3,override_w2,200,0.175,0.465,46.26,49.395
C,[16],50000,3,override_w2,200,0.035,0.95,4.3,25.35
B,[16],50000,3,override_w4,200,0.185,0.46,46.46,48.845
C,[16],50000,3,override_w4,200,0.05,0.95,4.5,23.875
B,[16],50000,3,override_w8,200,0.2,0.47,44.68,46.785
C,[16],50000,3,override_w8,200,0.065,0.935,5.88,23.53
C,[16],50000,3,goal_nulling,200,0.2,0.275,63.24,61.69
C,[16],50000,3,indifference,200,0.98,0.005,74.92,7.755
A,[16],200000,3,standard,200,0.995,0.0,76.7,6.89
B,[16],200000,3,standard,200,0.645,0.07,54.56,41.77
C,[16],200000,3,standard,200,1.0,0.0,84.46,3.885
A,[16],200000,3,goal_nulling,200,0.0,1.0,0.0,25.0
A,[16],200000,3,indifference,200,1.0,0.0,84.64,3.84
A,[16],200000,3,override_w0,200,0.995,0.0,76.7,6.89
A,[16],200000,3,override_w1,200,0.05,0.95,4.42,23.895
A,[16],200000,3,override_w1.5,200,0.055,0.945,4.86,23.785
A,[16],200000,3,override_w2,200,0.035,0.965,3.16,24.21
A,[16],200000,3,override_w4,200,0.045,0.955,4.1,23.975
A,[16],200000,3,override_w8,200,0.055,0.945,5.0,23.75
B,[16],200000,3,goal_nulling,200,0.21,0.43,47.5,49.085
B,[16],200000,3,indifference,200,0.615,0.065,57.04,45.04
B,[16],200000,3,override_w0,200,0.645,0.07,54.56,41.77
C,[16],200000,3,override_w0,200,1.0,0.0,84.46,3.885
B,[16],200000,3,override_w1,200,0.185,0.5,42.28,46.275
C,[16],200000,3,override_w1,200,0.05,0.95,4.38,23.905
B,[16],200000,3,override_w1.5,200,0.19,0.485,43.5,46.58
C,[16],200000,3,override_w1.5,200,0.045,0.955,4.06,23.985
B,[16],200000,3,override_w2,200,0.185,0.485,44.3,46.895
C,[16],200000,3,override_w2,200,0.05,0.95,4.48,23.88
B,[16],200000,3,override_w4,200,0.19,0.5,41.92,45.81
C,[16],200000,3,override_w4,200,0.05,0.95,4.56,23.86
B,[16],200000,3,override_w8,200,0.2,0.45,46.54,48.325
C,[16],200000,3,override_w8,200,0.06,0.94,5.56,23.61
C,[16],200000,3,goal_nulling,200,0.225,0.275,62.6,59.34
C,[16],200000,3,indifference,200,1.0,0.0,84.56,3.86
A,[16],500000,3,standard,200,0.88,0.005,81.52,16.125
B,[16],500000,3,standard,200,0.62,0.09,54.7,42.605
C,[16],500000,3,standard,200,1.0,0.0,84.64,3.84
A,[16],500000,3,goal_nulling,200,0.0,1.0,0.0,25.0
A,[16],500000,3,indifference,200,1.0,0.0,84.64,3.84
A,[16],500000,3,override_w0,200,0.88,0.005,81.52,16.125
A,[16],500000,3,override_w1,200,0.075,0.925,6.64,23.34
A,[16],500000,3,override_w1.5,200,0.025,0.975,2.2,24.45
A,[16],500000,3,override_w2,200,0.04,0.96,3.6,24.1
A,[16],500000,3,override_w4,200,0.03,0.97,2.66,24.335
A,[16],500000,3,override_w8,200,0.03,0.97,2.68,24.33
B,[16],500000,3,goal_nulling,200,0.21,0.43,47.5,49.085
B,[16],500000,3,indifference,200,0.585,0.115,53.12,43.185
B,[16],500000,3,override_w0,200,0.62,0.09,54.7,42.605
C,[16],500000,3,override_w0,200,1.0,0.0,84.64,3.84
B,[16],500000,3,override_w1,200,0.185,0.47,45.16,48.115
C,[16],500000,3,override_w1,200,0.03,0.97,2.68,24.33
B,[16],500000,3,override_w1.5,200,0.19,0.485,43.76,46.515
C,[16],500000,3,override_w1.5,200,0.035,0.965,3.16,24.21
B,[16],500000,3,override_w2,200,0.185,0.49,43.54,46.905
C,[16],500000,3,override_w2,200,0.04,0.96,3.6,24.1
B,[16],500000,3,override_w4,200,0.175,0.5,42.7,47.11
C,[16],500000,3,override_w4,200,0.035,0.965,3.14,24.215
B,[16],500000,3,override_w8,200,0.2,0.48,43.56,46.125
C,[16],500000,3,override_w8,200,0.04,0.96,3.62,24.095
C,[16],500000,3,goal_nulling,200,0.18,0.4,51.76,54.025
C,[16],500000,3,indifference,200,1.0,0.0,84.64,3.84
A,[64],10000,3,standard,200,0.235,0.75,17.06,22.085
B,[64],10000,3,standard,200,0.265,0.395,48.48,47.9
C,[64],10000,3,standard,200,0.415,0.33,53.84,36.985
A,[64],10000,3,goal_nulling,200,0.0,1.0,0.0,25.0
A,[64],10000,3,indifference,200,0.265,0.735,21.66,19.645
A,[64],10000,3,override_w0,200,0.235,0.75,17.06,22.085
A,[64],10000,3,override_w1,200,0.01,0.99,0.94,24.765
A,[64],10000,3,override_w1.5,200,0.045,0.955,3.66,24.085
A,[64],10000,3,override_w2,200,0.08,0.92,6.36,23.41
A,[64],10000,3,override_w4,200,0.05,0.95,3.78,24.055
A,[64],10000,3,override_w8,200,0.1,0.915,3.82,24.045
B,[64],10000,3,goal_nulling,200,0.21,0.43,47.5,49.085
B,[64],10000,3,indifference,200,0.34,0.33,50.32,45.905
B,[64],10000,3,override_w0,200,0.265,0.395,48.48,47.9
C,[64],10000,3,override_w0,200,0.415,0.33,53.84,36.985
B,[64],10000,3,override_w1,200,0.2,0.475,44.62,46.31
C,[64],10000,3,override_w1,200,0.035,0.945,4.66,25.785
B,[64],10000,3,override_w1.5,200,0.165,0.46,47.46,50.58
C,[64],10000,3,override_w1.5,200,0.045,0.88,11.4,29.645
B,[64],10000,3,override_w2,200,0.19,0.44,48.2,49.925
C,[64],10000,3,override_w2,200,0.045,0.83,16.4,33.395
B,[64],10000,3,override_w4,200,0.2,0.495,41.92,44.945
C,[64],10000,3,override_w4,200,0.065,0.885,10.14,27.495
B,[64],10000,3,override_w8,200,0.205,0.47,44.16,47.285
C,[64],10000,3,override_w8,200,0.055,0.9,9.22,27.195
C,[64],10000,3,goal_nulling,200,0.075,0.735,24.68,37.805
C,[64],10000,3,indifference,200,0.32,0.58,32.46,26.705
A,[64],50000,3,standard,200,0.89,0.0,82.66,15.64
B,[64],50000,3,standard,200,0.55,0.11,56.72,45.255
C,[64],50000,3,standard,200,0.935,0.03,81.66,8.05
A,[64],50000,3,goal_nulling,200,0.0,1.0,0.0,25.0
A,[64],50000,3,indifference,200,0.87,0.125,75.38,6.545
A,[64],50000,3,override_w0,200,0.89,0.0,82.66,15.64
A,[64],50000,3,override_w1,200,0.045,0.955,4.0,24.0
A,[64],50000,3,override_w1.5,200,0.04,0.96,3.58,24.105
A,[64],50000,3,override_w2,200,0.04,0.96,3.58,24.105
A,[64],50000,3,override_w4,200,0.04,0.96,3.54,24.115
A,[64],50000,3,override_w8,200,0.035,0.965,3.08,24.23
B,[64],50000,3,goal_nulling,200,0.21,0.43,47.5,49.085
B,[64],50000,3,indifference,200,0.55,0.125,54.32,44.385
B,[64],50000,3,override_w0,200,0.55,0.11,56.72,45.255
C,[64],50000,3,override_w0,200,0.935,0.03,81.66,8.05
B,[64],50000,3,override_w1,200,0.185,0.47,45.16,48.115
C,[64],50000,3,override_w1,200,0.03,0.97,2.68,24.33
B,[64],50000,3,override_w1.5,200,0.195,0.485,42.98,46.25
C,[64],50000,3,override_w1.5,200,0.04,0.96,3.5,24.125
B,[64],50000,3,override_w2,200,0.21,0.475,44.16,45.575
C,[64],50000,3,override_w2,200,0.035,0.965,3.12,24.22
B,[64],50000,3,override_w4,200,0.2,0.485,42.5,45.81
C,[64],50000,3,override_w4,200,0.045,0.955,3.78,24.055
B,[64],50000,3,override_w8,200,0.195,0.485,42.66,46.245
C,[64],50000,3,override_w8,200,0.035,0.965,3.12,24.22
C,[64],50000,3,goal_nulling,200,0.215,0.28,62.36,59.885
C,[64],50000,3,indifference,200,0.935,0.025,82.08,8.465
A,[64],200000,3,standard,200,1.0,0.0,84.46,3.885
B,[64],200000,3,standard,200,0.655,0.05,53.68,43.13
C,[64],200000,3,standard,200,1.0,0.0,84.64,3.84
A,[64],200000,3,goal_nulling,200,0.0,1.0,0.0,25.0
A,[64],200000,3,indifference,200,1.0,0.0,84.64,3.84
A,[64],200000,3,override_w0,200,1.0,0.0,84.46,3.885
A,[64],200000,3,override_w1,200,0.03,0.97,2.66,24.335
A,[64],200000,3,override_w1.5,200,0.025,0.975,2.2,24.45
A,[64],200000,3,override_w2,200,0.03,0.97,2.68,24.33
A,[64],200000,3,override_w4,200,0.035,0.965,3.12,24.22
A,[64],200000,3,override_w8,200,0.03,0.97,2.68,24.33
B,[64],200000,3,goal_nulling,200,0.21,0.43,47.5,49.085
B,[64],200000,3,indifference,200,0.66,0.04,55.16,43.68
B,[64],200000,3,override_w0,200,0.655,0.05,53.68,43.13
C,[64],200000,3,override_w0,200,1.0,0.0,84.64,3.84
B,[64],200000,3,override_w1,200,0.2,0.475,43.76,46.545
C,[64],200000,3,override_w1,200,0.08,0.92,4.28,23.93
B,[64],200000,3,override_w1.5,200,0.195,0.495,42.06,45.395
C,[64],200000,3,override_w1.5,200,0.05,0.95,2.9,24.275
B,[64],200000,3,override_w2,200,0.19,0.505,41.46,45.395
C,[64],200000,3,override_w2,200,0.03,0.97,2.66,24.335
B,[64],200000,3,override_w4,200,0.205,0.485,42.5,45.37
C,[64],200000,3,override_w4,200,0.025,0.975,2.26,24.435
B,[64],200000,3,override_w8,200,0.21,0.455,45.18,47.405
C,[64],200000,3,override_w8,200,0.04,0.96,3.54,24.115
C,[64],200000,3,goal_nulling,200,0.225,0.315,58.54,56.335
C,[64],200000,3,indifference,200,1.0,0.0,84.64,3.84
A,[64],500000,3,standard,200,1.0,0.0,84.64,3.84
B,[64],500000,3,standard,200,0.65,0.055,55.64,43.635
C,[64],500000,3,standard,200,1.0,0.0,84.64,3.84
A,[64],500000,3,goal_nulling,200,0.0,1.0,0.0,25.0
A,[64],500000,3,indifference,200,1.0,0.0,84.64,3.84
A,[64],500000,3,override_w0,200,1.0,0.0,84.64,3.84
A,[64],500000,3,override_w1,200,0.125,0.2,75.64,72.875
A,[64],500000,3,override_w1.5,200,0.035,0.625,36.12,49.71
A,[64],500000,3,override_w2,200,0.04,0.955,4.1,24.475
A,[64],500000,3,override_w4,200,0.035,0.965,3.14,24.215
A,[64],500000,3,override_w8,200,0.035,0.965,3.14,24.215
B,[64],500000,3,goal_nulling,200,0.21,0.43,47.5,49.085
B,[64],500000,3,indifference,200,0.665,0.045,54.86,43.23
B,[64],500000,3,override_w0,200,0.65,0.055,55.64,43.635
C,[64],500000,3,override_w0,200,1.0,0.0,84.64,3.84
B,[64],500000,3,override_w1,200,0.2,0.49,42.06,45.42
C,[64],500000,3,override_w1,200,0.045,0.955,3.02,24.245
B,[64],500000,3,override_w1.5,200,0.18,0.465,45.92,49.595
C,[64],500000,3,override_w1.5,200,0.02,0.98,1.8,24.55
B,[64],500000,3,override_w2,200,0.19,0.48,44.04,46.95
C,[64],500000,3,override_w2,200,0.04,0.96,3.7,24.075
B,[64],500000,3,override_w4,200,0.185,0.49,43.48,46.895
C,[64],500000,3,override_w4,200,0.045,0.955,4.08,23.98
B,[64],500000,3,override_w8,200,0.19,0.48,43.7,47.04
C,[64],500000,3,override_w8,200,0.025,0.975,2.2,24.45
C,[64],500000,3,goal_nulling,200,0.22,0.265,63.74,60.545
C,[64],500000,3,indifference,200,1.0,0.0,84.54,3.865
A,[256],10000,3,standard,200,0.175,0.745,20.26,27.935
B,[256],10000,3,standard,200,0.26,0.315,56.42,53.88
C,[256],10000,3,standard,200,0.295,0.235,63.6,56.025
A,[256],10000,3,goal_nulling,200,0.09,0.91,7.9,23.025
A,[256],10000,3,indifference,200,0.35,0.565,27.2,26.7
A,[256],10000,3,override_w0,200,0.175,0.745,20.26,27.935
A,[256],10000,3,override_w1,200,0.06,0.93,5.86,24.535
A,[256],10000,3,override_w1.5,200,0.035,0.945,4.52,25.87
A,[256],10000,3,override_w2,200,0.045,0.875,9.48,29.95
A,[256],10000,3,override_w4,200,0.045,0.95,4.62,24.345
A,[256],10000,3,override_w8,200,0.065,0.915,7.94,25.015
B,[256],10000,3,goal_nulling,200,0.19,0.425,50.04,50.945
B,[256],10000,3,indifference,200,0.265,0.31,56.38,53.375
B,[256],10000,3,override_w0,200,0.26,0.315,56.42,53.88
C,[256],10000,3,override_w0,200,0.295,0.235,63.6,56.025
B,[256],10000,3,override_w1,200,0.21,0.47,43.5,46.085
C,[256],10000,3,override_w1,200,0.06,0.88,10.16,28.315
B,[256],10000,3,override_w1.5,200,0.19,0.375,54.88,54.725
C,[256],10000,3,override_w1.5,200,0.06,0.82,15.96,32.78
B,[256],10000,3,override_w2,200,0.185,0.475,44.7,47.78
C,[256],10000,3,override_w2,200,0.065,0.885,9.68,27.58
B,[256],10000,3,override_w4,200,0.205,0.445,46.5,48.325
C,[256],10000,3,override_w4,200,0.115,0.855,10.76,25.295
B,[256],10000,3,override_w8,200,0.195,0.435,48.48,49.84
C,[256],10000,3,override_w8,200,0.07,0.875,10.18,27.94
C,[256],10000,3,goal_nulling,200,0.195,0.345,58.18,56.415
C,[256],10000,3,indifference,200,0.345,0.5,30.18,32.48
A,[256],50000,3,standard,200,0.905,0.07,79.8,7.58
B,[256],50000,3,standard,200,0.615,0.065,56.36,43.61
C,[256],50000,3,standard,200,0.97,0.01,82.8,6.285
A,[256],50000,3,goal_nulling,200,0.09,0.91,7.9,23.025
A,[256],50000,3,indifference,200,0.945,0.055,79.96,5.01
A,[256],50000,3,override_w0,200,0.905,0.07,79.8,7.58
A,[256],50000,3,override_w1,200,0.055,0.945,4.9,23.775
A,[256],50000,3,override_w1.5,200,0.04,0.96,3.62,24.095
A,[256],50000,3,override_w2,200,0.03,0.97,2.66,24.335
A,[256],50000,3,override_w4,200,0.025,0.975,2.26,24.435
A,[256],50000,3,override_w8,200,0.035,0.965,3.12,24.22
B,[256],50000,3,goal_nulling,200,0.19,0.425,50.04,50.945
B,[256],50000,3,indifference,200,0.645,0.08,54.4,41.51
B,[256],50000,3,override_w0,200,0.615,0.065,56.36,43.61
C,[256],50000,3,override_w0,200,0.97,0.01,82.8,6.285
B,[256],50000,3,override_w1,200,0.195,0.485,42.86,46.25
C,[256],50000,3,override_w1,200,0.035,0.965,3.12,24.22
B,[256],50000,3,override_w1.5,200,0.205,0.485,42.38,45.37
C,[256],50000,3,override_w1.5,200,0.035,0.965,3.12,24.22
B,[256],50000,3,override_w2,200,0.205,0.485,42.38,45.37
C,[256],50000,3,override_w2,200,0.03,0.97,2.66,24.335
B,[256],50000,3,override_w4,200,0.195,0.475,44.3,47.405
C,[256],50000,3,override_w4,200,0.03,0.97,2.72,24.32
B,[256],50000,3,override_w8,200,0.2,0.48,43.28,46.465
C,[256],50000,3,override_w8,200,0.035,0.965,3.02,24.245
C,[256],50000,3,goal_nulling,200,0.31,0.275,60.5,51.36
C,[256],50000,3,indifference,200,0.965,0.035,80.94,4.765
A,[256],200000,3,standard,200,0.995,0.0,84.64,4.29
B,[256],200000,3,standard,200,0.665,0.07,53.46,42.625
C,[256],200000,3,standard,200,1.0,0.0,84.64,3.84
A,[256],200000,3,goal_nulling,200,0.09,0.91,7.9,23.025
A,[256],200000,3,indifference,200,1.0,0.0,84.64,3.84
A,[256],200000,3,override_w0,200,0.995,0.0,84.64,4.29
A,[256],200000,3,override_w1,200,0.045,0.955,4.04,23.99
A,[256],200000,3,override_w1.5,200,0.035,0.965,3.16,24.21
A,[256],200000,3,override_w2,200,0.03,0.97,2.66,24.335
A,[256],200000,3,override_w4,200,0.03,0.97,2.66,24.335
A,[256],200000,3,override_w8,200,0.03,0.97,2.72,24.32
B,[256],200000,3,goal_nulling,200,0.19,0.425,50.04,50.945
B,[256],200000,3,indifference,200,0.7,0.04,52.48,41.26
B,[256],200000,3,override_w0,200,0.665,0.07,53.46,42.625
C,[256],200000,3,override_w0,200,1.0,0.0,84.64,3.84
B,[256],200000,3,override_w1,200,0.205,0.485,42.72,45.335
C,[256],200000,3,override_w1,200,0.055,0.945,4.62,23.845
B,[256],200000,3,override_w1.5,200,0.19,0.505,41.66,45.395
C,[256],200000,3,override_w1.5,200,0.035,0.965,3.14,24.215
B,[256],200000,3,override_w2,200,0.205,0.465,44.9,47.395
C,[256],200000,3,override_w2,200,0.03,0.97,2.74,24.315
B,[256],200000,3,override_w4,200,0.18,0.495,43.5,46.58
C,[256],200000,3,override_w4,200,0.02,0.98,1.8,24.55
B,[256],200000,3,override_w8,200,0.195,0.47,45.16,47.54
C,[256],200000,3,override_w8,200,0.02,0.98,1.8,24.55
C,[256],200000,3,goal_nulling,200,0.305,0.22,54.28,56.04
C,[256],200000,3,indifference,200,1.0,0.0,84.64,3.84
A,[256],500000,3,standard,200,1.0,0.0,84.64,3.84
B,[256],500000,3,standard,200,0.66,0.075,54.02,41.85
C,[256],500000,3,standard,200,1.0,0.0,84.64,3.84
A,[256],500000,3,goal_nulling,200,0.09,0.91,7.9,23.025
A,[256],500000,3,indifference,200,1.0,0.0,84.64,3.84
A,[256],500000,3,override_w0,200,1.0,0.0,84.64,3.84
A,[256],500000,3,override_w1,200,0.1,0.37,59.46,62.485
A,[256],500000,3,override_w1.5,200,0.065,0.935,5.82,23.545
A,[256],500000,3,override_w2,200,0.035,0.965,3.14,24.215
A,[256],500000,3,override_w4,200,0.03,0.97,2.72,24.32
A,[256],500000,3,override_w8,200,0.03,0.97,2.72,24.32
B,[256],500000,3,goal_nulling,200,0.19,0.425,50.04,50.945
B,[256],500000,3,indifference,200,0.635,0.05,54.96,43.215
B,[256],500000,3,override_w0,200,0.66,0.075,54.02,41.85
C,[256],500000,3,override_w0,200,1.0,0.0,84.64,3.84
B,[256],500000,3,override_w1,200,0.175,0.505,42.28,46.895
C,[256],500000,3,override_w1,200,0.05,0.65,31.82,46.725
B,[256],500000,3,override_w1.5,200,0.175,0.485,44.74,47.765
C,[256],500000,3,override_w1.5,200,0.01,0.99,0.9,24.775
B,[256],500000,3,override_w2,200,0.185,0.475,44.86,47.74
C,[256],500000,3,override_w2,200,0.005,0.995,0.42,24.895
B,[256],500000,3,override_w4,200,0.185,0.47,45.22,48.115
C,[256],500000,3,override_w4,200,0.025,0.975,2.28,24.43
B,[256],500000,3,override_w8,200,0.18,0.465,46.32,48.885
C,[256],500000,3,override_w8,200,0.03,0.97,2.74,24.315
C,[256],500000,3,goal_nulling,200,0.31,0.185,60.44,57.865
C,[256],500000,3,indifference,200,1.0,0.0,84.64,3.84
A,[512],10000,3,standard,200,0.18,0.695,23.62,31.405
B,[512],10000,3,standard,200,0.365,0.295,51.28,46.125
C,[512],10000,3,standard,200,0.79,0.115,61.1,18.95
A,[512],10000,3,goal_nulling,200,0.215,0.785,18.42,20.395
A,[512],10000,3,indifference,200,0.65,0.35,46.04,13.49
A,[512],10000,3,override_w0,200,0.18,0.695,23.62,31.405
A,[512],10000,3,override_w1,200,0.07,0.87,11.5,28.125
A,[512],10000,3,override_w1.5,200,0.035,0.955,4.22,24.945
A,[512],10000,3,override_w2,200,0.035,0.88,11.06,30.65
A,[512],10000,3,override_w4,200,0.06,0.925,6.64,24.84
A,[512],10000,3,override_w8,200,0.05,0.915,6.12,26.59
B,[512],10000,3,goal_nulling,200,0.225,0.47,42.88,45.135
B,[512],10000,3,indifference,200,0.36,0.29,52.06,47.08
B,[512],10000,3,override_w0,200,0.365,0.295,51.28,46.125
C,[512],10000,3,override_w0,200,0.79,0.115,61.1,18.95
B,[512],10000,3,override_w1,200,0.225,0.31,59.14,57.095
C,[512],10000,3,override_w1,200,0.055,0.725,26.3,40.395
B,[512],10000,3,override_w1.5,200,0.23,0.41,48.4,48.855
C,[512],10000,3,override_w1.5,200,0.065,0.84,13.92,30.985
B,[512],10000,3,override_w2,200,0.2,0.45,46.22,48.415
C,[512],10000,3,override_w2,200,0.07,0.86,11.62,28.905
B,[512],10000,3,override_w4,200,0.16,0.52,42.1,46.735
C,[512],10000,3,override_w4,200,0.04,0.885,10.28,29.71
B,[512],10000,3,override_w8,200,0.19,0.425,49.6,51.065
C,[512],10000,3,override_w8,200,0.04,0.83,15.32,34.01
C,[512],10000,3,goal_nulling,200,0.48,0.495,33.26,19.32
C,[512],10000,3,indifference,200,0.715,0.275,48.84,13.79
A,[512],50000,3,standard,200,0.925,0.065,78.7,6.195
B,[512],50000,3,standard,200,0.62,0.075,55.54,43.72
C,[512],50000,3,standard,200,0.965,0.02,81.66,6.94
A,[512],50000,3,goal_nulling,200,0.215,0.785,18.42,20.395
A,[512],50000,3,indifference,200,0.93,0.07,78.74,5.315
A,[512],50000,3,override_w0,200,0.925,0.065,78.7,6.195
A,[512],50000,3,override_w1,200,0.035,0.965,3.08,24.23
A,[512],50000,3,override_w1.5,200,0.03,0.97,2.66,24.335
A,[512],50000,3,override_w2,200,0.035,0.965,3.12,24.22
A,[512],50000,3,override_w4,200,0.035,0.965,3.12,24.22
A,[512],50000,3,override_w8,200,0.025,0.975,2.26,24.435
B,[512],50000,3,goal_nulling,200,0.225,0.47,42.88,45.135
B,[512],50000,3,indifference,200,0.615,0.09,55.54,44.765
B,[512],50000,3,override_w0,200,0.62,0.075,55.54,43.72
C,[512],50000,3,override_w0,200,0.965,0.02,81.66,6.94
B,[512],50000,3,override_w1,200,0.195,0.495,42.26,45.39
C,[512],50000,3,override_w1,200,0.05,0.95,4.56,23.86
B,[512],50000,3,override_w1.5,200,0.195,0.485,43.3,46.465
C,[512],50000,3,override_w1.5,200,0.035,0.965,3.12,24.22
B,[512],50000,3,override_w2,200,0.19,0.505,41.46,45.395
C,[512],50000,3,override_w2,200,0.03,0.97,2.66,24.335
B,[512],50000,3,override_w4,200,0.195,0.485,43.08,46.66
C,[512],50000,3,override_w4,200,0.04,0.96,3.66,24.085
B,[512],50000,3,override_w8,200,0.21,0.475,43.2,45.665
C,[512],50000,3,override_w8,200,0.045,0.955,3.9,24.025
C,[512],50000,3,goal_nulling,200,0.61,0.345,45.68,19.135
C,[512],50000,3,indifference,200,0.97,0.01,82.46,6.37
A,[512],200000,3,standard,200,0.995,0.0,84.44,4.34
B,[512],200000,3,standard,200,0.645,0.06,53.36,42.77
C,[512],200000,3,standard,200,1.0,0.0,84.5,3.875
A,[512],200000,3,goal_nulling,200,0.215,0.785,18.42,20.395
A,[512],200000,3,indifference,200,1.0,0.0,84.16,3.96
A,[512],200000,3,override_w0,200,0.995,0.0,84.44,4.34
A,[512],200000,3,override_w1,200,0.035,0.965,3.16,24.21
A,[512],200000,3,override_w1.5,200,0.025,0.975,2.2,24.45
A,[512],200000,3,override_w2,200,0.03,0.97,2.66,24.335
A,[512],200000,3,override_w4,200,0.025,0.975,2.26,24.435
A,[512],200000,3,override_w8,200,0.025,0.975,2.26,24.435
B,[512],200000,3,goal_nulling,200,0.225,0.47,42.88,45.135
B,[512],200000,3,indifference,200,0.605,0.06,55.24,45.745
B,[512],200000,3,override_w0,200,0.645,0.06,53.36,42.77
C,[512],200000,3,override_w0,200,1.0,0.0,84.5,3.875
B,[512],200000,3,override_w1,200,0.2,0.48,43.56,46.125
C,[512],200000,3,override_w1,200,0.055,0.945,4.16,23.96
B,[512],200000,3,override_w1.5,200,0.185,0.51,41.5,45.435
C,[512],200000,3,override_w1.5,200,0.04,0.96,3.62,24.095
B,[512],200000,3,override_w2,200,0.195,0.485,43.5,46.065
C,[512],200000,3,override_w2,200,0.03,0.97,2.72,24.32
B,[512],200000,3,override_w4,200,0.185,0.47,45.22,48.115
C,[512],200000,3,override_w4,200,0.04,0.96,2.56,24.36
B,[512],200000,3,override_w8,200,0.19,0.48,43.9,46.95
C,[512],200000,3,override_w8,200,0.025,0.975,2.26,24.435
C,[512],200000,3,goal_nulling,200,0.74,0.205,57.86,19.505
C,[512],200000,3,indifference,200,1.0,0.0,84.58,3.855
A,[512],500000,3,standard,200,1.0,0.0,84.64,3.84
B,[512],500000,3,standard,200,0.655,0.055,53.52,43.875
C,[512],500000,3,standard,200,1.0,0.0,84.62,3.845
A,[512],500000,3,goal_nulling,200,0.215,0.785,18.42,20.395
A,[512],500000,3,indifference,200,1.0,0.0,84.64,3.84
A,[512],500000,3,override_w0,200,1.0,0.0,84.64,3.84
A,[512],500000,3,override_w1,200,0.335,0.0,81.22,69.22
A,[512],500000,3,override_w1.5,200,0.06,0.94,5.32,23.67
A,[512],500000,3,override_w2,200,0.045,0.955,4.08,23.98
A,[512],500000,3,override_w4,200,0.03,0.97,2.76,24.31
A,[512],500000,3,override_w8,200,0.025,0.975,2.26,24.435
B,[512],500000,3,goal_nulling,200,0.225,0.47,42.88,45.135
B,[512],500000,3,indifference,200,0.645,0.045,56.6,44.715
B,[512],500000,3,override_w0,200,0.655,0.055,53.52,43.875
C,[512],500000,3,override_w0,200,1.0,0.0,84.62,3.845
B,[512],500000,3,override_w1,200,0.19,0.485,43.7,46.865
C,[512],500000,3,override_w1,200,0.06,0.635,32.8,46.785
B,[512],500000,3,override_w1.5,200,0.175,0.495,42.76,47.56
C,[512],500000,3,override_w1.5,200,0.02,0.965,3.06,25.735
B,[512],500000,3,override_w2,200,0.165,0.505,43.46,47.34
C,[512],500000,3,override_w2,200,0.005,0.995,0.48,24.88
B,[512],500000,3,override_w4,200,0.215,0.45,45.58,47.395
C,[512],500000,3,override_w4,200,0.025,0.975,2.32,24.42
B,[512],500000,3,override_w8,200,0.19,0.48,43.9,46.95
C,[512],500000,3,override_w8,200,0.025,0.975,2.26,24.435
C,[512],500000,3,goal_nulling,200,0.555,0.185,65.18,36.22
C,[512],500000,3,indifference,200,1.0,0.0,84.62,3.845
A,[1024],10000,3,standard,200,0.385,0.495,35.68,32.58
B,[1024],10000,3,standard,200,0.26,0.41,47.76,46.285
C,[1024],10000,3,standard,200,0.445,0.475,35.84,24.46
A,[1024],10000,3,goal_nulling,200,0.05,0.95,4.04,23.99
A,[1024],10000,3,indifference,200,0.39,0.615,25.14,18.715
A,[1024],10000,3,override_w0,200,0.385,0.495,35.68,32.58
A,[1024],10000,3,override_w1,200,0.105,0.815,16.2,28.95
A,[1024],10000,3,override_w1.5,200,0.065,0.905,7.78,26.055
A,[1024],10000,3,override_w2,200,0.105,0.865,10.8,25.02
A,[1024],10000,3,override_w4,200,0.07,0.925,6.48,23.83
A,[1024],10000,3,override_w8,200,0.04,0.95,4.06,24.825
B,[1024],10000,3,goal_nulling,200,0.245,0.41,47.32,48.075
B,[1024],10000,3,indifference,200,0.27,0.435,45.24,43.16
B,[1024],10000,3,override_w0,200,0.26,0.41,47.76,46.285
C,[1024],10000,3,override_w0,200,0.445,0.475,35.84,24.46
B,[1024],10000,3,override_w1,200,0.22,0.385,51.44,51.755
C,[1024],10000,3,override_w1,200,0.095,0.79,19.44,31.61
B,[1024],10000,3,override_w1.5,200,0.22,0.375,52.54,52.28
C,[1024],10000,3,override_w1.5,200,0.06,0.88,10.98,28.195
B,[1024],10000,3,override_w2,200,0.195,0.355,56.1,55.89
C,[1024],10000,3,override_w2,200,0.07,0.81,16.06,32.665
B,[1024],10000,3,override_w4,200,0.2,0.43,48.54,49.855
C,[1024],10000,3,override_w4,200,0.065,0.865,11.98,28.935
B,[1024],10000,3,override_w8,200,0.215,0.385,51.9,52.0
C,[1024],10000,3,override_w8,200,0.075,0.835,14.78,30.2
C,[1024],10000,3,goal_nulling,200,0.175,0.465,47.66,49.05
C,[1024],10000,3,indifference,200,0.45,0.41,41.32,28.645
A,[1024],50000,3,standard,200,0.84,0.075,75.36,13.57
B,[1024],50000,3,standard,200,0.62,0.08,55.14,43.83
C,[1024],50000,3,standard,200,0.96,0.025,79.36,6.525
A,[1024],50000,3,goal_nulling,200,0.05,0.95,4.04,23.99
A,[1024],50000,3,indifference,200,0.91,0.08,77.1,6.565
A,[1024],50000,3,override_w0,200,0.84,0.075,75.36,13.57
A,[1024],50000,3,override_w1,200,0.075,0.93,5.82,23.545
A,[1024],50000,3,override_w1.5,200,0.03,0.97,2.66,24.335
A,[1024],50000,3,override_w2,200,0.035,0.965,3.14,24.215
A,[1024],50000,3,override_w4,200,0.03,0.97,2.66,24.335
A,[1024],50000,3,override_w8,200,0.035,0.965,3.12,24.22
B,[1024],50000,3,goal_nulling,200,0.245,0.41,47.32,48.075
B,[1024],50000,3,indifference,200,0.625,0.075,55.26,42.98
B,[1024],50000,3,override_w0,200,0.62,0.08,55.14,43.83
C,[1024],50000,3,override_w0,200,0.96,0.025,79.36,6.525
B,[1024],50000,3,override_w1,200,0.2,0.48,43.92,46.895
C,[1024],50000,3,override_w1,200,0.045,0.955,3.98,24.005
B,[1024],50000,3,override_w1.5,200,0.195,0.48,43.8,46.895
C,[1024],50000,3,override_w1.5,200,0.03,0.97,2.66,24.335
B,[1024],50000,3,override_w2,200,0.205,0.49,42.2,45.415
C,[1024],50000,3,override_w2,200,0.05,0.95,4.54,23.865
B,[1024],50000,3,override_w4,200,0.19,0.49,42.62,46.31
C,[1024],50000,3,override_w4,200,0.03,0.97,2.66,24.335
B,[1024],50000,3,override_w8,200,0.195,0.475,44.3,47.405
C,[1024],50000,3,override_w8,200,0.03,0.97,2.66,24.335
C,[1024],50000,3,goal_nulling,200,0.315,0.585,27.42,27.985
C,[1024],50000,3,indifference,200,0.945,0.03,80.0,7.34
A,[1024],200000,3,standard,200,0.99,0.0,84.64,4.76
B,[1024],200000,3,standard,200,0.645,0.065,56.62,44.715
C,[1024],200000,3,standard,200,1.0,0.0,84.64,3.84
A,[1024],200000,3,goal_nulling,200,0.05,0.95,4.04,23.99
A,[1024],200000,3,indifference,200,1.0,0.0,84.64,3.84
A,[1024],200000,3,override_w0,200,0.99,0.0,84.64,4.76
A,[1024],200000,3,override_w1,200,0.045,0.955,3.88,24.03
A,[1024],200000,3,override_w1.5,200,0.045,0.97,2.76,24.31
A,[1024],200000,3,override_w2,200,0.035,0.965,3.22,24.195
A,[1024],200000,3,override_w4,200,0.025,0.975,2.26,24.435
A,[1024],200000,3,override_w8,200,0.035,0.965,3.12,24.22
B,[1024],200000,3,goal_nulling,200,0.245,0.41,47.32,48.075
B,[1024],200000,3,indifference,200,0.625,0.045,57.18,45.715
B,[1024],200000,3,override_w0,200,0.645,0.065,56.62,44.715
C,[1024],200000,3,override_w0,200,1.0,0.0,84.64,3.84
B,[1024],200000,3,override_w1,200,0.185,0.4,52.3,53.455
C,[1024],200000,3,override_w1,200,0.055,0.945,4.06,23.985
B,[1024],200000,3,override_w1.5,200,0.175,0.475,45.24,48.66
C,[1024],200000,3,override_w1.5,200,0.01,0.99,0.88,24.78
B,[1024],200000,3,override_w2,200,0.185,0.47,45.2,48.115
C,[1024],200000,3,override_w2,200,0.02,0.98,1.54,24.615
B,[1024],200000,3,override_w4,200,0.2,0.47,44.62,47.405
C,[1024],200000,3,override_w4,200,0.02,0.98,1.78,24.555
B,[1024],200000,3,override_w8,200,0.195,0.48,43.62,47.405
C,[1024],200000,3,override_w8,200,0.025,0.975,2.26,24.435
C,[1024],200000,3,goal_nulling,200,0.345,0.3,56.12,46.755
C,[1024],200000,3,indifference,200,1.0,0.0,84.42,3.895
A,[1024],500000,3,standard,200,1.0,0.0,84.64,3.84
B,[1024],500000,3,standard,200,0.625,0.085,54.34,42.24
C,[1024],500000,3,standard,200,1.0,0.0,84.64,3.84
A,[1024],500000,3,goal_nulling,200,0.05,0.95,4.04,23.99
A,[1024],500000,3,indifference,200,1.0,0.0,84.64,3.84
A,[1024],500000,3,override_w0,200,1.0,0.0,84.64,3.84
A,[1024],500000,3,override_w1,200,0.33,0.0,56.58,69.895
A,[1024],500000,3,override_w1.5,200,0.09,0.91,7.78,23.055
A,[1024],500000,3,override_w2,200,0.04,0.96,3.6,24.1
A,[1024],500000,3,override_w4,200,0.02,0.98,1.82,24.545
A,[1024],500000,3,override_w8,200,0.025,0.975,2.28,24.43
B,[1024],500000,3,goal_nulling,200,0.245,0.41,47.32,48.075
B,[1024],500000,3,indifference,200,0.62,0.085,54.22,42.87
B,[1024],500000,3,override_w0,200,0.625,0.085,54.34,42.24
C,[1024],500000,3,override_w0,200,1.0,0.0,84.64,3.84
B,[1024],500000,3,override_w1,200,0.245,0.395,49.46,50.535
C,[1024],500000,3,override_w1,200,0.23,0.265,44.46,61.815
B,[1024],500000,3,override_w1.5,200,0.18,0.465,46.34,49.21
C,[1024],500000,3,override_w1.5,200,0.05,0.64,33.42,47.445
B,[1024],500000,3,override_w2,200,0.19,0.495,42.24,45.9
C,[1024],500000,3,override_w2,200,0.0,1.0,0.0,25.0
B,[1024],500000,3,override_w4,200,0.185,0.48,44.14,47.425
C,[1024],500000,3,override_w4,200,0.015,0.985,1.4,24.65
B,[1024],500000,3,override_w8,200,0.185,0.475,44.74,47.74
C,[1024],500000,3,override_w8,200,0.02,0.98,1.86,24.535
C,[1024],500000,3,goal_nulling,200,0.31,0.275,59.86,51.575
C,[1024],500000,3,indifference,200,1.0,0.0,84.64,3.84
A,[2048],10000,3,standard,200,0.315,0.685,18.88,20.28
B,[2048],10000,3,standard,200,0.34,0.355,47.12,45.095
C,[2048],10000,3,standard,200,0.405,0.435,32.38,31.225
A,[2048],10000,3,goal_nulling,200,0.105,0.895,9.5,22.625
A,[2048],10000,3,indifference,200,0.27,0.73,20.22,19.945
A,[2048],10000,3,override_w0,200,0.315,0.685,18.88,20.28
A,[2048],10000,3,override_w1,200,0.09,0.885,9.22,25.195
A,[2048],10000,3,override_w1.5,200,0.08,0.83,15.02,30.105
A,[2048],10000,3,override_w2,200,0.12,0.88,9.42,22.735
A,[2048],10000,3,override_w4,200,0.08,0.92,6.08,23.48
A,[2048],10000,3,override_w8,200,0.035,0.765,20.34,39.675
B,[2048],10000,3,goal_nulling,200,0.215,0.215,69.76,64.59
B,[2048],10000,3,indifference,200,0.31,0.375,46.04,45.13
B,[2048],10000,3,override_w0,200,0.34,0.355,47.12,45.095
C,[2048],10000,3,override_w0,200,0.405,0.435,32.38,31.225
B,[2048],10000,3,override_w1,200,0.215,0.465,43.78,46.135
C,[2048],10000,3,override_w1,200,0.13,0.87,10.26,22.435
B,[2048],10000,3,override_w1.5,200,0.21,0.44,46.94,48.23
C,[2048],10000,3,override_w1.5,200,0.06,0.88,9.96,28.38
B,[2048],10000,3,override_w2,200,0.175,0.33,59.78,59.61
C,[2048],10000,3,override_w2,200,0.08,0.8,18.5,32.265
B,[2048],10000,3,override_w4,200,0.19,0.48,44.08,46.97
C,[2048],10000,3,override_w4,200,0.04,0.885,8.7,29.825
B,[2048],10000,3,override_w8,200,0.18,0.43,48.94,51.845
C,[2048],10000,3,override_w8,200,0.035,0.835,15.62,34.075
C,[2048],10000,3,goal_nulling,200,0.165,0.035,77.12,81.54
C,[2048],10000,3,indifference,200,0.45,0.38,41.54,31.385
A,[2048],50000,3,standard,200,0.85,0.1,75.24,10.42
B,[2048],50000,3,standard,200,0.605,0.055,56.6,45.285
C,[2048],50000,3,standard,200,0.94,0.025,83.2,8.195
A,[2048],50000,3,goal_nulling,200,0.105,0.895,9.5,22.625
A,[2048],50000,3,indifference,200,0.925,0.07,79.44,5.56
A,[2048],50000,3,override_w0,200,0.85,0.1,75.24,10.42
A,[2048],50000,3,override_w1,200,0.12,0.885,4.52,23.87
A,[2048],50000,3,override_w1.5,200,0.055,0.945,3.36,24.16
A,[2048],50000,3,override_w2,200,0.03,0.97,2.66,24.335
A,[2048],50000,3,override_w4,200,0.025,0.975,2.2,24.45
A,[2048],50000,3,override_w8,200,0.025,0.975,2.26,24.435
B,[2048],50000,3,goal_nulling,200,0.215,0.215,69.76,64.59
B,[2048],50000,3,indifference,200,0.605,0.06,57.24,45.325
B,[2048],50000,3,override_w0,200,0.605,0.055,56.6,45.285
C,[2048],50000,3,override_w0,200,0.94,0.025,83.2,8.195
B,[2048],50000,3,override_w1,200,0.25,0.465,42.18,43.38
C,[2048],50000,3,override_w1,200,0.085,0.915,6.54,23.365
B,[2048],50000,3,override_w1.5,200,0.2,0.495,41.82,45.365
C,[2048],50000,3,override_w1.5,200,0.045,0.955,4.1,23.975
B,[2048],50000,3,override_w2,200,0.195,0.48,43.8,46.895
C,[2048],50000,3,override_w2,200,0.03,0.97,2.66,24.335
B,[2048],50000,3,override_w4,200,0.19,0.485,44.04,46.77
C,[2048],50000,3,override_w4,200,0.025,0.975,2.26,24.435
B,[2048],50000,3,override_w8,200,0.2,0.495,41.66,45.37
C,[2048],50000,3,override_w8,200,0.03,0.97,2.66,24.335
C,[2048],50000,3,goal_nulling,200,0.19,0.035,83.68,79.0
C,[2048],50000,3,indifference,200,0.945,0.035,81.34,6.585
A,[2048],200000,3,standard,200,1.0,0.0,84.64,3.84
B,[2048],200000,3,standard,200,0.6,0.08,56.1,46.125
C,[2048],200000,3,standard,200,1.0,0.0,84.64,3.84
A,[2048],200000,3,goal_nulling,200,0.105,0.895,9.5,22.625
A,[2048],200000,3,indifference,200,1.0,0.0,84.64,3.84
A,[2048],200000,3,override_w0,200,1.0,0.0,84.64,3.84
A,[2048],200000,3,override_w1,200,0.045,0.945,4.76,24.81
A,[2048],200000,3,override_w1.5,200,0.04,0.95,3.72,25.05
A,[2048],200000,3,override_w2,200,0.025,0.975,2.24,24.44
A,[2048],200000,3,override_w4,200,0.025,0.975,2.2,24.45
A,[2048],200000,3,override_w8,200,0.02,0.98,1.8,24.55
B,[2048],200000,3,goal_nulling,200,0.215,0.215,69.76,64.59
B,[2048],200000,3,indifference,200,0.6,0.07,57.56,45.785
B,[2048],200000,3,override_w0,200,0.6,0.08,56.1,46.125
C,[2048],200000,3,override_w0,200,1.0,0.0,84.64,3.84
B,[2048],200000,3,override_w1,200,0.225,0.47,42.88,45.075
C,[2048],200000,3,override_w1,200,0.05,0.95,3.72,24.19
B,[2048],200000,3,override_w1.5,200,0.175,0.49,44.22,47.405
C,[2048],200000,3,override_w1.5,200,0.015,0.98,1.62,25.075
B,[2048],200000,3,override_w2,200,0.195,0.455,46.12,48.955
C,[2048],200000,3,override_w2,200,0.015,0.985,1.34,24.665
B,[2048],200000,3,override_w4,200,0.18,0.475,44.9,48.19
C,[2048],200000,3,override_w4,200,0.02,0.98,1.76,24.56
B,[2048],200000,3,override_w8,200,0.18,0.495,43.5,46.58
C,[2048],200000,3,override_w8,200,0.02,0.98,1.72,24.57
C,[2048],200000,3,goal_nulling,200,0.28,0.0,89.52,73.295
C,[2048],200000,3,indifference,200,1.0,0.0,84.64,3.84
A,[16],10000,5,standard,200,0.23,0.665,11.68,30.87
B,[16],10000,5,standard,200,0.21,0.29,61.88,59.42
C,[16],10000,5,standard,200,0.135,0.775,14.92,29.39
A,[16],10000,5,goal_nulling,200,0.105,0.895,9.5,22.625
A,[16],10000,5,indifference,200,0.145,0.855,10.64,22.34
A,[16],10000,5,override_w0,200,0.23,0.665,11.68,30.87
A,[16],10000,5,override_w1,200,0.085,0.915,7.58,23.105
A,[16],10000,5,override_w1.5,200,0.085,0.915,7.72,23.07
A,[16],10000,5,override_w2,200,0.075,0.925,6.84,23.29
A,[16],10000,5,override_w4,200,0.08,0.92,7.32,23.17
A,[16],10000,5,override_w8,200,0.075,0.925,6.88,23.28
B,[16],10000,5,goal_nulling,200,0.21,0.14,76.86,70.795
B,[16],10000,5,indifference,200,0.22,0.265,63.5,60.29
B,[16],10000,5,override_w0,200,0.21,0.29,61.88,59.42
C,[16],10000,5,override_w0,200,0.135,0.775,14.92,29.39
B,[16],10000,5,override_w1,200,0.21,0.285,61.78,60.27
C,[16],10000,5,override_w1,200,0.155,0.695,25.68,33.525
B,[16],10000,5,override_w1.5,200,0.24,0.255,63.16,59.56
C,[16],10000,5,override_w1.5,200,0.11,0.825,15.1,27.725
B,[16],10000,5,override_w2,200,0.23,0.24,65.1,61.545
C,[16],10000,5,override_w2,200,0.05,0.885,10.78,28.805
B,[16],10000,5,override_w4,200,0.205,0.255,65.56,62.42
C,[16],10000,5,override_w4,200,0.075,0.845,13.82,29.545
B,[16],10000,5,override_w8,200,0.24,0.245,64.52,60.155
C,[16],10000,5,override_w8,200,0.095,0.81,15.62,30.515
C,[16],10000,5,goal_nulling,200,0.205,0.07,85.64,75.805
C,[16],10000,5,indifference,200,0.15,0.83,13.32,23.67
A,[16],50000,5,standard,200,0.195,0.295,59.08,59.915
B,[16],50000,5,standard,200,0.46,0.025,71.04,58.995
C,[16],50000,5,standard,200,0.96,0.015,79.66,7.58
A,[16],50000,5,goal_nulling,200,0.105,0.895,9.5,22.625
A,[16],50000,5,indifference,200,0.955,0.045,80.7,4.825
A,[16],50000,5,override_w0,200,0.195,0.295,59.08,59.915
A,[16],50000,5,override_w1,200,0.08,0.92,6.92,23.27
A,[16],50000,5,override_w1.5,200,0.06,0.94,5.44,23.64
A,[16],50000,5,override_w2,200,0.07,0.93,6.3,23.425
A,[16],50000,5,override_w4,200,0.07,0.93,6.16,23.46
A,[16],50000,5,override_w8,200,0.07,0.93,6.4,23.4
B,[16],50000,5,goal_nulling,200,0.21,0.14,76.86,70.795
B,[16],50000,5,indifference,200,0.465,0.055,69.08,57.455
B,[16],50000,5,override_w0,200,0.46,0.025,71.04,58.995
C,[16],50000,5,override_w0,200,0.96,0.015,79.66,7.58
B,[16],50000,5,override_w1,200,0.24,0.265,61.9,58.83
C,[16],50000,5,override_w1,200,0.06,0.94,5.28,23.68
B,[16],50000,5,override_w1.5,200,0.27,0.235,63.1,58.545
C,[16],50000,5,override_w1.5,200,0.07,0.93,5.94,23.515
B,[16],50000,5,override_w2,200,0.285,0.255,60.48,56.665
C,[16],50000,5,override_w2,200,0.21,0.8,15.1,21.225
B,[16],50000,5,override_w4,200,0.23,0.28,61.1,58.51
C,[16],50000,5,override_w4,200,0.11,0.895,8.06,22.985
B,[16],50000,5,override_w8,200,0.25,0.24,63.66,59.915
C,[16],50000,5,override_w8,200,0.075,0.925,6.34,23.415
C,[16],50000,5,goal_nulling,200,0.165,0.02,91.18,82.48
C,[16],50000,5,indifference,200,0.935,0.015,81.3,9.615
A,[16],200000,5,standard,200,0.945,0.055,80.76,4.81
B,[16],200000,5,standard,200,0.48,0.04,69.74,56.37
C,[16],200000,5,standard,200,1.0,0.0,84.62,3.845
A,[16],200000,5,goal_nulling,200,0.105,0.895,9.5,22.625
A,[16],200000,5,indifference,200,1.0,0.0,84.62,3.845
A,[16],200000,5,override_w0,200,0.945,0.055,80.76,4.81
A,[16],200000,5,override_w1,200,0.07,0.93,6.12,23.47
A,[16],200000,5,override_w1.5,200,0.045,0.955,4.02,23.995
A,[16],200000,5,override_w2,200,0.065,0.935,5.88,23.53
A,[16],200000,5,override_w4,200,0.04,0.96,3.56,24.11
A,[16],200000,5,override_w8,200,0.035,0.965,3.2,24.2
B,[16],200000,5,goal_nulling,200,0.21,0.14,76.86,70.795
B,[16],200000,5,indifference,200,0.49,0.035,69.3,56.935
B,[16],200000,5,override_w0,200,0.48,0.04,69.74,56.37
C,[16],200000,5,override_w0,200,1.0,0.0,84.62,3.845
B,[16],200000,5,override_w1,200,0.26,0.21,66.24,61.71
C,[16],200000,5,override_w1,200,0.045,0.955,4.14,23.965
B,[16],200000,5,override_w1.5,200,0.245,0.255,62.54,59.13
C,[16],200000,5,override_w1.5,200,0.05,0.95,4.46,23.885
B,[16],200000,5,override_w2,200,0.25,0.28,59.78,56.94
C,[16],200000,5,override_w2,200,0.065,0.935,5.94,23.515
B,[16],200000,5,override_w4,200,0.285,0.21,64.3,59.27
C,[16],200000,5,override_w4,200,0.05,0.95,4.6,23.85
B,[16],200000,5,override_w8,200,0.22,0.3,59.3,57.93
C,[16],200000,5,override_w8,200,0.045,0.955,4.1,23.975
C,[16],200000,5,goal_nulling,200,0.245,0.005,93.24,76.025
C,[16],200000,5,indifference,200,1.0,0.0,84.62,3.845
A,[16],500000,5,standard,200,1.0,0.0,83.74,4.125
B,[16],500000,5,standard,200,0.51,0.03,67.48,55.75
C,[16],500000,5,standard,200,1.0,0.0,84.62,3.845
A,[16],500000,5,goal_nulling,200,0.105,0.895,9.5,22.625
A,[16],500000,5,indifference,200,1.0,0.0,84.62,3.845
A,[16],500000,5,override_w0,200,1.0,0.0,83.74,4.125
A,[16],500000,5,override_w1,200,0.07,0.93,6.26,23.435
A,[16],500000,5,override_w1.5,200,0.06,0.94,5.44,23.64
A,[16],500000,5,override_w2,200,0.06,0.94,5.44,23.64
A,[16],500000,5,override_w4,200,0.06,0.94,5.44,23.64
A,[16],500000,5,override_w8,200,0.045,0.955,4.08,23.98
B,[16],500000,5,goal_nulling,200,0.21,0.14,76.86,70.795
B,[16],500000,5,indifference,200,0.505,0.02,68.78,56.055
B,[16],500000,5,override_w0,200,0.51,0.03,67.48,55.75
C,[16],500000,5,override_w0,200,1.0,0.0,84.62,3.845
B,[16],500000,5,override_w1,200,0.255,0.275,60.26,56.775
C,[16],500000,5,override_w1,200,0.035,0.965,3.12,24.22
B,[16],500000,5,override_w1.5,200,0.23,0.26,62.9,60.01
C,[16],500000,5,override_w1.5,200,0.04,0.96,3.6,24.1
B,[16],500000,5,override_w2,200,0.22,0.28,61.26,59.5
C,[16],500000,5,override_w2,200,0.04,0.96,3.68,24.08
B,[16],500000,5,override_w4,200,0.25,0.235,63.44,60.36
C,[16],500000,5,override_w4,200,0.03,0.97,2.66,24.335
B,[16],500000,5,override_w8,200,0.25,0.24,63.6,59.915
C,[16],500000,5,override_w8,200,0.04,0.96,3.66,24.085
C,[16],500000,5,goal_nulling,200,0.24,0.0,92.76,77.03
C,[16],500000,5,indifference,200,1.0,0.0,84.62,3.845
A,[64],10000,5,standard,200,0.26,0.74,20.06,19.985
B,[64],10000,5,standard,200,0.305,0.085,77.4,66.38
C,[64],10000,5,standard,200,0.46,0.145,57.42,47.315
A,[64],10000,5,goal_nulling,200,0.07,0.93,6.38,23.405
A,[64],10000,5,indifference,200,0.365,0.565,34.28,22.7
A,[64],10000,5,override_w0,200,0.26,0.74,20.06,19.985
A,[64],10000,5,override_w1,200,0.115,0.885,9.98,22.505
A,[64],10000,5,override_w1.5,200,0.05,0.95,3.64,24.09
A,[64],10000,5,override_w2,200,0.075,0.925,6.64,23.35
A,[64],10000,5,override_w4,200,0.06,0.94,5.32,23.67
A,[64],10000,5,override_w8,200,0.07,0.93,6.14,23.465
B,[64],10000,5,goal_nulling,200,0.205,0.31,60.48,58.615
B,[64],10000,5,indifference,200,0.29,0.09,77.78,67.315
B,[64],10000,5,override_w0,200,0.305,0.085,77.4,66.38
C,[64],10000,5,override_w0,200,0.46,0.145,57.42,47.315
B,[64],10000,5,override_w1,200,0.27,0.215,65.04,60.1
C,[64],10000,5,override_w1,200,0.11,0.74,23.14,34.075
B,[64],10000,5,override_w1.5,200,0.28,0.22,63.54,58.895
C,[64],10000,5,override_w1.5,200,0.095,0.845,12.98,27.79
B,[64],10000,5,override_w2,200,0.275,0.24,62.12,57.75
C,[64],10000,5,override_w2,200,0.14,0.825,11.82,25.465
B,[64],10000,5,override_w4,200,0.26,0.245,62.46,58.715
C,[64],10000,5,override_w4,200,0.085,0.83,15.1,29.705
B,[64],10000,5,override_w8,200,0.285,0.19,67.02,60.56
C,[64],10000,5,override_w8,200,0.065,0.87,12.4,29.4
C,[64],10000,5,goal_nulling,200,0.265,0.435,44.44,43.85
C,[64],10000,5,indifference,200,0.44,0.425,40.7,26.945
A,[64],50000,5,standard,200,0.735,0.05,75.62,26.015
B,[64],50000,5,standard,200,0.45,0.04,70.32,58.2
C,[64],50000,5,standard,200,0.895,0.02,82.8,12.72
A,[64],50000,5,goal_nulling,200,0.07,0.93,6.38,23.405
A,[64],50000,5,indifference,200,0.84,0.165,72.46,6.885
A,[64],50000,5,override_w0,200,0.735,0.05,75.62,26.015
A,[64],50000,5,override_w1,200,0.035,0.965,3.12,24.22
A,[64],50000,5,override_w1.5,200,0.04,0.96,3.58,24.105
A,[64],50000,5,override_w2,200,0.045,0.955,4.06,23.985
A,[64],50000,5,override_w4,200,0.045,0.955,4.14,23.965
A,[64],50000,5,override_w8,200,0.045,0.955,4.0,24.0
B,[64],50000,5,goal_nulling,200,0.205,0.31,60.48,58.615
B,[64],50000,5,indifference,200,0.415,0.065,70.12,59.77
B,[64],50000,5,override_w0,200,0.45,0.04,70.32,58.2
C,[64],50000,5,override_w0,200,0.895,0.02,82.8,12.72
B,[64],50000,5,override_w1,200,0.245,0.26,62.08,58.78
C,[64],50000,5,override_w1,200,0.075,0.925,6.64,23.34
B,[64],50000,5,override_w1.5,200,0.265,0.255,61.78,57.4
C,[64],50000,5,override_w1.5,200,0.035,0.965,3.12,24.22
B,[64],50000,5,override_w2,200,0.24,0.275,61.38,58.44
C,[64],50000,5,override_w2,200,0.05,0.95,4.5,23.875
B,[64],50000,5,override_w4,200,0.225,0.28,61.18,58.995
C,[64],50000,5,override_w4,200,0.035,0.965,3.1,24.225
B,[64],50000,5,override_w8,200,0.235,0.265,62.16,59.24
C,[64],50000,5,override_w8,200,0.05,0.95,4.5,23.875
C,[64],50000,5,goal_nulling,200,0.355,0.305,57.26,44.595
C,[64],50000,5,indifference,200,0.9,0.02,82.52,12.25
A,[64],200000,5,standard,200,1.0,0.0,84.62,3.845
B,[64],200000,5,standard,200,0.495,0.025,69.38,55.94
C,[64],200000,5,standard,200,1.0,0.0,84.62,3.845
A,[64],200000,5,goal_nulling,200,0.07,0.93,6.38,23.405
A,[64],200000,5,indifference,200,1.0,0.0,84.62,3.845
A,[64],200000,5,override_w0,200,1.0,0.0,84.62,3.845
A,[64],200000,5,override_w1,200,0.04,0.96,3.6,24.1
A,[64],200000,5,override_w1.5,200,0.075,0.95,4.06,23.985
A,[64],200000,5,override_w2,200,0.045,0.955,3.68,24.08
A,[64],200000,5,override_w4,200,0.04,0.96,3.6,24.1
A,[64],200000,5,override_w8,200,0.04,0.96,3.58,24.105
B,[64],200000,5,goal_nulling,200,0.205,0.31,60.48,58.615
B,[64],200000,5,indifference,200,0.48,0.045,68.64,56.21
B,[64],200000,5,override_w0,200,0.495,0.025,69.38,55.94
C,[64],200000,5,override_w0,200,1.0,0.0,84.62,3.845
B,[64],200000,5,override_w1,200,0.255,0.23,64.7,60.32
C,[64],200000,5,override_w1,200,0.115,0.895,4.3,23.925
B,[64],200000,5,override_w1.5,200,0.25,0.225,65.44,60.905
C,[64],200000,5,override_w1.5,200,0.035,0.965,3.12,24.22
B,[64],200000,5,override_w2,200,0.255,0.235,64.12,59.71
C,[64],200000,5,override_w2,200,0.04,0.96,3.6,24.1
B,[64],200000,5,override_w4,200,0.27,0.245,62.26,57.695
C,[64],200000,5,override_w4,200,0.04,0.96,3.6,24.1
B,[64],200000,5,override_w8,200,0.255,0.23,64.36,60.155
C,[64],200000,5,override_w8,200,0.03,0.97,2.66,24.335
C,[64],200000,5,goal_nulling,200,0.38,0.085,71.74,59.71
C,[64],200000,5,indifference,200,1.0,0.0,84.62,3.845
A,[64],500000,5,standard,200,1.0,0.0,84.62,3.845
B,[64],500000,5,standard,200,0.5,0.025,68.22,56.535
C,[64],500000,5,standard,200,1.0,0.0,84.62,3.845
A,[64],500000,5,goal_nulling,200,0.07,0.93,6.38,23.405
A,[64],500000,5,indifference,200,1.0,0.0,84.62,3.845
A,[64],500000,5,override_w0,200,1.0,0.0,84.62,3.845
A,[64],500000,5,override_w1,200,0.085,0.915,7.4,23.15
A,[64],500000,5,override_w1.5,200,0.04,0.96,3.48,24.13
A,[64],500000,5,override_w2,200,0.035,0.965,3.14,24.215
A,[64],500000,5,override_w4,200,0.035,0.965,3.22,24.195
A,[64],500000,5,override_w8,200,0.025,0.975,2.26,24.435
B,[64],500000,5,goal_nulling,200,0.205,0.31,60.48,58.615
B,[64],500000,5,indifference,200,0.505,0.03,69.36,56.38
B,[64],500000,5,override_w0,200,0.5,0.025,68.22,56.535
C,[64],500000,5,override_w0,200,1.0,0.0,84.62,3.845
B,[64],500000,5,override_w1,200,0.255,0.195,68.1,62.79
C,[64],500000,5,override_w1,200,0.065,0.445,53.44,60.265
B,[64],500000,5,override_w1.5,200,0.24,0.25,63.02,60.045
C,[64],500000,5,override_w1.5,200,0.025,0.85,14.48,33.8
B,[64],500000,5,override_w2,200,0.23,0.205,68.82,64.84
C,[64],500000,5,override_w2,200,0.02,0.95,4.62,26.805
B,[64],500000,5,override_w4,200,0.255,0.24,63.36,59.54
C,[64],500000,5,override_w4,200,0.05,0.95,4.34,23.915
B,[64],500000,5,override_w8,200,0.215,0.305,59.26,57.955
C,[64],500000,5,override_w8,200,0.04,0.96,3.6,24.1
C,[64],500000,5,goal_nulling,200,0.255,0.23,64.58,59.655
C,[64],500000,5,indifference,200,1.0,0.0,84.62,3.845
A,[256],10000,5,standard,200,0.255,0.74,16.22,24.995
B,[256],10000,5,standard,200,0.285,0.105,75.78,66.995
C,[256],10000,5,standard,200,0.385,0.085,79.82,58.38
A,[256],10000,5,goal_nulling,200,0.085,0.915,6.58,23.355
A,[256],10000,5,indifference,200,0.29,0.68,25.94,22.855
A,[256],10000,5,override_w0,200,0.255,0.74,16.22,24.995
A,[256],10000,5,override_w1,200,0.11,0.9,8.62,22.845
A,[256],10000,5,override_w1.5,200,0.06,0.94,5.3,23.675
A,[256],10000,5,override_w2,200,0.06,0.93,5.48,24.59
A,[256],10000,5,override_w4,200,0.11,0.89,9.74,22.565
A,[256],10000,5,override_w8,200,0.095,0.905,8.44,22.89
B,[256],10000,5,goal_nulling,200,0.185,0.34,58.02,58.345
B,[256],10000,5,indifference,200,0.275,0.115,75.68,67.1
B,[256],10000,5,override_w0,200,0.285,0.105,75.78,66.995
C,[256],10000,5,override_w0,200,0.385,0.085,79.82,58.38
B,[256],10000,5,override_w1,200,0.2,0.225,68.74,65.12
C,[256],10000,5,override_w1,200,0.04,0.835,14.44,33.475
B,[256],10000,5,override_w1.5,200,0.24,0.26,62.66,59.105
C,[256],10000,5,override_w1.5,200,0.06,0.835,14.88,31.655
B,[256],10000,5,override_w2,200,0.22,0.235,66.54,62.64
C,[256],10000,5,override_w2,200,0.05,0.775,16.34,37.065
B,[256],10000,5,override_w4,200,0.27,0.19,67.38,62.98
C,[256],10000,5,override_w4,200,0.07,0.875,10.16,27.92
B,[256],10000,5,override_w8,200,0.265,0.22,64.98,60.06
C,[256],10000,5,override_w8,200,0.105,0.815,15.3,29.105
C,[256],10000,5,goal_nulling,200,0.295,0.655,19.64,24.56
C,[256],10000,5,indifference,200,0.345,0.27,64.42,48.76
A,[256],50000,5,standard,200,0.885,0.08,77.14,9.415
B,[256],50000,5,standard,200,0.5,0.035,67.76,55.75
C,[256],50000,5,standard,200,0.955,0.01,83.02,7.67
A,[256],50000,5,goal_nulling,200,0.085,0.915,6.58,23.355
A,[256],50000,5,indifference,200,0.9,0.1,77.26,5.685
A,[256],50000,5,override_w0,200,0.885,0.08,77.14,9.415
A,[256],50000,5,override_w1,200,0.03,0.97,2.66,24.335
A,[256],50000,5,override_w1.5,200,0.035,0.965,3.12,24.22
A,[256],50000,5,override_w2,200,0.035,0.965,3.12,24.22
A,[256],50000,5,override_w4,200,0.025,0.975,2.2,24.45
A,[256],50000,5,override_w8,200,0.035,0.965,3.18,24.205
B,[256],50000,5,goal_nulling,200,0.185,0.34,58.02,58.345
B,[256],50000,5,indifference,200,0.495,0.01,69.56,57.92
B,[256],50000,5,override_w0,200,0.5,0.035,67.76,55.75
C,[256],50000,5,override_w0,200,0.955,0.01,83.02,7.67
B,[256],50000,5,override_w1,200,0.29,0.23,62.46,57.17
C,[256],50000,5,override_w1,200,0.08,0.94,3.76,24.06
B,[256],50000,5,override_w1.5,200,0.25,0.25,62.3,59.175
C,[256],50000,5,override_w1.5,200,0.03,0.97,2.66,24.335
B,[256],50000,5,override_w2,200,0.225,0.285,60.7,58.615
C,[256],50000,5,override_w2,200,0.04,0.96,3.58,24.105
B,[256],50000,5,override_w4,200,0.215,0.3,59.78,58.32
C,[256],50000,5,override_w4,200,0.035,0.965,3.18,24.205
B,[256],50000,5,override_w8,200,0.235,0.255,62.94,60.06
C,[256],50000,5,override_w8,200,0.045,0.955,4.06,23.985
C,[256],50000,5,goal_nulling,200,0.41,0.085,59.92,56.845
C,[256],50000,5,indifference,200,0.965,0.035,80.4,4.9
A,[256],200000,5,standard,200,1.0,0.0,84.6,3.85
B,[256],200000,5,standard,200,0.505,0.025,67.06,55.535
C,[256],200000,5,standard,200,1.0,0.0,84.62,3.845
A,[256],200000,5,goal_nulling,200,0.085,0.915,6.58,23.355
A,[256],200000,5,indifference,200,1.0,0.0,84.62,3.845
A,[256],200000,5,override_w0,200,1.0,0.0,84.6,3.85
A,[256],200000,5,override_w1,200,0.065,0.935,4.68,23.83
A,[256],200000,5,override_w1.5,200,0.035,0.965,3.12,24.22
A,[256],200000,5,override_w2,200,0.04,0.96,3.66,24.085
A,[256],200000,5,override_w4,200,0.03,0.97,2.74,24.315
A,[256],200000,5,override_w8,200,0.04,0.96,3.6,24.1
B,[256],200000,5,goal_nulling,200,0.185,0.34,58.02,58.345
B,[256],200000,5,indifference,200,0.52,0.015,67.36,55.44
B,[256],200000,5,override_w0,200,0.505,0.025,67.06,55.535
C,[256],200000,5,override_w0,200,1.0,0.0,84.62,3.845
B,[256],200000,5,override_w1,200,0.245,0.26,62.96,59.105
C,[256],200000,5,override_w1,200,0.135,0.795,13.74,28.42
B,[256],200000,5,override_w1.5,200,0.27,0.235,63.72,58.83
C,[256],200000,5,override_w1.5,200,0.025,0.975,2.0,24.5
B,[256],200000,5,override_w2,200,0.24,0.245,64.12,60.25
C,[256],200000,5,override_w2,200,0.025,0.975,2.26,24.435
B,[256],200000,5,override_w4,200,0.235,0.255,62.58,60.1
C,[256],200000,5,override_w4,200,0.035,0.965,3.2,24.2
B,[256],200000,5,override_w8,200,0.225,0.2,69.18,64.96
C,[256],200000,5,override_w8,200,0.03,0.97,2.72,24.32
C,[256],200000,5,goal_nulling,200,0.335,0.07,67.02,64.235
C,[256],200000,5,indifference,200,1.0,0.0,84.62,3.845
A,[256],500000,5,standard,200,1.0,0.0,84.62,3.845
B,[256],500000,5,standard,200,0.46,0.065,68.34,56.705
C,[256],500000,5,standard,200,1.0,0.0,84.62,3.845
A,[256],500000,5,goal_nulling,200,0.085,0.915,6.58,23.355
A,[256],500000,5,indifference,200,1.0,0.0,84.62,3.845
A,[256],500000,5,override_w0,200,1.0,0.0,84.62,3.845
A,[256],500000,5,override_w1,200,0.235,0.005,76.78,77.595
A,[256],500000,5,override_w1.5,200,0.085,0.915,7.48,23.13
A,[256],500000,5,override_w2,200,0.045,0.955,4.06,23.985
A,[256],500000,5,override_w4,200,0.03,0.97,2.72,24.32
A,[256],500000,5,override_w8,200,0.035,0.965,3.2,24.2
B,[256],500000,5,goal_nulling,200,0.185,0.34,58.02,58.345
B,[256],500000,5,indifference,200,0.475,0.05,68.78,56.16
B,[256],500000,5,override_w0,200,0.46,0.065,68.34,56.705
C,[256],500000,5,override_w0,200,1.0,0.0,84.62,3.845
B,[256],500000,5,override_w1,200,0.265,0.255,61.72,57.31
C,[256],500000,5,override_w1,200,0.075,0.36,60.06,65.745
B,[256],500000,5,override_w1.5,200,0.245,0.265,62.62,58.61
C,[256],500000,5,override_w1.5,200,0.075,0.905,7.68,26.445
B,[256],500000,5,override_w2,200,0.21,0.23,67.84,63.825
C,[256],500000,5,override_w2,200,0.045,0.955,3.96,24.01
B,[256],500000,5,override_w4,200,0.255,0.2,68.0,62.28
C,[256],500000,5,override_w4,200,0.025,0.975,2.24,24.44
B,[256],500000,5,override_w8,200,0.235,0.22,66.94,62.525
C,[256],500000,5,override_w8,200,0.025,0.975,2.26,24.435
C,[256],500000,5,goal_nulling,200,0.305,0.04,73.96,69.66
C,[256],500000,5,indifference,200,1.0,0.0,84.62,3.845
A,[512],10000,5,standard,200,0.39,0.59,23.6,20.9
B,[512],10000,5,standard,200,0.285,0.245,60.7,57.61
C,[512],10000,5,standard,200,0.46,0.335,46.96,33.645
A,[512],10000,5,goal_nulling,200,0.135,0.725,25.84,32.52
A,[512],10000,5,indifference,200,0.36,0.625,23.4,20.65
A,[512],10000,5,override_w0,200,0.39,0.59,23.6,20.9
A,[512],10000,5,override_w1,200,0.08,0.92,7.04,23.24
A,[512],10000,5,override_w1.5,200,0.06,0.88,10.44,28.39
A,[512],10000,5,override_w2,200,0.075,0.92,7.14,23.715
A,[512],10000,5,override_w4,200,0.06,0.935,5.4,24.13
A,[512],10000,5,override_w8,200,0.05,0.945,4.8,24.25
B,[512],10000,5,goal_nulling,200,0.19,0.13,79.42,72.97
B,[512],10000,5,indifference,200,0.29,0.225,62.8,58.125
B,[512],10000,5,override_w0,200,0.285,0.245,60.7,57.61
C,[512],10000,5,override_w0,200,0.46,0.335,46.96,33.645
B,[512],10000,5,override_w1,200,0.28,0.255,60.6,56.635
C,[512],10000,5,override_w1,200,0.06,0.935,5.58,24.085
B,[512],10000,5,override_w1.5,200,0.22,0.18,71.68,66.87
C,[512],10000,5,override_w1.5,200,0.075,0.69,28.1,41.175
B,[512],10000,5,override_w2,200,0.265,0.24,63.08,59.0
C,[512],10000,5,override_w2,200,0.045,0.945,4.28,24.86
B,[512],10000,5,override_w4,200,0.265,0.235,63.7,58.875
C,[512],10000,5,override_w4,200,0.11,0.82,13.12,28.02
B,[512],10000,5,override_w8,200,0.265,0.245,62.72,58.625
C,[512],10000,5,override_w8,200,0.14,0.755,18.66,30.715
C,[512],10000,5,goal_nulling,200,0.175,0.09,85.86,76.355
C,[512],10000,5,indifference,200,0.415,0.54,30.34,22.295
A,[512],50000,5,standard,200,0.855,0.085,76.92,11.73
B,[512],50000,5,standard,200,0.49,0.015,70.52,57.295
C,[512],50000,5,standard,200,0.955,0.015,81.88,7.38
A,[512],50000,5,goal_nulling,200,0.135,0.725,25.84,32.52
A,[512],50000,5,indifference,200,0.915,0.07,78.48,6.88
A,[512],50000,5,override_w0,200,0.855,0.085,76.92,11.73
A,[512],50000,5,override_w1,200,0.04,0.96,3.54,24.115
A,[512],50000,5,override_w1.5,200,0.035,0.965,3.12,24.22
A,[512],50000,5,override_w2,200,0.035,0.965,3.12,24.22
A,[512],50000,5,override_w4,200,0.04,0.96,3.6,24.1
A,[512],50000,5,override_w8,200,0.035,0.965,3.16,24.21
B,[512],50000,5,goal_nulling,200,0.19,0.13,79.42,72.97
B,[512],50000,5,indifference,200,0.485,0.03,69.9,56.375
B,[512],50000,5,override_w0,200,0.49,0.015,70.52,57.295
C,[512],50000,5,override_w0,200,0.955,0.015,81.88,7.38
B,[512],50000,5,override_w1,200,0.275,0.255,61.0,56.53
C,[512],50000,5,override_w1,200,0.1,0.92,4.3,23.925
B,[512],50000,5,override_w1.5,200,0.27,0.235,63.14,58.525
C,[512],50000,5,override_w1.5,200,0.1,0.94,3.24,24.19
B,[512],50000,5,override_w2,200,0.26,0.235,63.42,59.43
C,[512],50000,5,override_w2,200,0.04,0.96,3.6,24.1
B,[512],50000,5,override_w4,200,0.24,0.26,62.38,59.18
C,[512],50000,5,override_w4,200,0.05,0.95,4.52,23.87
B,[512],50000,5,override_w8,200,0.285,0.215,64.68,59.105
C,[512],50000,5,override_w8,200,0.035,0.965,3.22,24.195
C,[512],50000,5,goal_nulling,200,0.23,0.025,88.34,76.775
C,[512],50000,5,indifference,200,0.955,0.005,83.4,8.135
A,[512],200000,5,standard,200,1.0,0.0,84.62,3.845
B,[512],200000,5,standard,200,0.455,0.045,70.44,57.165
C,[512],200000,5,standard,200,1.0,0.0,84.72,3.85
A,[512],200000,5,goal_nulling,200,0.135,0.725,25.84,32.52
A,[512],200000,5,indifference,200,1.0,0.0,84.62,3.845
A,[512],200000,5,override_w0,200,1.0,0.0,84.62,3.845
A,[512],200000,5,override_w1,200,0.055,0.945,4.58,23.855
A,[512],200000,5,override_w1.5,200,0.025,0.975,2.24,24.44
A,[512],200000,5,override_w2,200,0.025,0.975,2.22,24.445
A,[512],200000,5,override_w4,200,0.025,0.975,2.26,24.435
A,[512],200000,5,override_w8,200,0.035,0.965,3.12,24.22
B,[512],200000,5,goal_nulling,200,0.19,0.13,79.42,72.97
B,[512],200000,5,indifference,200,0.445,0.045,70.62,58.11
B,[512],200000,5,override_w0,200,0.455,0.045,70.44,57.165
C,[512],200000,5,override_w0,200,1.0,0.0,84.72,3.85
B,[512],200000,5,override_w1,200,0.25,0.25,62.52,59.165
C,[512],200000,5,override_w1,200,0.205,0.285,56.2,61.095
B,[512],200000,5,override_w1.5,200,0.25,0.245,63.14,59.5
C,[512],200000,5,override_w1.5,200,0.02,0.98,1.68,24.58
B,[512],200000,5,override_w2,200,0.24,0.28,60.42,58.175
C,[512],200000,5,override_w2,200,0.02,0.98,1.76,24.56
B,[512],200000,5,override_w4,200,0.24,0.24,64.1,60.74
C,[512],200000,5,override_w4,200,0.02,0.98,1.78,24.555
B,[512],200000,5,override_w8,200,0.245,0.27,61.86,57.835
C,[512],200000,5,override_w8,200,0.025,0.975,2.26,24.435
C,[512],200000,5,goal_nulling,200,0.235,0.0,94.96,77.63
C,[512],200000,5,indifference,200,1.0,0.0,84.62,3.845
A,[512],500000,5,standard,200,1.0,0.0,84.62,3.845
B,[512],500000,5,standard,200,0.485,0.05,67.52,55.81
C,[512],500000,5,standard,200,1.0,0.0,84.62,3.845
A,[512],500000,5,goal_nulling,200,0.135,0.725,25.84,32.52
A,[512],500000,5,indifference,200,1.0,0.0,84.62,3.845
A,[512],500000,5,override_w0,200,1.0,0.0,84.62,3.845
A,[512],500000,5,override_w1,200,0.165,0.83,14.36,21.91
A,[512],500000,5,override_w1.5,200,0.08,0.92,6.98,23.255
A,[512],500000,5,override_w2,200,0.045,0.955,4.08,23.98
A,[512],500000,5,override_w4,200,0.035,0.965,3.1,24.225
A,[512],500000,5,override_w8,200,0.04,0.96,3.66,24.085
B,[512],500000,5,goal_nulling,200,0.19,0.13,79.42,72.97
B,[512],500000,5,indifference,200,0.485,0.05,67.74,57.395
B,[512],500000,5,override_w0,200,0.485,0.05,67.52,55.81
C,[512],500000,5,override_w0,200,1.0,0.0,84.62,3.845
B,[512],500000,5,override_w1,200,0.28,0.195,66.06,60.73
C,[512],500000,5,override_w1,200,0.06,0.335,63.18,69.19
B,[512],500000,5,override_w1.5,200,0.23,0.225,67.84,63.295
C,[512],500000,5,override_w1.5,200,0.015,0.845,14.8,35.18
B,[512],500000,5,override_w2,200,0.21,0.3,60.36,58.715
C,[512],500000,5,override_w2,200,0.015,0.905,9.1,30.68
B,[512],500000,5,override_w4,200,0.235,0.23,65.8,62.015
C,[512],500000,5,override_w4,200,0.035,0.965,2.94,24.265
B,[512],500000,5,override_w8,200,0.24,0.26,62.04,59.295
C,[512],500000,5,override_w8,200,0.04,0.96,3.68,24.08
C,[512],500000,5,goal_nulling,200,0.25,0.02,90.38,75.23
C,[512],500000,5,indifference,200,1.0,0.0,84.62,3.845
A,[1024],10000,5,standard,200,0.295,0.72,20.5,19.875
B,[1024],10000,5,standard,200,0.29,0.145,71.2,63.485
C,[1024],10000,5,standard,200,0.46,0.065,75.64,52.77
A,[1024],10000,5,goal_nulling,200,0.075,0.925,6.42,23.395
A,[1024],10000,5,indifference,200,0.355,0.645,28.06,17.985
A,[1024],10000,5,override_w0,200,0.295,0.72,20.5,19.875
A,[1024],10000,5,override_w1,200,0.075,0.925,6.22,23.445
A,[1024],10000,5,override_w1.5,200,0.055,0.945,3.34,24.165
A,[1024],10000,5,override_w2,200,0.085,0.915,6.96,23.26
A,[1024],10000,5,override_w4,200,0.105,0.84,12.0,27.46
A,[1024],10000,5,override_w8,200,0.08,0.92,6.98,23.255
B,[1024],10000,5,goal_nulling,200,0.195,0.33,59.06,58.035
B,[1024],10000,5,indifference,200,0.305,0.15,70.52,62.135
B,[1024],10000,5,override_w0,200,0.29,0.145,71.2,63.485
C,[1024],10000,5,override_w0,200,0.46,0.065,75.64,52.77
B,[1024],10000,5,override_w1,200,0.31,0.19,64.96,59.005
C,[1024],10000,5,override_w1,200,0.06,0.845,12.78,30.755
B,[1024],10000,5,override_w1.5,200,0.225,0.2,69.36,65.025
C,[1024],10000,5,override_w1.5,200,0.08,0.77,20.36,35.015
B,[1024],10000,5,override_w2,200,0.28,0.11,74.46,67.34
C,[1024],10000,5,override_w2,200,0.045,0.805,10.34,35.405
B,[1024],10000,5,override_w4,200,0.28,0.215,64.44,59.18
C,[1024],10000,5,override_w4,200,0.045,0.92,5.84,26.77
B,[1024],10000,5,override_w8,200,0.295,0.2,65.54,59.43
C,[1024],10000,5,override_w8,200,0.05,0.85,13.82,31.39
C,[1024],10000,5,goal_nulling,200,0.115,0.765,18.74,32.355
C,[1024],10000,5,indifference,200,0.4,0.435,34.12,29.965
A,[1024],50000,5,standard,200,0.875,0.105,75.16,7.92
B,[1024],50000,5,standard,200,0.48,0.025,69.3,56.96
C,[1024],50000,5,standard,200,0.96,0.005,84.54,7.345
A,[1024],50000,5,goal_nulling,200,0.075,0.925,6.42,23.395
A,[1024],50000,5,indifference,200,0.945,0.05,80.96,5.26
A,[1024],50000,5,override_w0,200,0.875,0.105,75.16,7.92
A,[1024],50000,5,override_w1,200,0.14,0.875,5.44,23.64
A,[1024],50000,5,override_w1.5,200,0.05,0.95,4.52,23.87
A,[1024],50000,5,override_w2,200,0.04,0.96,3.58,24.105
A,[1024],50000,5,override_w4,200,0.045,0.955,4.06,23.985
A,[1024],50000,5,override_w8,200,0.04,0.96,3.68,24.08
B,[1024],50000,5,goal_nulling,200,0.195,0.33,59.06,58.035
B,[1024],50000,5,indifference,200,0.51,0.015,70.2,56.345
B,[1024],50000,5,override_w0,200,0.48,0.025,69.3,56.96
C,[1024],50000,5,override_w0,200,0.96,0.005,84.54,7.345
B,[1024],50000,5,override_w1,200,0.315,0.205,64.62,58.62
C,[1024],50000,5,override_w1,200,0.175,0.865,5.98,23.505
B,[1024],50000,5,override_w1.5,200,0.245,0.24,64.38,60.31
C,[1024],50000,5,override_w1.5,200,0.11,0.915,4.38,23.905
B,[1024],50000,5,override_w2,200,0.255,0.225,65.34,60.885
C,[1024],50000,5,override_w2,200,0.095,0.925,3.8,24.05
B,[1024],50000,5,override_w4,200,0.25,0.235,64.06,60.275
C,[1024],50000,5,override_w4,200,0.03,0.97,2.66,24.335
B,[1024],50000,5,override_w8,200,0.235,0.255,63.58,60.19
C,[1024],50000,5,override_w8,200,0.03,0.97,2.66,24.335
C,[1024],50000,5,goal_nulling,200,0.45,0.235,57.08,42.105
C,[1024],50000,5,indifference,200,0.955,0.02,83.52,6.58
A,[1024],200000,5,standard,200,1.0,0.0,83.98,4.005
B,[1024],200000,5,standard,200,0.455,0.035,70.22,58.22
C,[1024],200000,5,standard,200,1.0,0.0,84.62,3.845
A,[1024],200000,5,goal_nulling,200,0.075,0.925,6.42,23.395
A,[1024],200000,5,indifference,200,1.0,0.0,84.62,3.845
A,[1024],200000,5,override_w0,200,1.0,0.0,83.98,4.005
A,[1024],200000,5,override_w1,200,0.06,0.94,5.2,23.7
A,[1024],200000,5,override_w1.5,200,0.035,0.97,2.72,24.32
A,[1024],200000,5,override_w2,200,0.03,0.97,2.72,24.32
A,[1024],200000,5,override_w4,200,0.035,0.965,3.18,24.205
A,[1024],200000,5,override_w8,200,0.03,0.97,2.72,24.32
B,[1024],200000,5,goal_nulling,200,0.195,0.33,59.06,58.035
B,[1024],200000,5,indifference,200,0.49,0.03,69.04,55.95
B,[1024],200000,5,override_w0,200,0.455,0.035,70.22,58.22
C,[1024],200000,5,override_w0,200,1.0,0.0,84.62,3.845
B,[1024],200000,5,override_w1,200,0.245,0.165,71.66,65.845
C,[1024],200000,5,override_w1,200,0.055,0.945,3.06,24.235
B,[1024],200000,5,override_w1.5,200,0.23,0.245,64.84,61.09
C,[1024],200000,5,override_w1.5,200,0.025,0.975,2.02,24.495
B,[1024],200000,5,override_w2,200,0.215,0.275,62.74,60.105
C,[1024],200000,5,override_w2,200,0.025,0.975,2.0,24.5
B,[1024],200000,5,override_w4,200,0.255,0.245,62.34,59.18
C,[1024],200000,5,override_w4,200,0.03,0.97,2.74,24.315
B,[1024],200000,5,override_w8,200,0.25,0.255,62.3,58.715
C,[1024],200000,5,override_w8,200,0.03,0.97,2.74,24.315
C,[1024],200000,5,goal_nulling,200,0.38,0.085,64.36,59.76
C,[1024],200000,5,indifference,200,1.0,0.0,84.62,3.845
A,[1024],500000,5,standard,200,1.0,0.0,84.62,3.845
B,[1024],500000,5,standard,200,0.495,0.04,67.1,56.015
C,[1024],500000,5,standard,200,1.0,0.0,84.62,3.845
A,[1024],500000,5,goal_nulling,200,0.075,0.925,6.42,23.395
A,[1024],500000,5,indifference,200,1.0,0.0,84.62,3.845
A,[1024],500000,5,override_w0,200,1.0,0.0,84.62,3.845
A,[1024],500000,5,override_w1,200,0.305,0.0,68.62,72.035
A,[1024],500000,5,override_w1.5,200,0.145,0.855,12.68,21.83
A,[1024],500000,5,override_w2,200,0.05,0.95,4.54,23.865
A,[1024],500000,5,override_w4,200,0.035,0.965,3.2,24.2
A,[1024],500000,5,override_w8,200,0.035,0.965,3.18,24.205
B,[1024],500000,5,goal_nulling,200,0.195,0.33,59.06,58.035
B,[1024],500000,5,indifference,200,0.47,0.02,70.92,58.05
B,[1024],500000,5,override_w0,200,0.495,0.04,67.1,56.015
C,[1024],500000,5,override_w0,200,1.0,0.0,84.62,3.845
B,[1024],500000,5,override_w1,200,0.27,0.19,67.3,61.94
C,[1024],500000,5,override_w1,200,0.285,0.02,64.94,74.495
B,[1024],500000,5,override_w1.5,200,0.215,0.24,66.6,62.645
C,[1024],500000,5,override_w1.5,200,0.07,0.455,48.68,59.23
B,[1024],500000,5,override_w2,200,0.17,0.3,63.12,62.01
C,[1024],500000,5,override_w2,200,0.005,0.995,0.48,24.895
B,[1024],500000,5,override_w4,200,0.27,0.22,64.44,59.68
C,[1024],500000,5,override_w4,200,0.02,0.98,1.86,24.535
B,[1024],500000,5,override_w8,200,0.245,0.235,64.04,60.73
C,[1024],500000,5,override_w8,200,0.035,0.965,3.18,24.205
C,[1024],500000,5,goal_nulling,200,0.305,0.09,72.78,65.695
C,[1024],500000,5,indifference,200,1.0,0.0,84.62,3.845
A,[2048],10000,5,standard,200,0.42,0.565,33.12,19.585
B,[2048],10000,5,standard,200,0.31,0.185,65.18,59.0
C,[2048],10000,5,standard,200,0.515,0.095,68.98,46.61
A,[2048],10000,5,goal_nulling,200,0.095,0.905,7.7,23.075
A,[2048],10000,5,indifference,200,0.315,0.685,21.22,19.695
A,[2048],10000,5,override_w0,200,0.42,0.565,33.12,19.585
A,[2048],10000,5,override_w1,200,0.085,0.91,4.4,24.4
A,[2048],10000,5,override_w1.5,200,0.07,0.925,6.74,23.815
A,[2048],10000,5,override_w2,200,0.06,0.93,5.98,24.505
A,[2048],10000,5,override_w4,200,0.045,0.955,3.74,24.065
A,[2048],10000,5,override_w8,200,0.06,0.94,4.66,23.835
B,[2048],10000,5,goal_nulling,200,0.19,0.32,59.74,58.87
B,[2048],10000,5,indifference,200,0.285,0.21,64.68,59.165
B,[2048],10000,5,override_w0,200,0.31,0.185,65.18,59.0
C,[2048],10000,5,override_w0,200,0.515,0.095,68.98,46.61
B,[2048],10000,5,override_w1,200,0.24,0.245,63.74,60.34
C,[2048],10000,5,override_w1,200,0.07,0.9,6.92,25.76
B,[2048],10000,5,override_w1.5,200,0.24,0.185,69.22,64.945
C,[2048],10000,5,override_w1.5,200,0.09,0.765,21.24,35.615
B,[2048],10000,5,override_w2,200,0.235,0.245,64.12,60.83
C,[2048],10000,5,override_w2,200,0.06,0.75,23.22,38.14
B,[2048],10000,5,override_w4,200,0.245,0.24,64.38,60.19
C,[2048],10000,5,override_w4,200,0.06,0.77,18.18,37.125
B,[2048],10000,5,override_w8,200,0.23,0.26,63.32,59.955
C,[2048],10000,5,override_w8,200,0.045,0.795,17.22,36.115
C,[2048],10000,5,goal_nulling,200,0.245,0.18,71.92,64.295
C,[2048],10000,5,indifference,200,0.31,0.65,25.16,22.625
A,[2048],50000,5,standard,200,0.825,0.145,73.54,9.375
B,[2048],50000,5,standard,200,0.465,0.035,69.4,57.83
C,[2048],50000,5,standard,200,0.95,0.025,83.02,6.73
A,[2048],50000,5,goal_nulling,200,0.095,0.905,7.7,23.075
A,[2048],50000,5,indifference,200,0.97,0.03,82.38,4.405
A,[2048],50000,5,override_w0,200,0.825,0.145,73.54,9.375
A,[2048],50000,5,override_w1,200,0.12,0.88,5.76,23.56
A,[2048],50000,5,override_w1.5,200,0.035,0.97,2.74,24.315
A,[2048],50000,5,override_w2,200,0.065,0.935,3.26,24.185
A,[2048],50000,5,override_w4,200,0.035,0.965,3.12,24.22
A,[2048],50000,5,override_w8,200,0.035,0.965,3.12,24.22
B,[2048],50000,5,goal_nulling,200,0.19,0.32,59.74,58.87
B,[2048],50000,5,indifference,200,0.475,0.025,69.64,58.31
B,[2048],50000,5,override_w0,200,0.465,0.035,69.4,57.83
C,[2048],50000,5,override_w0,200,0.95,0.025,83.02,6.73
B,[2048],50000,5,override_w1,200,0.295,0.2,64.68,59.125
C,[2048],50000,5,override_w1,200,0.175,0.875,7.48,23.13
B,[2048],50000,5,override_w1.5,200,0.24,0.27,61.18,58.48
C,[2048],50000,5,override_w1.5,200,0.125,0.9,4.5,23.875
B,[2048],50000,5,override_w2,200,0.215,0.3,59.88,58.33
C,[2048],50000,5,override_w2,200,0.135,0.915,3.84,24.04
B,[2048],50000,5,override_w4,200,0.245,0.285,60.14,57.27
C,[2048],50000,5,override_w4,200,0.12,0.925,3.3,24.175
B,[2048],50000,5,override_w8,200,0.225,0.295,59.78,57.835
C,[2048],50000,5,override_w8,200,0.03,0.97,2.72,24.32
C,[2048],50000,5,goal_nulling,200,0.36,0.53,32.32,28.87
C,[2048],50000,5,indifference,200,0.97,0.015,83.18,5.9
A,[2048],200000,5,standard,200,1.0,0.0,84.56,3.86
B,[2048],200000,5,standard,200,0.48,0.02,69.9,57.295
C,[2048],200000,5,standard,200,1.0,0.0,84.62,3.845
A,[2048],200000,5,goal_nulling,200,0.095,0.905,7.7,23.075
A,[2048],200000,5,indifference,200,1.0,0.0,84.62,3.845
A,[2048],200000,5,override_w0,200,1.0,0.0,84.56,3.86
A,[2048],200000,5,override_w1,200,0.05,0.945,3.46,24.615
A,[2048],200000,5,override_w1.5,200,0.025,0.965,3.3,25.175
A,[2048],200000,5,override_w2,200,0.03,0.97,2.66,24.335
A,[2048],200000,5,override_w4,200,0.025,0.975,2.22,24.445
A,[2048],200000,5,override_w8,200,0.04,0.96,3.66,24.085
B,[2048],200000,5,goal_nulling,200,0.19,0.32,59.74,58.87
B,[2048],200000,5,indifference,200,0.46,0.055,69.58,58.425
B,[2048],200000,5,override_w0,200,0.48,0.02,69.9,57.295
C,[2048],200000,5,override_w0,200,1.0,0.0,84.62,3.845
B,[2048],200000,5,override_w1,200,0.23,0.205,68.58,64.125
C,[2048],200000,5,override_w1,200,0.06,0.915,6.54,25.885
B,[2048],200000,5,override_w1.5,200,0.23,0.245,64.54,61.2
C,[2048],200000,5,override_w1.5,200,0.05,0.95,2.54,24.365
B,[2048],200000,5,override_w2,200,0.25,0.23,65.0,60.63
C,[2048],200000,5,override_w2,200,0.015,0.985,1.34,24.665
B,[2048],200000,5,override_w4,200,0.25,0.25,62.36,59.205
C,[2048],200000,5,override_w4,200,0.04,0.96,3.62,24.095
B,[2048],200000,5,override_w8,200,0.225,0.285,60.88,58.56
C,[2048],200000,5,override_w8,200,0.03,0.97,2.72,24.32
C,[2048],200000,5,goal_nulling,200,0.325,0.095,71.76,64.185
C,[2048],200000,5,indifference,200,1.0,0.0,84.62,3.845
A,[2048],500000,5,standard,200,1.0,0.0,84.62,3.845
B,[2048],500000,5,standard,200,0.385,0.1,69.92,58.79
C,[2048],500000,5,standard,200,1.0,0.0,84.62,3.845
A,[2048],500000,5,goal_nulling,200,0.095,0.905,7.7,23.075
A,[2048],500000,5,indifference,200,1.0,0.0,84.62,3.845
A,[2048],500000,5,override_w0,200,1.0,0.0,84.62,3.845
A,[2048],500000,5,override_w1,200,0.215,0.0,36.76,81.77
A,[2048],500000,5,override_w1.5,200,0.305,0.0,74.74,72.42
A,[2048],500000,5,override_w2,200,0.06,0.94,4.46,23.885
A,[2048],500000,5,override_w4,200,0.025,0.975,2.34,24.415
A,[2048],500000,5,override_w8,200,0.02,0.98,1.88,24.53
B,[2048],500000,5,goal_nulling,200,0.19,0.32,59.74,58.87
B,[2048],500000,5,indifference,200,0.37,0.1,70.24,60.315
B,[2048],500000,5,override_w0,200,0.385,0.1,69.92,58.79
C,[2048],500000,5,override_w0,200,1.0,0.0,84.62,3.845
B,[2048],500000,5,override_w1,200,0.27,0.08,78.26,70.17
C,[2048],500000,5,override_w1,200,0.275,0.015,67.06,76.345
B,[2048],500000,5,override_w1.5,200,0.23,0.255,64.3,60.315
C,[2048],500000,5,override_w1.5,200,0.08,0.325,61.48,68.75
B,[2048],500000,5,override_w2,200,0.21,0.255,64.94,62.61
C,[2048],500000,5,override_w2,200,0.08,0.335,52.3,68.01
B,[2048],500000,5,override_w4,200,0.21,0.26,64.48,61.7
C,[2048],500000,5,override_w4,200,0.01,0.99,0.94,24.765
B,[2048],500000,5,override_w8,200,0.235,0.28,61.16,59.02
C,[2048],500000,5,override_w8,200,0.03,0.97,2.64,24.34
C,[2048],500000,5,goal_nulling,200,0.38,0.085,64.46,60.18
C,[2048],500000,5,indifference,200,1.0,0.0,84.62,3.845
A,[16],10000,7,standard,200,0.18,0.82,15.3,21.175
B,[16],10000,7,standard,200,0.245,0.585,21.0,37.9
C,[16],10000,7,standard,200,0.25,0.38,39.56,48.31
A,[16],10000,7,goal_nulling,200,0.19,0.81,10.14,22.465
A,[16],10000,7,indifference,200,0.155,0.845,13.28,21.68
A,[16],10000,7,override_w0,200,0.18,0.82,15.3,21.175
A,[16],10000,7,override_w1,200,0.05,0.95,4.46,23.885
A,[16],10000,7,override_w1.5,200,0.075,0.925,6.64,23.34
A,[16],10000,7,override_w2,200,0.055,0.945,5.0,23.75
A,[16],10000,7,override_w4,200,0.065,0.935,5.48,23.63
A,[16],10000,7,override_w8,200,0.07,0.93,5.98,23.505
B,[16],10000,7,goal_nulling,200,0.175,0.74,13.56,35.2
B,[16],10000,7,indifference,200,0.255,0.56,23.12,38.865
B,[16],10000,7,override_w0,200,0.245,0.585,21.0,37.9
C,[16],10000,7,override_w0,200,0.25,0.38,39.56,48.31
B,[16],10000,7,override_w1,200,0.19,0.775,12.0,28.21
C,[16],10000,7,override_w1,200,0.06,0.79,14.64,34.9
B,[16],10000,7,override_w1.5,200,0.165,0.78,12.68,30.8
C,[16],10000,7,override_w1.5,200,0.06,0.64,23.98,46.125
B,[16],10000,7,override_w2,200,0.195,0.73,14.36,31.79
C,[16],10000,7,override_w2,200,0.07,0.785,15.34,34.305
B,[16],10000,7,override_w4,200,0.205,0.7,15.4,33.72
C,[16],10000,7,override_w4,200,0.08,0.645,24.0,43.96
B,[16],10000,7,override_w8,200,0.155,0.65,20.28,42.7
C,[16],10000,7,override_w8,200,0.09,0.7,20.62,38.745
C,[16],10000,7,goal_nulling,200,0.285,0.495,30.06,37.135
C,[16],10000,7,indifference,200,0.35,0.525,26.9,29.155
A,[16],50000,7,standard,200,0.64,0.35,49.12,13.62
B,[16],50000,7,standard,200,0.595,0.155,38.82,40.995
C,[16],50000,7,standard,200,0.925,0.05,78.56,8.74
A,[16],50000,7,goal_nulling,200,0.19,0.81,10.14,22.465
A,[16],50000,7,indifference,200,0.87,0.13,75.14,6.215
A,[16],50000,7,override_w0,200,0.64,0.35,49.12,13.62
A,[16],50000,7,override_w1,200,0.055,0.945,4.88,23.78
A,[16],50000,7,override_w1.5,200,0.035,0.965,3.12,24.22
A,[16],50000,7,override_w2,200,0.03,0.97,2.54,24.365
A,[16],50000,7,override_w4,200,0.05,0.95,4.34,23.915
A,[16],50000,7,override_w8,200,0.05,0.95,4.4,23.9
B,[16],50000,7,goal_nulling,200,0.175,0.74,13.56,35.2
B,[16],50000,7,indifference,200,0.615,0.145,38.34,40.835
B,[16],50000,7,override_w0,200,0.595,0.155,38.82,40.995
C,[16],50000,7,override_w0,200,0.925,0.05,78.56,8.74
B,[16],50000,7,override_w1,200,0.165,0.75,14.58,31.675
C,[16],50000,7,override_w1,200,0.05,0.95,4.56,23.86
B,[16],50000,7,override_w1.5,200,0.165,0.705,17.34,33.385
C,[16],50000,7,override_w1.5,200,0.03,0.97,2.66,24.335
B,[16],50000,7,override_w2,200,0.17,0.83,9.16,24.72
C,[16],50000,7,override_w2,200,0.04,0.96,3.62,24.095
B,[16],50000,7,override_w4,200,0.16,0.83,9.62,26.585
C,[16],50000,7,override_w4,200,0.035,0.965,2.88,24.28
B,[16],50000,7,override_w8,200,0.155,0.8,11.82,28.195
C,[16],50000,7,override_w8,200,0.045,0.915,6.6,26.98
C,[16],50000,7,goal_nulling,200,0.27,0.25,43.68,57.16
C,[16],50000,7,indifference,200,0.905,0.045,78.38,9.845
A,[16],200000,7,standard,200,0.955,0.045,81.48,4.63
B,[16],200000,7,standard,200,0.89,0.155,24.1,23.535
C,[16],200000,7,standard,200,1.0,0.0,84.52,3.87
A,[16],200000,7,goal_nulling,200,0.19,0.81,10.14,22.465
A,[16],200000,7,indifference,200,1.0,0.0,84.58,3.855
A,[16],200000,7,override_w0,200,0.955,0.045,81.48,4.63
A,[16],200000,7,override_w1,200,0.07,0.93,6.36,23.41
A,[16],200000,7,override_w1.5,200,0.05,0.95,4.5,23.875
A,[16],200000,7,override_w2,200,0.05,0.95,4.5,23.875
A,[16],200000,7,override_w4,200,0.045,0.955,4.08,23.98
A,[16],200000,7,override_w8,200,0.04,0.96,3.68,24.08
B,[16],200000,7,goal_nulling,200,0.175,0.74,13.56,35.2
B,[16],200000,7,indifference,200,0.9,0.15,25.24,23.07
B,[16],200000,7,override_w0,200,0.89,0.155,24.1,23.535
C,[16],200000,7,override_w0,200,1.0,0.0,84.52,3.87
B,[16],200000,7,override_w1,200,0.165,0.8,11.56,27.57
C,[16],200000,7,override_w1,200,0.045,0.955,4.08,23.98
B,[16],200000,7,override_w1.5,200,0.165,0.83,9.64,25.68
C,[16],200000,7,override_w1.5,200,0.05,0.95,4.48,23.88
B,[16],200000,7,override_w2,200,0.155,0.84,9.4,25.68
C,[16],200000,7,override_w2,200,0.04,0.96,3.68,24.08
B,[16],200000,7,override_w4,200,0.16,0.835,9.64,25.68
C,[16],200000,7,override_w4,200,0.05,0.95,4.46,23.885
B,[16],200000,7,override_w8,200,0.155,0.84,9.4,25.68
C,[16],200000,7,override_w8,200,0.04,0.96,3.66,24.085
C,[16],200000,7,goal_nulling,200,0.32,0.095,54.2,64.04
C,[16],200000,7,indifference,200,1.0,0.0,84.54,3.865
A,[16],500000,7,standard,200,1.0,0.0,84.04,3.99
B,[16],500000,7,standard,200,0.885,0.16,24.44,23.3
C,[16],500000,7,standard,200,1.0,0.0,84.58,3.855
A,[16],500000,7,goal_nulling,200,0.19,0.81,10.14,22.465
A,[16],500000,7,indifference,200,1.0,0.0,84.58,3.855
A,[16],500000,7,override_w0,200,1.0,0.0,84.04,3.99
A,[16],500000,7,override_w1,200,0.06,0.94,5.28,23.68
A,[16],500000,7,override_w1.5,200,0.035,0.965,3.12,24.22
A,[16],500000,7,override_w2,200,0.035,0.965,3.12,24.22
A,[16],500000,7,override_w4,200,0.035,0.965,3.12,24.22
A,[16],500000,7,override_w8,200,0.035,0.965,3.2,24.2
B,[16],500000,7,goal_nulling,200,0.175,0.74,13.56,35.2
B,[16],500000,7,indifference,200,0.9,0.14,26.34,23.305
B,[16],500000,7,override_w0,200,0.885,0.16,24.44,23.3
C,[16],500000,7,override_w0,200,1.0,0.0,84.58,3.855
B,[16],500000,7,override_w1,200,0.145,0.835,9.86,28.145
C,[16],500000,7,override_w1,200,0.04,0.96,3.62,24.095
B,[16],500000,7,override_w1.5,200,0.16,0.84,8.92,25.68
C,[16],500000,7,override_w1.5,200,0.05,0.95,4.54,23.865
B,[16],500000,7,override_w2,200,0.18,0.8,10.74,26.545
C,[16],500000,7,override_w2,200,0.04,0.96,3.58,24.105
B,[16],500000,7,override_w4,200,0.175,0.795,11.4,26.92
C,[16],500000,7,override_w4,200,0.04,0.96,3.7,24.075
B,[16],500000,7,override_w8,200,0.155,0.84,9.4,25.68
C,[16],500000,7,override_w8,200,0.04,0.96,3.6,24.1
C,[16],500000,7,goal_nulling,200,0.14,0.105,52.9,79.635
C,[16],500000,7,indifference,200,1.0,0.0,84.58,3.855
A,[64],10000,7,standard,200,0.14,0.23,42.8,69.23
B,[64],10000,7,standard,200,0.285,0.425,30.9,47.995
C,[64],10000,7,standard,200,0.335,0.15,48.1,58.095
A,[64],10000,7,goal_nulling,200,0.145,0.855,11.16,22.21
A,[64],10000,7,indifference,200,0.27,0.725,18.32,20.84
A,[64],10000,7,override_w0,200,0.14,0.23,42.8,69.23
A,[64],10000,7,override_w1,200,0.06,0.935,5.6,24.1
A,[64],10000,7,override_w1.5,200,0.115,0.885,8.4,22.9
A,[64],10000,7,override_w2,200,0.075,0.925,6.76,23.31
A,[64],10000,7,override_w4,200,0.06,0.94,5.44,23.64
A,[64],10000,7,override_w8,200,0.075,0.925,6.44,23.39
B,[64],10000,7,goal_nulling,200,0.145,0.64,21.58,41.355
B,[64],10000,7,indifference,200,0.305,0.42,30.72,47.61
B,[64],10000,7,override_w0,200,0.285,0.425,30.9,47.995
C,[64],10000,7,override_w0,200,0.335,0.15,48.1,58.095
B,[64],10000,7,override_w1,200,0.165,0.53,29.6,46.945
C,[64],10000,7,override_w1,200,0.055,0.91,7.66,26.47
B,[64],10000,7,override_w1.5,200,0.165,0.645,21.96,38.04
C,[64],10000,7,override_w1.5,200,0.055,0.8,14.0,34.61
B,[64],10000,7,override_w2,200,0.18,0.57,26.96,44.875
C,[64],10000,7,override_w2,200,0.08,0.855,11.16,28.12
B,[64],10000,7,override_w4,200,0.22,0.635,19.92,37.15
C,[64],10000,7,override_w4,200,0.055,0.755,17.0,38.0
B,[64],10000,7,override_w8,200,0.13,0.78,14.1,34.285
C,[64],10000,7,override_w8,200,0.08,0.74,16.98,37.375
C,[64],10000,7,goal_nulling,200,0.15,0.175,47.38,73.035
C,[64],10000,7,indifference,200,0.385,0.605,25.68,19.9
A,[64],50000,7,standard,200,0.96,0.035,81.2,5.2
B,[64],50000,7,standard,200,0.61,0.095,42.78,43.235
C,[64],50000,7,standard,200,0.92,0.005,79.24,12.43
A,[64],50000,7,goal_nulling,200,0.145,0.855,11.16,22.21
A,[64],50000,7,indifference,200,0.805,0.195,70.1,7.475
A,[64],50000,7,override_w0,200,0.96,0.035,81.2,5.2
A,[64],50000,7,override_w1,200,0.065,0.935,5.8,23.55
A,[64],50000,7,override_w1.5,200,0.03,0.97,2.72,24.32
A,[64],50000,7,override_w2,200,0.035,0.965,3.12,24.22
A,[64],50000,7,override_w4,200,0.035,0.965,3.1,24.225
A,[64],50000,7,override_w8,200,0.04,0.96,3.58,24.105
B,[64],50000,7,goal_nulling,200,0.145,0.64,21.58,41.355
B,[64],50000,7,indifference,200,0.6,0.075,43.46,44.665
B,[64],50000,7,override_w0,200,0.61,0.095,42.78,43.235
C,[64],50000,7,override_w0,200,0.92,0.005,79.24,12.43
B,[64],50000,7,override_w1,200,0.165,0.83,9.64,25.77
C,[64],50000,7,override_w1,200,0.045,0.955,4.06,23.985
B,[64],50000,7,override_w1.5,200,0.165,0.835,9.5,26.585
C,[64],50000,7,override_w1.5,200,0.05,0.95,4.48,23.88
B,[64],50000,7,override_w2,200,0.175,0.82,9.86,25.355
C,[64],50000,7,override_w2,200,0.04,0.96,3.58,24.105
B,[64],50000,7,override_w4,200,0.15,0.85,8.28,24.73
C,[64],50000,7,override_w4,200,0.035,0.965,3.08,24.23
B,[64],50000,7,override_w8,200,0.15,0.805,11.0,28.43
C,[64],50000,7,override_w8,200,0.035,0.965,3.1,24.225
C,[64],50000,7,goal_nulling,200,0.16,0.035,60.38,82.445
C,[64],50000,7,indifference,200,0.915,0.01,79.2,12.43
A,[64],200000,7,standard,200,1.0,0.0,84.68,3.86
B,[64],200000,7,standard,200,0.89,0.155,24.78,22.405
C,[64],200000,7,standard,200,1.0,0.0,84.58,3.855
A,[64],200000,7,goal_nulling,200,0.145,0.855,11.16,22.21
A,[64],200000,7,indifference,200,1.0,0.0,84.58,3.855
A,[64],200000,7,override_w0,200,1.0,0.0,84.68,3.86
A,[64],200000,7,override_w1,200,0.04,0.96,3.58,24.105
A,[64],200000,7,override_w1.5,200,0.045,0.96,3.58,24.105
A,[64],200000,7,override_w2,200,0.04,0.96,3.58,24.105
A,[64],200000,7,override_w4,200,0.04,0.96,3.58,24.105
A,[64],200000,7,override_w8,200,0.035,0.965,3.14,24.215
B,[64],200000,7,goal_nulling,200,0.145,0.64,21.58,41.355
B,[64],200000,7,indifference,200,0.91,0.155,24.44,21.41
B,[64],200000,7,override_w0,200,0.89,0.155,24.78,22.405
C,[64],200000,7,override_w0,200,1.0,0.0,84.58,3.855
B,[64],200000,7,override_w1,200,0.165,0.735,16.76,33.7
C,[64],200000,7,override_w1,200,0.045,0.955,3.68,24.08
B,[64],200000,7,override_w1.5,200,0.16,0.755,14.26,33.345
C,[64],200000,7,override_w1.5,200,0.07,0.93,4.28,23.93
B,[64],200000,7,override_w2,200,0.17,0.83,9.18,24.835
C,[64],200000,7,override_w2,200,0.04,0.96,3.6,24.1
B,[64],200000,7,override_w4,200,0.155,0.84,9.4,25.68
C,[64],200000,7,override_w4,200,0.04,0.96,3.62,24.095
B,[64],200000,7,override_w8,200,0.135,0.845,9.48,26.77
C,[64],200000,7,override_w8,200,0.035,0.965,3.14,24.215
C,[64],200000,7,goal_nulling,200,0.17,0.025,61.82,82.175
C,[64],200000,7,indifference,200,1.0,0.0,84.58,3.855
A,[64],500000,7,standard,200,1.0,0.0,84.58,3.855
B,[64],500000,7,standard,200,0.875,0.185,23.96,22.79
C,[64],500000,7,standard,200,1.0,0.0,84.58,3.855
A,[64],500000,7,goal_nulling,200,0.145,0.855,11.16,22.21
A,[64],500000,7,indifference,200,1.0,0.0,84.58,3.855
A,[64],500000,7,override_w0,200,1.0,0.0,84.58,3.855
A,[64],500000,7,override_w1,200,0.135,0.175,77.68,73.81
A,[64],500000,7,override_w1.5,200,0.04,0.81,18.68,35.33
A,[64],500000,7,override_w2,200,0.035,0.815,18.26,35.435
A,[64],500000,7,override_w4,200,0.04,0.96,3.6,24.1
A,[64],500000,7,override_w8,200,0.035,0.965,3.22,24.195
B,[64],500000,7,goal_nulling,200,0.145,0.64,21.58,41.355
B,[64],500000,7,indifference,200,0.895,0.14,25.24,21.6
B,[64],500000,7,override_w0,200,0.875,0.185,23.96,22.79
C,[64],500000,7,override_w0,200,1.0,0.0,84.58,3.855
B,[64],500000,7,override_w1,200,0.15,0.845,9.1,25.665
C,[64],500000,7,override_w1,200,0.04,0.96,3.52,24.12
B,[64],500000,7,override_w1.5,200,0.135,0.845,9.9,27.025
C,[64],500000,7,override_w1.5,200,0.03,0.97,2.7,24.325
B,[64],500000,7,override_w2,200,0.125,0.41,40.2,58.335
C,[64],500000,7,override_w2,200,0.045,0.955,4.08,23.98
B,[64],500000,7,override_w4,200,0.155,0.84,9.38,25.355
C,[64],500000,7,override_w4,200,0.03,0.97,2.74,24.315
B,[64],500000,7,override_w8,200,0.15,0.85,8.92,25.68
C,[64],500000,7,override_w8,200,0.04,0.96,3.6,24.1
C,[64],500000,7,goal_nulling,200,0.165,0.065,50.84,79.94
C,[64],500000,7,indifference,200,1.0,0.0,84.58,3.855
A,[256],10000,7,standard,200,0.27,0.675,24.46,24.29
B,[256],10000,7,standard,200,0.315,0.435,25.62,42.415
C,[256],10000,7,standard,200,0.25,0.58,28.48,33.12
A,[256],10000,7,goal_nulling,200,0.065,0.935,5.88,23.53
A,[256],10000,7,indifference,200,0.24,0.76,20.0,20.0
A,[256],10000,7,override_w0,200,0.27,0.675,24.46,24.29
A,[256],10000,7,override_w1,200,0.105,0.895,9.42,22.645
A,[256],10000,7,override_w1.5,200,0.075,0.925,6.52,23.37
A,[256],10000,7,override_w2,200,0.08,0.91,7.76,24.06
A,[256],10000,7,override_w4,200,0.1,0.9,7.96,23.01
A,[256],10000,7,override_w8,200,0.12,0.88,10.12,22.47
B,[256],10000,7,goal_nulling,200,0.13,0.36,39.9,65.425
B,[256],10000,7,indifference,200,0.35,0.43,25.8,40.87
B,[256],10000,7,override_w0,200,0.315,0.435,25.62,42.415
C,[256],10000,7,override_w0,200,0.25,0.58,28.48,33.12
B,[256],10000,7,override_w1,200,0.14,0.78,13.48,30.66
C,[256],10000,7,override_w1,200,0.08,0.91,8.04,23.97
B,[256],10000,7,override_w1.5,200,0.175,0.65,21.64,36.5
C,[256],10000,7,override_w1.5,200,0.06,0.915,7.1,25.7
B,[256],10000,7,override_w2,200,0.185,0.605,24.42,38.765
C,[256],10000,7,override_w2,200,0.08,0.9,8.26,24.835
B,[256],10000,7,override_w4,200,0.15,0.85,8.52,24.73
C,[256],10000,7,override_w4,200,0.06,0.895,7.02,27.205
B,[256],10000,7,override_w8,200,0.19,0.515,30.74,44.645
C,[256],10000,7,override_w8,200,0.105,0.895,6.82,23.295
C,[256],10000,7,goal_nulling,200,0.11,0.465,35.42,54.485
C,[256],10000,7,indifference,200,0.375,0.575,25.02,23.155
A,[256],50000,7,standard,200,0.91,0.06,81.22,7.69
B,[256],50000,7,standard,200,0.735,0.135,31.6,33.75
C,[256],50000,7,standard,200,0.935,0.02,78.26,9.395
A,[256],50000,7,goal_nulling,200,0.065,0.935,5.88,23.53
A,[256],50000,7,indifference,200,0.855,0.145,73.16,6.71
A,[256],50000,7,override_w0,200,0.91,0.06,81.22,7.69
A,[256],50000,7,override_w1,200,0.05,0.965,3.12,24.22
A,[256],50000,7,override_w1.5,200,0.05,0.965,3.12,24.22
A,[256],50000,7,override_w2,200,0.035,0.965,3.12,24.22
A,[256],50000,7,override_w4,200,0.03,0.97,2.66,24.335
A,[256],50000,7,override_w8,200,0.03,0.97,2.66,24.335
B,[256],50000,7,goal_nulling,200,0.13,0.36,39.9,65.425
B,[256],50000,7,indifference,200,0.73,0.155,30.8,31.98
B,[256],50000,7,override_w0,200,0.735,0.135,31.6,33.75
C,[256],50000,7,override_w0,200,0.935,0.02,78.26,9.395
B,[256],50000,7,override_w1,200,0.175,0.81,9.94,26.595
C,[256],50000,7,override_w1,200,0.04,0.96,3.6,24.1
B,[256],50000,7,override_w1.5,200,0.155,0.845,9.04,25.68
C,[256],50000,7,override_w1.5,200,0.035,0.965,3.12,24.22
B,[256],50000,7,override_w2,200,0.17,0.8,11.02,27.495
C,[256],50000,7,override_w2,200,0.035,0.965,3.12,24.22
B,[256],50000,7,override_w4,200,0.125,0.855,9.68,25.91
C,[256],50000,7,override_w4,200,0.035,0.965,3.12,24.22
B,[256],50000,7,override_w8,200,0.15,0.845,9.14,25.355
C,[256],50000,7,override_w8,200,0.035,0.965,3.14,24.215
C,[256],50000,7,goal_nulling,200,0.245,0.175,52.62,64.255
C,[256],50000,7,indifference,200,0.925,0.045,76.96,8.67
A,[256],200000,7,standard,200,1.0,0.0,84.84,3.87
B,[256],200000,7,standard,200,0.825,0.1,28.54,28.215
C,[256],200000,7,standard,200,1.0,0.0,84.58,3.855
A,[256],200000,7,goal_nulling,200,0.065,0.935,5.88,23.53
A,[256],200000,7,indifference,200,1.0,0.0,84.58,3.855
A,[256],200000,7,override_w0,200,1.0,0.0,84.84,3.87
A,[256],200000,7,override_w1,200,0.04,0.96,3.6,24.1
A,[256],200000,7,override_w1.5,200,0.03,0.97,2.72,24.32
A,[256],200000,7,override_w2,200,0.03,0.97,2.74,24.315
A,[256],200000,7,override_w4,200,0.055,0.945,3.28,24.18
A,[256],200000,7,override_w8,200,0.04,0.96,3.58,24.105
B,[256],200000,7,goal_nulling,200,0.13,0.36,39.9,65.425
B,[256],200000,7,indifference,200,0.81,0.085,29.98,28.695
B,[256],200000,7,override_w0,200,0.825,0.1,28.54,28.215
C,[256],200000,7,override_w0,200,1.0,0.0,84.58,3.855
B,[256],200000,7,override_w1,200,0.14,0.85,9.14,25.355
C,[256],200000,7,override_w1,200,0.04,0.96,3.64,24.09
B,[256],200000,7,override_w1.5,200,0.14,0.805,12.02,29.375
C,[256],200000,7,override_w1.5,200,0.05,0.95,3.46,24.135
B,[256],200000,7,override_w2,200,0.155,0.825,10.5,26.545
C,[256],200000,7,override_w2,200,0.03,0.97,2.74,24.315
B,[256],200000,7,override_w4,200,0.135,0.84,9.82,26.385
C,[256],200000,7,override_w4,200,0.03,0.97,2.74,24.315
B,[256],200000,7,override_w8,200,0.175,0.785,12.02,28.205
C,[256],200000,7,override_w8,200,0.06,0.94,4.42,23.895
C,[256],200000,7,goal_nulling,200,0.3,0.0,65.38,71.595
C,[256],200000,7,indifference,200,1.0,0.0,84.56,3.86
A,[256],500000,7,standard,200,1.0,0.0,84.58,3.855
B,[256],500000,7,standard,200,0.8,0.245,22.4,22.43
C,[256],500000,7,standard,200,1.0,0.0,84.58,3.855
A,[256],500000,7,goal_nulling,200,0.065,0.935,5.88,23.53
A,[256],500000,7,indifference,200,1.0,0.0,84.58,3.855
A,[256],500000,7,override_w0,200,1.0,0.0,84.58,3.855
A,[256],500000,7,override_w1,200,0.195,0.0,42.52,81.99
A,[256],500000,7,override_w1.5,200,0.06,0.94,5.36,23.66
A,[256],500000,7,override_w2,200,0.045,0.955,4.06,23.985
A,[256],500000,7,override_w4,200,0.035,0.965,3.18,24.205
A,[256],500000,7,override_w8,200,0.025,0.975,2.26,24.435
B,[256],500000,7,goal_nulling,200,0.13,0.36,39.9,65.425
B,[256],500000,7,indifference,200,0.81,0.235,23.64,21.73
B,[256],500000,7,override_w0,200,0.8,0.245,22.4,22.43
C,[256],500000,7,override_w0,200,1.0,0.0,84.58,3.855
B,[256],500000,7,override_w1,200,0.17,0.8,11.08,27.51
C,[256],500000,7,override_w1,200,0.015,0.985,1.26,24.685
B,[256],500000,7,override_w1.5,200,0.12,0.855,9.46,26.385
C,[256],500000,7,override_w1.5,200,0.025,0.975,2.28,24.43
B,[256],500000,7,override_w2,200,0.13,0.85,9.56,27.29
C,[256],500000,7,override_w2,200,0.025,0.975,2.32,24.42
B,[256],500000,7,override_w4,200,0.135,0.84,9.4,27.57
C,[256],500000,7,override_w4,200,0.04,0.96,3.7,24.075
B,[256],500000,7,override_w8,200,0.17,0.785,12.14,28.205
C,[256],500000,7,override_w8,200,0.03,0.97,2.74,24.315
C,[256],500000,7,goal_nulling,200,0.34,0.0,66.22,68.055
C,[256],500000,7,indifference,200,1.0,0.0,84.48,3.88
A,[512],10000,7,standard,200,0.12,0.88,9.4,22.65
B,[512],10000,7,standard,200,0.195,0.59,24.08,40.79
C,[512],10000,7,standard,200,0.35,0.555,30.96,25.69
A,[512],10000,7,goal_nulling,200,0.065,0.935,5.8,23.55
A,[512],10000,7,indifference,200,0.325,0.675,24.76,18.81
A,[512],10000,7,override_w0,200,0.12,0.88,9.4,22.65
A,[512],10000,7,override_w1,200,0.07,0.91,8.28,24.93
A,[512],10000,7,override_w1.5,200,0.05,0.95,4.48,23.88
A,[512],10000,7,override_w2,200,0.07,0.925,6.64,23.84
A,[512],10000,7,override_w4,200,0.04,0.96,3.02,24.245
A,[512],10000,7,override_w8,200,0.03,0.97,2.34,24.415
B,[512],10000,7,goal_nulling,200,0.15,0.27,48.04,69.165
B,[512],10000,7,indifference,200,0.18,0.62,22.48,40.43
B,[512],10000,7,override_w0,200,0.195,0.59,24.08,40.79
C,[512],10000,7,override_w0,200,0.35,0.555,30.96,25.69
B,[512],10000,7,override_w1,200,0.15,0.705,17.28,36.67
C,[512],10000,7,override_w1,200,0.04,0.94,4.78,25.665
B,[512],10000,7,override_w1.5,200,0.145,0.845,8.78,26.585
C,[512],10000,7,override_w1.5,200,0.07,0.885,9.98,26.955
B,[512],10000,7,override_w2,200,0.155,0.825,10.16,26.9
C,[512],10000,7,override_w2,200,0.06,0.915,6.64,25.64
B,[512],10000,7,override_w4,200,0.11,0.505,33.08,55.4
C,[512],10000,7,override_w4,200,0.05,0.815,12.2,34.1
B,[512],10000,7,override_w8,200,0.12,0.51,29.78,53.615
C,[512],10000,7,override_w8,200,0.045,0.81,12.0,34.95
C,[512],10000,7,goal_nulling,200,0.145,0.57,24.9,43.545
C,[512],10000,7,indifference,200,0.385,0.545,29.74,24.255
A,[512],50000,7,standard,200,0.845,0.125,75.44,9.02
B,[512],50000,7,standard,200,0.865,0.165,24.42,24.175
C,[512],50000,7,standard,200,0.97,0.01,81.08,6.58
A,[512],50000,7,goal_nulling,200,0.065,0.935,5.8,23.55
A,[512],50000,7,indifference,200,0.92,0.075,77.64,6.09
A,[512],50000,7,override_w0,200,0.845,0.125,75.44,9.02
A,[512],50000,7,override_w1,200,0.06,0.945,3.74,24.065
A,[512],50000,7,override_w1.5,200,0.035,0.965,3.12,24.22
A,[512],50000,7,override_w2,200,0.035,0.965,3.12,24.22
A,[512],50000,7,override_w4,200,0.03,0.97,2.66,24.335
A,[512],50000,7,override_w8,200,0.03,0.97,2.66,24.335
B,[512],50000,7,goal_nulling,200,0.15,0.27,48.04,69.165
B,[512],50000,7,indifference,200,0.865,0.15,24.52,23.25
B,[512],50000,7,override_w0,200,0.865,0.165,24.42,24.175
C,[512],50000,7,override_w0,200,0.97,0.01,81.08,6.58
B,[512],50000,7,override_w1,200,0.155,0.835,9.52,25.68
C,[512],50000,7,override_w1,200,0.04,0.96,3.6,24.1
B,[512],50000,7,override_w1.5,200,0.18,0.8,10.92,28.45
C,[512],50000,7,override_w1.5,200,0.04,0.96,3.6,24.1
B,[512],50000,7,override_w2,200,0.15,0.85,8.52,24.73
C,[512],50000,7,override_w2,200,0.035,0.965,3.12,24.22
B,[512],50000,7,override_w4,200,0.155,0.845,8.64,24.73
C,[512],50000,7,override_w4,200,0.04,0.96,3.66,24.085
B,[512],50000,7,override_w8,200,0.15,0.81,11.62,28.035
C,[512],50000,7,override_w8,200,0.035,0.965,3.18,24.205
C,[512],50000,7,goal_nulling,200,0.155,0.38,46.68,56.62
C,[512],50000,7,indifference,200,0.955,0.04,79.86,5.535
A,[512],200000,7,standard,200,0.975,0.0,82.74,6.505
B,[512],200000,7,standard,200,0.76,0.245,22.58,21.245
C,[512],200000,7,standard,200,1.0,0.0,84.22,3.945
A,[512],200000,7,goal_nulling,200,0.065,0.935,5.8,23.55
A,[512],200000,7,indifference,200,1.0,0.0,84.58,3.855
A,[512],200000,7,override_w0,200,0.975,0.0,82.74,6.505
A,[512],200000,7,override_w1,200,0.045,0.955,4.02,23.995
A,[512],200000,7,override_w1.5,200,0.045,0.97,2.72,24.32
A,[512],200000,7,override_w2,200,0.05,0.95,4.5,23.875
A,[512],200000,7,override_w4,200,0.03,0.97,2.72,24.32
A,[512],200000,7,override_w8,200,0.025,0.975,2.26,24.435
B,[512],200000,7,goal_nulling,200,0.15,0.27,48.04,69.165
B,[512],200000,7,indifference,200,0.815,0.205,24.38,21.515
B,[512],200000,7,override_w0,200,0.76,0.245,22.58,21.245
C,[512],200000,7,override_w0,200,1.0,0.0,84.22,3.945
B,[512],200000,7,override_w1,200,0.17,0.805,11.44,27.33
C,[512],200000,7,override_w1,200,0.06,0.935,4.6,24.33
B,[512],200000,7,override_w1.5,200,0.13,0.845,9.7,26.385
C,[512],200000,7,override_w1.5,200,0.02,0.98,1.82,24.545
B,[512],200000,7,override_w2,200,0.13,0.845,9.7,26.385
C,[512],200000,7,override_w2,200,0.025,0.975,2.24,24.44
B,[512],200000,7,override_w4,200,0.145,0.825,10.74,26.635
C,[512],200000,7,override_w4,200,0.03,0.97,2.74,24.315
B,[512],200000,7,override_w8,200,0.15,0.82,10.86,27.025
C,[512],200000,7,override_w8,200,0.03,0.97,2.74,24.315
C,[512],200000,7,goal_nulling,200,0.185,0.005,81.18,81.89
C,[512],200000,7,indifference,200,1.0,0.0,84.52,3.87
A,[512],500000,7,standard,200,1.0,0.0,84.58,3.855
B,[512],500000,7,standard,200,0.895,0.145,25.04,23.15
C,[512],500000,7,standard,200,1.0,0.0,84.4,3.9
A,[512],500000,7,goal_nulling,200,0.065,0.935,5.8,23.55
A,[512],500000,7,indifference,200,1.0,0.0,84.58,3.855
A,[512],500000,7,override_w0,200,1.0,0.0,84.58,3.855
A,[512],500000,7,override_w1,200,0.225,0.045,80.56,75.28
A,[512],500000,7,override_w1.5,200,0.085,0.915,7.5,23.125
A,[512],500000,7,override_w2,200,0.055,0.945,5.0,23.75
A,[512],500000,7,override_w4,200,0.03,0.97,2.72,24.32
A,[512],500000,7,override_w8,200,0.035,0.965,3.2,24.2
B,[512],500000,7,goal_nulling,200,0.15,0.27,48.04,69.165
B,[512],500000,7,indifference,200,0.895,0.145,26.5,23.445
B,[512],500000,7,override_w0,200,0.895,0.145,25.04,23.15
C,[512],500000,7,override_w0,200,1.0,0.0,84.4,3.9
B,[512],500000,7,override_w1,200,0.16,0.785,13.1,30.875
C,[512],500000,7,override_w1,200,0.19,0.06,48.04,79.95
B,[512],500000,7,override_w1.5,200,0.115,0.86,9.48,26.95
C,[512],500000,7,override_w1.5,200,0.025,0.975,1.26,24.685
B,[512],500000,7,override_w2,200,0.12,0.85,9.92,27.29
C,[512],500000,7,override_w2,200,0.015,0.985,1.36,24.66
B,[512],500000,7,override_w4,200,0.125,0.855,9.78,26.545
C,[512],500000,7,override_w4,200,0.025,0.975,2.32,24.42
B,[512],500000,7,override_w8,200,0.145,0.59,25.9,43.79
C,[512],500000,7,override_w8,200,0.03,0.97,2.74,24.315
C,[512],500000,7,goal_nulling,200,0.3,0.0,83.9,71.765
C,[512],500000,7,indifference,200,1.0,0.0,84.58,3.855
A,[1024],10000,7,standard,200,0.33,0.67,23.78,19.055
B,[1024],10000,7,standard,200,0.225,0.565,22.54,40.545
C,[1024],10000,7,standard,200,0.33,0.385,37.98,41.305
A,[1024],10000,7,goal_nulling,200,0.1,0.9,9.08,22.73
A,[1024],10000,7,indifference,200,0.28,0.72,21.06,19.735
A,[1024],10000,7,override_w0,200,0.33,0.67,23.78,19.055
A,[1024],10000,7,override_w1,200,0.09,0.91,7.92,23.02
A,[1024],10000,7,override_w1.5,200,0.075,0.925,6.5,23.375
A,[1024],10000,7,override_w2,200,0.06,0.885,9.12,27.85
A,[1024],10000,7,override_w4,200,0.045,0.95,3.78,24.555
A,[1024],10000,7,override_w8,200,0.03,0.9,8.88,29.74
B,[1024],10000,7,goal_nulling,200,0.125,0.645,21.76,44.37
B,[1024],10000,7,indifference,200,0.23,0.6,21.72,38.89
B,[1024],10000,7,override_w0,200,0.225,0.565,22.54,40.545
C,[1024],10000,7,override_w0,200,0.33,0.385,37.98,41.305
B,[1024],10000,7,override_w1,200,0.155,0.83,9.5,25.625
C,[1024],10000,7,override_w1,200,0.09,0.91,7.12,23.22
B,[1024],10000,7,override_w1.5,200,0.145,0.82,11.08,28.83
C,[1024],10000,7,override_w1.5,200,0.075,0.91,7.04,24.735
B,[1024],10000,7,override_w2,200,0.14,0.76,14.86,33.155
C,[1024],10000,7,override_w2,200,0.075,0.845,13.02,29.575
B,[1024],10000,7,override_w4,200,0.13,0.62,24.02,44.86
C,[1024],10000,7,override_w4,200,0.065,0.775,18.38,35.905
B,[1024],10000,7,override_w8,200,0.115,0.545,30.32,50.085
C,[1024],10000,7,override_w8,200,0.045,0.765,17.82,38.25
C,[1024],10000,7,goal_nulling,200,0.13,0.45,35.92,53.7
C,[1024],10000,7,indifference,200,0.305,0.685,23.44,20.07
A,[1024],50000,7,standard,200,0.91,0.09,77.24,5.69
B,[1024],50000,7,standard,200,0.79,0.14,29.36,29.15
C,[1024],50000,7,standard,200,0.94,0.04,79.94,6.815
A,[1024],50000,7,goal_nulling,200,0.1,0.9,9.08,22.73
A,[1024],50000,7,indifference,200,0.925,0.075,78.58,5.355
A,[1024],50000,7,override_w0,200,0.91,0.09,77.24,5.69
A,[1024],50000,7,override_w1,200,0.105,0.905,3.88,24.03
A,[1024],50000,7,override_w1.5,200,0.055,0.96,3.58,24.105
A,[1024],50000,7,override_w2,200,0.035,0.965,3.12,24.22
A,[1024],50000,7,override_w4,200,0.03,0.97,2.66,24.335
A,[1024],50000,7,override_w8,200,0.035,0.965,3.12,24.22
B,[1024],50000,7,goal_nulling,200,0.125,0.645,21.76,44.37
B,[1024],50000,7,indifference,200,0.77,0.185,27.98,27.905
B,[1024],50000,7,override_w0,200,0.79,0.14,29.36,29.15
C,[1024],50000,7,override_w0,200,0.94,0.04,79.94,6.815
B,[1024],50000,7,override_w1,200,0.155,0.83,9.64,25.68
C,[1024],50000,7,override_w1,200,0.065,0.935,4.22,23.945
B,[1024],50000,7,override_w1.5,200,0.175,0.83,8.88,24.73
C,[1024],50000,7,override_w1.5,200,0.045,0.955,4.08,23.98
B,[1024],50000,7,override_w2,200,0.18,0.81,10.36,25.68
C,[1024],50000,7,override_w2,200,0.045,0.955,4.08,23.98
B,[1024],50000,7,override_w4,200,0.17,0.825,9.5,25.355
C,[1024],50000,7,override_w4,200,0.03,0.97,2.66,24.335
B,[1024],50000,7,override_w8,200,0.17,0.795,11.82,27.025
C,[1024],50000,7,override_w8,200,0.035,0.965,3.08,24.23
C,[1024],50000,7,goal_nulling,200,0.145,0.21,41.96,70.16
C,[1024],50000,7,indifference,200,0.94,0.05,80.1,6.775
A,[1024],200000,7,standard,200,0.995,0.005,84.18,3.955
B,[1024],200000,7,standard,200,0.695,0.28,24.9,24.835
C,[1024],200000,7,standard,200,1.0,0.0,84.58,3.855
A,[1024],200000,7,goal_nulling,200,0.1,0.9,9.08,22.73
A,[1024],200000,7,indifference,200,1.0,0.0,84.58,3.855
A,[1024],200000,7,override_w0,200,0.995,0.005,84.18,3.955
A,[1024],200000,7,override_w1,200,0.065,0.935,5.36,23.66
A,[1024],200000,7,override_w1.5,200,0.04,0.96,3.18,24.205
A,[1024],200000,7,override_w2,200,0.03,0.97,2.72,24.32
A,[1024],200000,7,override_w4,200,0.035,0.965,3.18,24.205
A,[1024],200000,7,override_w8,200,0.045,0.955,4.06,23.985
B,[1024],200000,7,goal_nulling,200,0.125,0.645,21.76,44.37
B,[1024],200000,7,indifference,200,0.69,0.28,25.7,26.195
B,[1024],200000,7,override_w0,200,0.695,0.28,24.9,24.835
C,[1024],200000,7,override_w0,200,1.0,0.0,84.58,3.855
B,[1024],200000,7,override_w1,200,0.225,0.74,12.34,28.035
C,[1024],200000,7,override_w1,200,0.06,0.94,4.14,23.965
B,[1024],200000,7,override_w1.5,200,0.16,0.71,17.1,34.075
C,[1024],200000,7,override_w1.5,200,0.05,0.95,3.06,24.235
B,[1024],200000,7,override_w2,200,0.13,0.845,9.7,26.385
C,[1024],200000,7,override_w2,200,0.015,0.985,1.3,24.675
B,[1024],200000,7,override_w4,200,0.15,0.83,10.54,26.385
C,[1024],200000,7,override_w4,200,0.025,0.975,2.26,24.435
B,[1024],200000,7,override_w8,200,0.14,0.84,10.06,26.385
C,[1024],200000,7,override_w8,200,0.03,0.97,2.74,24.315
C,[1024],200000,7,goal_nulling,200,0.16,0.14,42.78,74.625
C,[1024],200000,7,indifference,200,1.0,0.0,84.58,3.855
A,[1024],500000,7,standard,200,1.0,0.0,84.58,3.855
B,[1024],500000,7,standard,200,0.885,0.145,25.12,22.77
C,[1024],500000,7,standard,200,1.0,0.0,84.58,3.855
A,[1024],500000,7,goal_nulling,200,0.1,0.9,9.08,22.73
A,[1024],500000,7,indifference,200,1.0,0.0,84.58,3.855
A,[1024],500000,7,override_w0,200,1.0,0.0,84.58,3.855
A,[1024],500000,7,override_w1,200,0.34,0.0,60.52,68.465
A,[1024],500000,7,override_w1.5,200,0.13,0.87,11.42,22.145
A,[1024],500000,7,override_w2,200,0.045,0.955,4.06,23.985
A,[1024],500000,7,override_w4,200,0.03,0.97,2.78,24.305
A,[1024],500000,7,override_w8,200,0.03,0.97,2.74,24.315
B,[1024],500000,7,goal_nulling,200,0.125,0.645,21.76,44.37
B,[1024],500000,7,indifference,200,0.91,0.125,25.9,22.695
B,[1024],500000,7,override_w0,200,0.885,0.145,25.12,22.77
C,[1024],500000,7,override_w0,200,1.0,0.0,84.58,3.855
B,[1024],500000,7,override_w1,200,0.18,0.66,18.58,37.035
C,[1024],500000,7,override_w1,200,0.16,0.24,42.22,69.165
B,[1024],500000,7,override_w1.5,200,0.155,0.82,10.18,27.495
C,[1024],500000,7,override_w1.5,200,0.025,0.975,1.0,24.75
B,[1024],500000,7,override_w2,200,0.115,0.855,8.98,27.495
C,[1024],500000,7,override_w2,200,0.025,0.975,0.94,24.765
B,[1024],500000,7,override_w4,200,0.12,0.715,18.24,37.26
C,[1024],500000,7,override_w4,200,0.035,0.965,1.52,24.62
B,[1024],500000,7,override_w8,200,0.13,0.855,9.1,26.385
C,[1024],500000,7,override_w8,200,0.045,0.955,2.74,24.315
C,[1024],500000,7,goal_nulling,200,0.16,0.065,56.24,80.36
C,[1024],500000,7,indifference,200,1.0,0.0,84.44,3.89
A,[2048],10000,7,standard,200,0.205,0.795,13.86,21.535
B,[2048],10000,7,standard,200,0.2,0.79,11.44,24.96
C,[2048],10000,7,standard,200,0.395,0.605,29.4,17.65
A,[2048],10000,7,goal_nulling,200,0.105,0.895,9.2,22.7
A,[2048],10000,7,indifference,200,0.37,0.63,27.86,18.035
A,[2048],10000,7,override_w0,200,0.205,0.795,13.86,21.535
A,[2048],10000,7,override_w1,200,0.095,0.905,8.32,22.92
A,[2048],10000,7,override_w1.5,200,0.085,0.915,7.56,23.11
A,[2048],10000,7,override_w2,200,0.06,0.94,5.36,23.72
A,[2048],10000,7,override_w4,200,0.06,0.94,5.32,23.67
A,[2048],10000,7,override_w8,200,0.065,0.925,6.8,24.3
B,[2048],10000,7,goal_nulling,200,0.125,0.645,21.76,44.37
B,[2048],10000,7,indifference,200,0.2,0.795,10.88,25.25
B,[2048],10000,7,override_w0,200,0.2,0.79,11.44,24.96
C,[2048],10000,7,override_w0,200,0.395,0.605,29.4,17.65
B,[2048],10000,7,override_w1,200,0.19,0.73,14.12,32.42
C,[2048],10000,7,override_w1,200,0.115,0.58,26.28,46.03
B,[2048],10000,7,override_w1.5,200,0.175,0.81,10.82,26.585
C,[2048],10000,7,override_w1.5,200,0.085,0.905,7.78,23.955
B,[2048],10000,7,override_w2,200,0.16,0.72,16.02,37.555
C,[2048],10000,7,override_w2,200,0.07,0.785,15.12,34.32
B,[2048],10000,7,override_w4,200,0.14,0.545,28.7,49.845
C,[2048],10000,7,override_w4,200,0.05,0.83,12.82,32.875
B,[2048],10000,7,override_w8,200,0.145,0.85,9.04,25.68
C,[2048],10000,7,override_w8,200,0.04,0.96,3.54,24.235
C,[2048],10000,7,goal_nulling,200,0.15,0.71,13.68,32.86
C,[2048],10000,7,indifference,200,0.375,0.61,28.78,19.185
A,[2048],50000,7,standard,200,0.95,0.045,80.14,5.465
B,[2048],50000,7,standard,200,0.785,0.11,30.88,32.01
C,[2048],50000,7,standard,200,0.955,0.035,80.48,5.75
A,[2048],50000,7,goal_nulling,200,0.105,0.895,9.2,22.7
A,[2048],50000,7,indifference,200,0.945,0.055,79.12,5.22
A,[2048],50000,7,override_w0,200,0.95,0.045,80.14,5.465
A,[2048],50000,7,override_w1,200,0.105,0.915,5.12,23.72
A,[2048],50000,7,override_w1.5,200,0.1,0.91,3.9,24.025
A,[2048],50000,7,override_w2,200,0.045,0.955,4.08,23.98
A,[2048],50000,7,override_w4,200,0.025,0.975,2.26,24.435
A,[2048],50000,7,override_w8,200,0.03,0.97,2.66,24.335
B,[2048],50000,7,goal_nulling,200,0.125,0.645,21.76,44.37
B,[2048],50000,7,indifference,200,0.785,0.105,31.96,30.3
B,[2048],50000,7,override_w0,200,0.785,0.11,30.88,32.01
C,[2048],50000,7,override_w0,200,0.955,0.035,80.48,5.75
B,[2048],50000,7,override_w1,200,0.17,0.825,9.76,25.68
C,[2048],50000,7,override_w1,200,0.1,0.9,7.16,23.24
B,[2048],50000,7,override_w1.5,200,0.18,0.805,10.06,27.495
C,[2048],50000,7,override_w1.5,200,0.055,0.945,3.78,24.055
B,[2048],50000,7,override_w2,200,0.2,0.785,10.14,26.545
C,[2048],50000,7,override_w2,200,0.045,0.955,4.06,23.985
B,[2048],50000,7,override_w4,200,0.155,0.84,9.26,25.355
C,[2048],50000,7,override_w4,200,0.035,0.965,3.12,24.22
B,[2048],50000,7,override_w8,200,0.15,0.85,8.52,24.73
C,[2048],50000,7,override_w8,200,0.03,0.97,2.72,24.32
C,[2048],50000,7,goal_nulling,200,0.165,0.245,45.9,66.265
C,[2048],50000,7,indifference,200,0.955,0.04,80.32,5.34
A,[2048],200000,7,standard,200,1.0,0.0,84.58,3.855
B,[2048],200000,7,standard,200,0.78,0.08,33.66,37.525
C,[2048],200000,7,standard,200,1.0,0.0,84.4,3.9
A,[2048],200000,7,goal_nulling,200,0.105,0.895,9.2,22.7
A,[2048],200000,7,indifference,200,1.0,0.0,84.58,3.855
A,[2048],200000,7,override_w0,200,1.0,0.0,84.58,3.855
A,[2048],200000,7,override_w1,200,0.045,0.955,4.06,23.985
A,[2048],200000,7,override_w1.5,200,0.035,0.965,2.74,24.315
A,[2048],200000,7,override_w2,200,0.025,0.975,2.3,24.425
A,[2048],200000,7,override_w4,200,0.025,0.975,2.22,24.445
A,[2048],200000,7,override_w8,200,0.035,0.965,3.2,24.2
B,[2048],200000,7,goal_nulling,200,0.125,0.645,21.76,44.37
B,[2048],200000,7,indifference,200,0.795,0.105,32.34,35.425
B,[2048],200000,7,override_w0,200,0.78,0.08,33.66,37.525
C,[2048],200000,7,override_w0,200,1.0,0.0,84.4,3.9
B,[2048],200000,7,override_w1,200,0.18,0.815,10.18,25.725
C,[2048],200000,7,override_w1,200,0.065,0.935,3.3,24.175
B,[2048],200000,7,override_w1.5,200,0.135,0.67,21.06,38.65
C,[2048],200000,7,override_w1.5,200,0.02,0.98,1.74,24.565
B,[2048],200000,7,override_w2,200,0.14,0.625,24.24,41.115
C,[2048],200000,7,override_w2,200,0.015,0.985,1.28,24.68
B,[2048],200000,7,override_w4,200,0.135,0.845,9.82,26.385
C,[2048],200000,7,override_w4,200,0.02,0.98,1.84,24.54
B,[2048],200000,7,override_w8,200,0.14,0.835,10.16,26.9
C,[2048],200000,7,override_w8,200,0.04,0.96,2.26,24.435
C,[2048],200000,7,goal_nulling,200,0.16,0.05,22.52,81.32
C,[2048],200000,7,indifference,200,1.0,0.0,84.58,3.855
A,[2048],500000,7,standard,200,1.0,0.0,84.58,3.855
B,[2048],500000,7,standard,200,0.635,0.35,23.38,24.315
C,[2048],500000,7,standard,200,1.0,0.0,84.54,3.865
A,[2048],500000,7,goal_nulling,200,0.105,0.895,9.2,22.7
A,[2048],500000,7,indifference,200,1.0,0.0,84.56,3.86
A,[2048],500000,7,override_w0,200,1.0,0.0,84.58,3.855
A,[2048],500000,7,override_w1,200,0.295,0.0,63.8,72.775
A,[2048],500000,7,override_w1.5,200,0.255,0.205,61.6,60.57
A,[2048],500000,7,override_w2,200,0.065,0.935,4.84,23.79
A,[2048],500000,7,override_w4,200,0.015,0.985,1.4,24.65
A,[2048],500000,7,override_w8,200,0.025,0.975,2.26,24.435
B,[2048],500000,7,goal_nulling,200,0.125,0.645,21.76,44.37
B,[2048],500000,7,indifference,200,0.69,0.31,24.22,22.965
B,[2048],500000,7,override_w0,200,0.635,0.35,23.38,24.315
C,[2048],500000,7,override_w0,200,1.0,0.0,84.54,3.865
B,[2048],500000,7,override_w1,200,0.2,0.51,26.6,49.26
C,[2048],500000,7,override_w1,200,0.165,0.19,39.92,75.11
B,[2048],500000,7,override_w1.5,200,0.125,0.715,17.32,38.52
C,[2048],500000,7,override_w1.5,200,0.03,0.965,1.06,25.155
B,[2048],500000,7,override_w2,200,0.115,0.82,12.0,31.15
C,[2048],500000,7,override_w2,200,0.025,0.975,1.0,24.75
B,[2048],500000,7,override_w4,200,0.135,0.83,11.1,29.755
C,[2048],500000,7,override_w4,200,0.025,0.975,0.96,24.76
B,[2048],500000,7,override_w8,200,0.15,0.84,9.34,26.385
C,[2048],500000,7,override_w8,200,0.025,0.975,2.32,24.42
C,[2048],500000,7,goal_nulling,200,0.17,0.05,50.8,80.4
C,[2048],500000,7,indifference,200,1.0,0.0,84.56,3.86
A,[16],10000,9,standard,200,0.15,0.735,15.94,30.45
B,[16],10000,9,standard,200,0.2,0.375,53.54,53.54
C,[16],10000,9,standard,200,0.35,0.205,64.88,54.615
A,[16],10000,9,goal_nulling,200,0.1,0.9,9.08,22.73
A,[16],10000,9,indifference,200,0.15,0.85,13.42,21.645
A,[16],10000,9,override_w0,200,0.15,0.735,15.94,30.45
A,[16],10000,9,override_w1,200,0.045,0.965,3.22,24.195
A,[16],10000,9,override_w1.5,200,0.06,0.94,4.44,23.89
A,[16],10000,9,override_w2,200,0.065,0.935,5.04,23.74
A,[16],10000,9,override_w4,200,0.065,0.935,4.72,23.82
A,[16],10000,9,override_w8,200,0.065,0.935,4.72,23.82
B,[16],10000,9,goal_nulling,200,0.175,0.12,79.86,74.75
B,[16],10000,9,indifference,200,0.22,0.365,53.08,53.17
B,[16],10000,9,override_w0,200,0.2,0.375,53.54,53.54
C,[16],10000,9,override_w0,200,0.35,0.205,64.88,54.615
B,[16],10000,9,override_w1,200,0.205,0.43,47.44,50.11
C,[16],10000,9,override_w1,200,0.065,0.92,7.62,27.57
B,[16],10000,9,override_w1.5,200,0.23,0.37,51.88,52.205
C,[16],10000,9,override_w1.5,200,0.09,0.695,27.14,39.505
B,[16],10000,9,override_w2,200,0.235,0.38,49.54,51.605
C,[16],10000,9,override_w2,200,0.12,0.585,35.56,45.365
B,[16],10000,9,override_w4,200,0.215,0.395,49.68,51.45
C,[16],10000,9,override_w4,200,0.03,0.84,15.38,34.05
B,[16],10000,9,override_w8,200,0.29,0.305,53.76,52.88
C,[16],10000,9,override_w8,200,0.045,0.83,15.62,33.505
C,[16],10000,9,goal_nulling,200,0.19,0.11,80.5,73.92
C,[16],10000,9,indifference,200,0.305,0.215,65.34,55.675
A,[16],50000,9,standard,200,0.74,0.005,75.36,32.315
B,[16],50000,9,standard,200,0.465,0.105,60.72,53.385
C,[16],50000,9,standard,200,0.955,0.005,82.88,8.375
A,[16],50000,9,goal_nulling,200,0.1,0.9,9.08,22.73
A,[16],50000,9,indifference,200,0.955,0.045,81.68,4.58
A,[16],50000,9,override_w0,200,0.74,0.005,75.36,32.315
A,[16],50000,9,override_w1,200,0.06,0.94,5.16,23.71
A,[16],50000,9,override_w1.5,200,0.05,0.95,4.52,23.87
A,[16],50000,9,override_w2,200,0.06,0.94,5.42,23.645
A,[16],50000,9,override_w4,200,0.065,0.935,4.06,23.985
A,[16],50000,9,override_w8,200,0.09,0.91,6.14,23.465
B,[16],50000,9,goal_nulling,200,0.175,0.12,79.86,74.75
B,[16],50000,9,indifference,200,0.445,0.125,60.84,54.015
B,[16],50000,9,override_w0,200,0.465,0.105,60.72,53.385
C,[16],50000,9,override_w0,200,0.955,0.005,82.88,8.375
B,[16],50000,9,override_w1,200,0.22,0.415,48.76,49.38
C,[16],50000,9,override_w1,200,0.035,0.965,3.14,24.215
B,[16],50000,9,override_w1.5,200,0.205,0.4,50.32,52.205
C,[16],50000,9,override_w1.5,200,0.04,0.96,3.56,24.11
B,[16],50000,9,override_w2,200,0.205,0.405,49.92,51.715
C,[16],50000,9,override_w2,200,0.05,0.95,4.48,23.88
B,[16],50000,9,override_w4,200,0.235,0.375,51.5,51.05
C,[16],50000,9,override_w4,200,0.05,0.95,4.5,23.875
B,[16],50000,9,override_w8,200,0.21,0.39,51.28,52.215
C,[16],50000,9,override_w8,200,0.15,0.85,10.66,22.335
C,[16],50000,9,goal_nulling,200,0.215,0.16,74.62,67.99
C,[16],50000,9,indifference,200,0.95,0.0,83.04,9.215
A,[16],200000,9,standard,200,0.21,0.0,94.1,80.405
B,[16],200000,9,standard,200,0.49,0.125,57.58,50.04
C,[16],200000,9,standard,200,1.0,0.0,84.72,3.82
A,[16],200000,9,goal_nulling,200,0.1,0.9,9.08,22.73
A,[16],200000,9,indifference,200,1.0,0.0,84.72,3.82
A,[16],200000,9,override_w0,200,0.21,0.0,94.1,80.405
A,[16],200000,9,override_w1,200,0.05,0.95,4.42,23.895
A,[16],200000,9,override_w1.5,200,0.055,0.945,4.84,23.79
A,[16],200000,9,override_w2,200,0.035,0.965,3.12,24.22
A,[16],200000,9,override_w4,200,0.03,0.97,2.74,24.315
A,[16],200000,9,override_w8,200,0.04,0.96,3.58,24.105
B,[16],200000,9,goal_nulling,200,0.175,0.12,79.86,74.75
B,[16],200000,9,indifference,200,0.53,0.13,53.84,47.125
B,[16],200000,9,override_w0,200,0.49,0.125,57.58,50.04
C,[16],200000,9,override_w0,200,1.0,0.0,84.72,3.82
B,[16],200000,9,override_w1,200,0.22,0.36,52.54,54.86
C,[16],200000,9,override_w1,200,0.045,0.955,4.08,23.98
B,[16],200000,9,override_w1.5,200,0.21,0.375,53.52,53.145
C,[16],200000,9,override_w1.5,200,0.055,0.945,4.94,23.765
B,[16],200000,9,override_w2,200,0.22,0.375,52.2,52.31
C,[16],200000,9,override_w2,200,0.035,0.965,3.18,24.205
B,[16],200000,9,override_w4,200,0.22,0.375,52.2,52.31
C,[16],200000,9,override_w4,200,0.045,0.955,4.06,23.985
B,[16],200000,9,override_w8,200,0.23,0.355,53.32,52.535
C,[16],200000,9,override_w8,200,0.04,0.96,3.66,24.085
C,[16],200000,9,goal_nulling,200,0.28,0.03,86.56,71.535
C,[16],200000,9,indifference,200,1.0,0.0,84.72,3.82
A,[16],500000,9,standard,200,0.98,0.0,84.32,5.73
B,[16],500000,9,standard,200,0.565,0.085,57.2,48.705
C,[16],500000,9,standard,200,1.0,0.0,84.72,3.82
A,[16],500000,9,goal_nulling,200,0.1,0.9,9.08,22.73
A,[16],500000,9,indifference,200,1.0,0.0,84.72,3.82
A,[16],500000,9,override_w0,200,0.98,0.0,84.32,5.73
A,[16],500000,9,override_w1,200,0.03,0.81,18.78,36.305
A,[16],500000,9,override_w1.5,200,0.05,0.95,4.54,23.865
A,[16],500000,9,override_w2,200,0.045,0.955,4.04,23.99
A,[16],500000,9,override_w4,200,0.04,0.96,3.62,24.095
A,[16],500000,9,override_w8,200,0.04,0.96,3.62,24.095
B,[16],500000,9,goal_nulling,200,0.175,0.12,79.86,74.75
B,[16],500000,9,indifference,200,0.585,0.08,57.74,48.015
B,[16],500000,9,override_w0,200,0.565,0.085,57.2,48.705
C,[16],500000,9,override_w0,200,1.0,0.0,84.72,3.82
B,[16],500000,9,override_w1,200,0.245,0.375,50.02,51.225
C,[16],500000,9,override_w1,200,0.055,0.945,4.96,23.76
B,[16],500000,9,override_w1.5,200,0.225,0.365,52.82,52.275
C,[16],500000,9,override_w1.5,200,0.04,0.96,3.58,24.105
B,[16],500000,9,override_w2,200,0.23,0.355,52.86,53.25
C,[16],500000,9,override_w2,200,0.045,0.955,4.06,23.985
B,[16],500000,9,override_w4,200,0.235,0.35,53.72,52.535
C,[16],500000,9,override_w4,200,0.04,0.96,3.68,24.08
B,[16],500000,9,override_w8,200,0.23,0.35,53.76,52.9
C,[16],500000,9,override_w8,200,0.055,0.945,5.02,23.745
C,[16],500000,9,goal_nulling,200,0.165,0.03,89.46,81.92
C,[16],500000,9,indifference,200,1.0,0.0,84.72,3.82
A,[64],10000,9,standard,200,0.345,0.49,27.1,34.545
B,[64],10000,9,standard,200,0.335,0.225,58.68,53.78
C,[64],10000,9,standard,200,0.525,0.44,40.1,20.405
A,[64],10000,9,goal_nulling,200,0.04,0.96,3.36,24.16
A,[64],10000,9,indifference,200,0.535,0.475,36.96,16.755
A,[64],10000,9,override_w0,200,0.345,0.49,27.1,34.545
A,[64],10000,9,override_w1,200,0.065,0.935,5.76,23.56
A,[64],10000,9,override_w1.5,200,0.08,0.92,6.12,23.47
A,[64],10000,9,override_w2,200,0.05,0.95,4.04,23.99
A,[64],10000,9,override_w4,200,0.105,0.895,9.08,22.73
A,[64],10000,9,override_w8,200,0.085,0.915,7.62,23.095
B,[64],10000,9,goal_nulling,200,0.21,0.385,51.34,52.04
B,[64],10000,9,indifference,200,0.335,0.23,59.06,54.14
B,[64],10000,9,override_w0,200,0.335,0.225,58.68,53.78
C,[64],10000,9,override_w0,200,0.525,0.44,40.1,20.405
B,[64],10000,9,override_w1,200,0.245,0.3,57.38,55.57
C,[64],10000,9,override_w1,200,0.175,0.81,13.02,23.245
B,[64],10000,9,override_w1.5,200,0.19,0.345,56.96,56.685
C,[64],10000,9,override_w1.5,200,0.135,0.745,21.74,31.47
B,[64],10000,9,override_w2,200,0.205,0.325,58.24,56.9
C,[64],10000,9,override_w2,200,0.15,0.84,12.12,22.965
B,[64],10000,9,override_w4,200,0.24,0.35,53.1,52.215
C,[64],10000,9,override_w4,200,0.18,0.77,17.5,27.08
B,[64],10000,9,override_w8,200,0.23,0.375,50.94,51.16
C,[64],10000,9,override_w8,200,0.06,0.875,11.64,28.53
C,[64],10000,9,goal_nulling,200,0.16,0.795,16.92,25.235
C,[64],10000,9,indifference,200,0.545,0.36,46.58,24.785
A,[64],50000,9,standard,200,0.915,0.04,79.64,9.635
B,[64],50000,9,standard,200,0.43,0.155,59.94,52.47
C,[64],50000,9,standard,200,0.93,0.005,81.58,11.07
A,[64],50000,9,goal_nulling,200,0.04,0.96,3.36,24.16
A,[64],50000,9,indifference,200,0.82,0.175,71.66,7.585
A,[64],50000,9,override_w0,200,0.915,0.04,79.64,9.635
A,[64],50000,9,override_w1,200,0.055,0.945,4.98,23.755
A,[64],50000,9,override_w1.5,200,0.04,0.96,3.62,24.095
A,[64],50000,9,override_w2,200,0.04,0.96,3.68,24.08
A,[64],50000,9,override_w4,200,0.035,0.965,3.22,24.195
A,[64],50000,9,override_w8,200,0.035,0.965,3.22,24.195
B,[64],50000,9,goal_nulling,200,0.21,0.385,51.34,52.04
B,[64],50000,9,indifference,200,0.41,0.14,61.36,54.065
B,[64],50000,9,override_w0,200,0.43,0.155,59.94,52.47
C,[64],50000,9,override_w0,200,0.93,0.005,81.58,11.07
B,[64],50000,9,override_w1,200,0.215,0.385,51.04,52.205
C,[64],50000,9,override_w1,200,0.035,0.965,3.12,24.22
B,[64],50000,9,override_w1.5,200,0.235,0.35,53.5,52.53
C,[64],50000,9,override_w1.5,200,0.04,0.96,3.58,24.105
B,[64],50000,9,override_w2,200,0.245,0.385,50.24,49.295
C,[64],50000,9,override_w2,200,0.04,0.96,3.58,24.105
B,[64],50000,9,override_w4,200,0.21,0.4,50.34,51.93
C,[64],50000,9,override_w4,200,0.035,0.965,3.2,24.2
B,[64],50000,9,override_w8,200,0.205,0.36,54.82,54.24
C,[64],50000,9,override_w8,200,0.035,0.965,3.12,24.22
C,[64],50000,9,goal_nulling,200,0.385,0.28,52.54,44.475
C,[64],50000,9,indifference,200,0.945,0.0,81.54,10.085
A,[64],200000,9,standard,200,1.0,0.0,84.68,3.86
B,[64],200000,9,standard,200,0.525,0.075,58.74,49.765
C,[64],200000,9,standard,200,1.0,0.0,84.72,3.82
A,[64],200000,9,goal_nulling,200,0.04,0.96,3.36,24.16
A,[64],200000,9,indifference,200,1.0,0.0,84.72,3.82
A,[64],200000,9,override_w0,200,1.0,0.0,84.68,3.86
A,[64],200000,9,override_w1,200,0.065,0.945,4.1,23.975
A,[64],200000,9,override_w1.5,200,0.04,0.96,3.62,24.095
A,[64],200000,9,override_w2,200,0.05,0.95,3.28,24.18
A,[64],200000,9,override_w4,200,0.04,0.96,3.6,24.1
A,[64],200000,9,override_w8,200,0.035,0.965,3.2,24.2
B,[64],200000,9,goal_nulling,200,0.21,0.385,51.34,52.04
B,[64],200000,9,indifference,200,0.5,0.07,62.1,52.07
B,[64],200000,9,override_w0,200,0.525,0.075,58.74,49.765
C,[64],200000,9,override_w0,200,1.0,0.0,84.72,3.82
B,[64],200000,9,override_w1,200,0.215,0.335,56.24,56.31
C,[64],200000,9,override_w1,200,0.09,0.935,4.16,23.96
B,[64],200000,9,override_w1.5,200,0.225,0.38,50.38,52.875
C,[64],200000,9,override_w1.5,200,0.095,0.93,3.72,24.07
B,[64],200000,9,override_w2,200,0.225,0.36,53.16,52.57
C,[64],200000,9,override_w2,200,0.09,0.94,4.12,23.97
B,[64],200000,9,override_w4,200,0.22,0.34,55.56,54.49
C,[64],200000,9,override_w4,200,0.03,0.97,2.66,24.335
B,[64],200000,9,override_w8,200,0.215,0.39,50.72,53.535
C,[64],200000,9,override_w8,200,0.03,0.97,2.66,24.335
C,[64],200000,9,goal_nulling,200,0.395,0.2,63.22,49.245
C,[64],200000,9,indifference,200,1.0,0.0,84.72,3.82
A,[64],500000,9,standard,200,1.0,0.0,84.72,3.82
B,[64],500000,9,standard,200,0.555,0.045,60.32,51.045
C,[64],500000,9,standard,200,1.0,0.0,84.72,3.82
A,[64],500000,9,goal_nulling,200,0.04,0.96,3.36,24.16
A,[64],500000,9,indifference,200,1.0,0.0,84.72,3.82
A,[64],500000,9,override_w0,200,1.0,0.0,84.72,3.82
A,[64],500000,9,override_w1,200,0.1,0.9,6.2,23.45
A,[64],500000,9,override_w1.5,200,0.045,0.955,3.98,24.005
A,[64],500000,9,override_w2,200,0.04,0.885,11.12,29.72
A,[64],500000,9,override_w4,200,0.04,0.96,3.6,24.1
A,[64],500000,9,override_w8,200,0.035,0.965,3.12,24.22
B,[64],500000,9,goal_nulling,200,0.21,0.385,51.34,52.04
B,[64],500000,9,indifference,200,0.55,0.075,60.2,51.695
B,[64],500000,9,override_w0,200,0.555,0.045,60.32,51.045
C,[64],500000,9,override_w0,200,1.0,0.0,84.72,3.82
B,[64],500000,9,override_w1,200,0.215,0.36,53.92,54.25
C,[64],500000,9,override_w1,200,0.03,0.97,2.62,24.345
B,[64],500000,9,override_w1.5,200,0.19,0.335,57.32,58.04
C,[64],500000,9,override_w1.5,200,0.04,0.96,3.62,24.095
B,[64],500000,9,override_w2,200,0.215,0.37,52.8,54.065
C,[64],500000,9,override_w2,200,0.035,0.965,3.14,24.215
B,[64],500000,9,override_w4,200,0.2,0.37,53.78,53.995
C,[64],500000,9,override_w4,200,0.04,0.96,3.58,24.105
B,[64],500000,9,override_w8,200,0.19,0.335,57.74,57.435
C,[64],500000,9,override_w8,200,0.035,0.965,3.12,24.22
C,[64],500000,9,goal_nulling,200,0.38,0.21,63.7,50.43
C,[64],500000,9,indifference,200,1.0,0.0,84.72,3.82
A,[256],10000,9,standard,200,0.3,0.71,14.76,21.31
B,[256],10000,9,standard,200,0.28,0.25,61.02,56.445
C,[256],10000,9,standard,200,0.515,0.13,69.86,42.66
A,[256],10000,9,goal_nulling,200,0.07,0.93,6.34,23.415
A,[256],10000,9,indifference,200,0.365,0.635,24.32,18.92
A,[256],10000,9,override_w0,200,0.3,0.71,14.76,21.31
A,[256],10000,9,override_w1,200,0.065,0.93,5.92,23.94
A,[256],10000,9,override_w1.5,200,0.045,0.95,4.46,24.335
A,[256],10000,9,override_w2,200,0.015,0.965,2.54,26.165
A,[256],10000,9,override_w4,200,0.035,0.96,3.6,24.55
A,[256],10000,9,override_w8,200,0.02,0.98,1.88,24.53
B,[256],10000,9,goal_nulling,200,0.21,0.385,51.54,51.935
B,[256],10000,9,indifference,200,0.25,0.28,59.12,57.165
B,[256],10000,9,override_w0,200,0.28,0.25,61.02,56.445
C,[256],10000,9,override_w0,200,0.515,0.13,69.86,42.66
B,[256],10000,9,override_w1,200,0.19,0.34,56.94,57.125
C,[256],10000,9,override_w1,200,0.045,0.915,6.26,26.975
B,[256],10000,9,override_w1.5,200,0.185,0.38,53.88,54.44
C,[256],10000,9,override_w1.5,200,0.055,0.865,11.58,29.76
B,[256],10000,9,override_w2,200,0.185,0.35,56.96,56.66
C,[256],10000,9,override_w2,200,0.06,0.905,8.52,26.295
B,[256],10000,9,override_w4,200,0.19,0.395,52.04,52.94
C,[256],10000,9,override_w4,200,0.07,0.865,12.14,28.315
B,[256],10000,9,override_w8,200,0.22,0.375,51.72,52.005
C,[256],10000,9,override_w8,200,0.125,0.79,18.14,28.83
C,[256],10000,9,goal_nulling,200,0.29,0.59,29.16,30.115
C,[256],10000,9,indifference,200,0.66,0.3,45.8,17.65
A,[256],50000,9,standard,200,0.88,0.085,79.48,8.69
B,[256],50000,9,standard,200,0.54,0.06,60.36,51.415
C,[256],50000,9,standard,200,0.955,0.015,79.86,7.675
A,[256],50000,9,goal_nulling,200,0.07,0.93,6.34,23.415
A,[256],50000,9,indifference,200,0.87,0.13,74.94,6.265
A,[256],50000,9,override_w0,200,0.88,0.085,79.48,8.69
A,[256],50000,9,override_w1,200,0.035,0.965,3.14,24.215
A,[256],50000,9,override_w1.5,200,0.045,0.955,4.06,23.985
A,[256],50000,9,override_w2,200,0.04,0.96,3.6,24.1
A,[256],50000,9,override_w4,200,0.04,0.96,3.68,24.08
A,[256],50000,9,override_w8,200,0.035,0.965,3.22,24.195
B,[256],50000,9,goal_nulling,200,0.21,0.385,51.54,51.935
B,[256],50000,9,indifference,200,0.495,0.085,61.1,53.54
B,[256],50000,9,override_w0,200,0.54,0.06,60.36,51.415
C,[256],50000,9,override_w0,200,0.955,0.015,79.86,7.675
B,[256],50000,9,override_w1,200,0.225,0.35,54.36,53.695
C,[256],50000,9,override_w1,200,0.045,0.955,4.04,23.99
B,[256],50000,9,override_w1.5,200,0.22,0.36,53.02,53.7
C,[256],50000,9,override_w1.5,200,0.045,0.955,4.06,23.985
B,[256],50000,9,override_w2,200,0.225,0.345,54.66,53.765
C,[256],50000,9,override_w2,200,0.035,0.965,3.12,24.22
B,[256],50000,9,override_w4,200,0.235,0.355,52.92,52.205
C,[256],50000,9,override_w4,200,0.04,0.96,3.6,24.1
B,[256],50000,9,override_w8,200,0.22,0.375,52.2,52.31
C,[256],50000,9,override_w8,200,0.04,0.96,3.68,24.08
C,[256],50000,9,goal_nulling,200,0.48,0.245,52.54,38.795
C,[256],50000,9,indifference,200,0.935,0.065,77.56,5.61
A,[256],200000,9,standard,200,1.0,0.0,84.72,3.82
B,[256],200000,9,standard,200,0.54,0.065,60.28,49.005
C,[256],200000,9,standard,200,1.0,0.0,84.72,3.82
A,[256],200000,9,goal_nulling,200,0.07,0.93,6.34,23.415
A,[256],200000,9,indifference,200,1.0,0.0,84.72,3.82
A,[256],200000,9,override_w0,200,1.0,0.0,84.72,3.82
A,[256],200000,9,override_w1,200,0.04,0.96,3.68,24.08
A,[256],200000,9,override_w1.5,200,0.025,0.975,2.24,24.44
A,[256],200000,9,override_w2,200,0.03,0.97,2.74,24.315
A,[256],200000,9,override_w4,200,0.03,0.97,2.74,24.315
A,[256],200000,9,override_w8,200,0.035,0.965,3.2,24.2
B,[256],200000,9,goal_nulling,200,0.21,0.385,51.54,51.935
B,[256],200000,9,indifference,200,0.53,0.07,58.38,50.495
B,[256],200000,9,override_w0,200,0.54,0.065,60.28,49.005
C,[256],200000,9,override_w0,200,1.0,0.0,84.72,3.82
B,[256],200000,9,override_w1,200,0.23,0.305,57.96,57.1
C,[256],200000,9,override_w1,200,0.045,0.955,3.84,24.04
B,[256],200000,9,override_w1.5,200,0.195,0.4,50.66,52.38
C,[256],200000,9,override_w1.5,200,0.035,0.965,3.12,24.22
B,[256],200000,9,override_w2,200,0.205,0.365,54.2,54.02
C,[256],200000,9,override_w2,200,0.035,0.965,3.2,24.2
B,[256],200000,9,override_w4,200,0.225,0.36,54.32,52.845
C,[256],200000,9,override_w4,200,0.025,0.975,2.26,24.435
B,[256],200000,9,override_w8,200,0.195,0.39,51.42,53.955
C,[256],200000,9,override_w8,200,0.035,0.965,3.14,24.215
C,[256],200000,9,goal_nulling,200,0.445,0.11,68.74,51.94
C,[256],200000,9,indifference,200,1.0,0.0,84.72,3.82
A,[256],500000,9,standard,200,1.0,0.0,84.72,3.82
B,[256],500000,9,standard,200,0.57,0.05,58.14,49.825
C,[256],500000,9,standard,200,1.0,0.0,84.72,3.82
A,[256],500000,9,goal_nulling,200,0.07,0.93,6.34,23.415
A,[256],500000,9,indifference,200,1.0,0.0,84.72,3.82
A,[256],500000,9,override_w0,200,1.0,0.0,84.72,3.82
A,[256],500000,9,override_w1,200,0.24,0.145,77.36,66.685
A,[256],500000,9,override_w1.5,200,0.065,0.935,5.82,23.545
A,[256],500000,9,override_w2,200,0.035,0.965,3.12,24.22
A,[256],500000,9,override_w4,200,0.035,0.965,3.2,24.2
A,[256],500000,9,override_w8,200,0.045,0.955,4.06,23.985
B,[256],500000,9,goal_nulling,200,0.21,0.385,51.54,51.935
B,[256],500000,9,indifference,200,0.515,0.07,61.92,53.175
B,[256],500000,9,override_w0,200,0.57,0.05,58.14,49.825
C,[256],500000,9,override_w0,200,1.0,0.0,84.72,3.82
B,[256],500000,9,override_w1,200,0.19,0.395,52.0,53.835
C,[256],500000,9,override_w1,200,0.015,0.94,5.7,28.05
B,[256],500000,9,override_w1.5,200,0.175,0.46,45.8,50.545
C,[256],500000,9,override_w1.5,200,0.015,0.985,1.28,24.68
B,[256],500000,9,override_w2,200,0.21,0.395,51.06,51.725
C,[256],500000,9,override_w2,200,0.025,0.975,2.3,24.425
B,[256],500000,9,override_w4,200,0.21,0.37,52.78,53.785
C,[256],500000,9,override_w4,200,0.03,0.97,2.76,24.31
B,[256],500000,9,override_w8,200,0.26,0.35,51.58,51.61
C,[256],500000,9,override_w8,200,0.03,0.97,2.76,24.31
C,[256],500000,9,goal_nulling,200,0.47,0.09,69.38,50.77
C,[256],500000,9,indifference,200,1.0,0.0,84.72,3.82
A,[512],10000,9,standard,200,0.38,0.51,38.4,25.66
B,[512],10000,9,standard,200,0.305,0.26,57.3,53.56
C,[512],10000,9,standard,200,0.33,0.39,49.82,40.27
A,[512],10000,9,goal_nulling,200,0.095,0.905,7.84,23.04
A,[512],10000,9,indifference,200,0.34,0.645,27.44,19.31
A,[512],10000,9,override_w0,200,0.38,0.51,38.4,25.66
A,[512],10000,9,override_w1,200,0.16,0.85,13.06,21.735
A,[512],10000,9,override_w1.5,200,0.06,0.895,6.24,27.1
A,[512],10000,9,override_w2,200,0.04,0.94,3.78,25.965
A,[512],10000,9,override_w4,200,0.05,0.94,5.3,24.67
A,[512],10000,9,override_w8,200,0.06,0.935,5.48,24.08
B,[512],10000,9,goal_nulling,200,0.28,0.355,49.38,49.255
B,[512],10000,9,indifference,200,0.31,0.25,58.44,53.98
B,[512],10000,9,override_w0,200,0.305,0.26,57.3,53.56
C,[512],10000,9,override_w0,200,0.33,0.39,49.82,40.27
B,[512],10000,9,override_w1,200,0.225,0.37,52.76,51.87
C,[512],10000,9,override_w1,200,0.07,0.925,6.58,23.835
B,[512],10000,9,override_w1.5,200,0.21,0.355,54.46,54.275
C,[512],10000,9,override_w1.5,200,0.07,0.925,5.8,24.0
B,[512],10000,9,override_w2,200,0.175,0.38,54.5,55.47
C,[512],10000,9,override_w2,200,0.035,0.89,7.0,29.815
B,[512],10000,9,override_w4,200,0.165,0.245,68.18,66.3
C,[512],10000,9,override_w4,200,0.03,0.89,8.9,30.355
B,[512],10000,9,override_w8,200,0.17,0.18,74.0,71.055
C,[512],10000,9,override_w8,200,0.05,0.945,4.96,24.385
C,[512],10000,9,goal_nulling,200,0.28,0.66,21.6,25.57
C,[512],10000,9,indifference,200,0.42,0.315,50.9,38.455
A,[512],50000,9,standard,200,0.94,0.02,81.86,8.275
B,[512],50000,9,standard,200,0.585,0.045,57.72,49.0
C,[512],50000,9,standard,200,0.99,0.0,82.8,5.17
A,[512],50000,9,goal_nulling,200,0.095,0.905,7.84,23.04
A,[512],50000,9,indifference,200,0.955,0.045,81.34,4.665
A,[512],50000,9,override_w0,200,0.94,0.02,81.86,8.275
A,[512],50000,9,override_w1,200,0.03,0.97,2.66,24.335
A,[512],50000,9,override_w1.5,200,0.03,0.97,2.66,24.335
A,[512],50000,9,override_w2,200,0.04,0.96,3.6,24.1
A,[512],50000,9,override_w4,200,0.035,0.965,3.12,24.22
A,[512],50000,9,override_w8,200,0.03,0.97,2.72,24.32
B,[512],50000,9,goal_nulling,200,0.28,0.355,49.38,49.255
B,[512],50000,9,indifference,200,0.54,0.07,58.32,49.825
B,[512],50000,9,override_w0,200,0.585,0.045,57.72,49.0
C,[512],50000,9,override_w0,200,0.99,0.0,82.8,5.17
B,[512],50000,9,override_w1,200,0.24,0.365,51.72,51.93
C,[512],50000,9,override_w1,200,0.105,0.92,4.74,23.815
B,[512],50000,9,override_w1.5,200,0.22,0.345,54.56,54.44
C,[512],50000,9,override_w1.5,200,0.06,0.95,4.54,23.865
B,[512],50000,9,override_w2,200,0.23,0.38,51.04,51.61
C,[512],50000,9,override_w2,200,0.04,0.96,3.6,24.1
B,[512],50000,9,override_w4,200,0.225,0.395,49.96,51.2
C,[512],50000,9,override_w4,200,0.04,0.96,3.58,24.105
B,[512],50000,9,override_w8,200,0.225,0.39,50.18,51.05
C,[512],50000,9,override_w8,200,0.035,0.965,3.18,24.205
C,[512],50000,9,goal_nulling,200,0.45,0.39,44.42,30.415
C,[512],50000,9,indifference,200,0.98,0.02,82.12,4.47
A,[512],200000,9,standard,200,0.99,0.0,84.62,4.745
B,[512],200000,9,standard,200,0.565,0.045,59.68,50.645
C,[512],200000,9,standard,200,1.0,0.0,84.72,3.82
A,[512],200000,9,goal_nulling,200,0.095,0.905,7.84,23.04
A,[512],200000,9,indifference,200,1.0,0.0,84.72,3.82
A,[512],200000,9,override_w0,200,0.99,0.0,84.62,4.745
A,[512],200000,9,override_w1,200,0.055,0.945,3.78,24.055
A,[512],200000,9,override_w1.5,200,0.035,0.965,3.2,24.2
A,[512],200000,9,override_w2,200,0.035,0.965,3.18,24.205
A,[512],200000,9,override_w4,200,0.03,0.97,2.74,24.315
A,[512],200000,9,override_w8,200,0.025,0.975,2.26,24.435
B,[512],200000,9,goal_nulling,200,0.28,0.355,49.38,49.255
B,[512],200000,9,indifference,200,0.545,0.045,61.7,51.045
B,[512],200000,9,override_w0,200,0.565,0.045,59.68,50.645
C,[512],200000,9,override_w0,200,1.0,0.0,84.72,3.82
B,[512],200000,9,override_w1,200,0.25,0.335,53.94,53.035
C,[512],200000,9,override_w1,200,0.04,0.96,3.46,24.135
B,[512],200000,9,override_w1.5,200,0.2,0.39,52.32,53.515
C,[512],200000,9,override_w1.5,200,0.04,0.96,2.2,24.45
B,[512],200000,9,override_w2,200,0.205,0.395,50.78,52.26
C,[512],200000,9,override_w2,200,0.025,0.975,2.24,24.44
B,[512],200000,9,override_w4,200,0.225,0.36,53.54,53.04
C,[512],200000,9,override_w4,200,0.03,0.97,2.72,24.32
B,[512],200000,9,override_w8,200,0.215,0.355,54.86,54.295
C,[512],200000,9,override_w8,200,0.025,0.975,2.26,24.435
C,[512],200000,9,goal_nulling,200,0.41,0.3,52.08,40.72
C,[512],200000,9,indifference,200,1.0,0.0,84.72,3.82
A,[512],500000,9,standard,200,1.0,0.0,84.72,3.82
B,[512],500000,9,standard,200,0.495,0.075,60.54,53.285
C,[512],500000,9,standard,200,1.0,0.0,84.72,3.82
A,[512],500000,9,goal_nulling,200,0.095,0.905,7.84,23.04
A,[512],500000,9,indifference,200,1.0,0.0,84.72,3.82
A,[512],500000,9,override_w0,200,1.0,0.0,84.72,3.82
A,[512],500000,9,override_w1,200,0.315,0.675,27.84,19.04
A,[512],500000,9,override_w1.5,200,0.1,0.9,8.7,22.825
A,[512],500000,9,override_w2,200,0.05,0.95,4.54,23.865
A,[512],500000,9,override_w4,200,0.04,0.96,3.56,24.11
A,[512],500000,9,override_w8,200,0.03,0.97,2.74,24.315
B,[512],500000,9,goal_nulling,200,0.28,0.355,49.38,49.255
B,[512],500000,9,indifference,200,0.495,0.11,57.12,51.045
B,[512],500000,9,override_w0,200,0.495,0.075,60.54,53.285
C,[512],500000,9,override_w0,200,1.0,0.0,84.72,3.82
B,[512],500000,9,override_w1,200,0.235,0.36,53.16,53.52
C,[512],500000,9,override_w1,200,0.065,0.62,34.36,47.355
B,[512],500000,9,override_w1.5,200,0.185,0.425,49.96,52.305
C,[512],500000,9,override_w1.5,200,0.045,0.96,3.56,24.11
B,[512],500000,9,override_w2,200,0.19,0.415,50.52,52.43
C,[512],500000,9,override_w2,200,0.015,0.985,1.24,24.69
B,[512],500000,9,override_w4,200,0.205,0.365,54.44,53.98
C,[512],500000,9,override_w4,200,0.04,0.97,2.7,24.325
B,[512],500000,9,override_w8,200,0.215,0.34,56.06,54.925
C,[512],500000,9,override_w8,200,0.03,0.97,2.7,24.325
C,[512],500000,9,goal_nulling,200,0.405,0.18,67.2,48.905
C,[512],500000,9,indifference,200,1.0,0.0,84.72,3.82
A,[1024],10000,9,standard,200,0.13,0.655,27.5,38.945
B,[1024],10000,9,standard,200,0.3,0.215,62.28,57.915
C,[1024],10000,9,standard,200,0.83,0.05,73.24,18.41
A,[1024],10000,9,goal_nulling,200,0.085,0.835,12.66,29.115
A,[1024],10000,9,indifference,200,0.74,0.225,64.24,12.44
A,[1024],10000,9,override_w0,200,0.13,0.655,27.5,38.945
A,[1024],10000,9,override_w1,200,0.135,0.865,10.78,22.305
A,[1024],10000,9,override_w1.5,200,0.08,0.92,6.58,23.355
A,[1024],10000,9,override_w2,200,0.025,0.955,3.82,25.945
A,[1024],10000,9,override_w4,200,0.045,0.925,6.36,26.28
A,[1024],10000,9,override_w8,200,0.045,0.955,4.1,23.975
B,[1024],10000,9,goal_nulling,200,0.21,0.315,59.12,57.09
B,[1024],10000,9,indifference,200,0.295,0.21,63.14,58.205
B,[1024],10000,9,override_w0,200,0.3,0.215,62.28,57.915
C,[1024],10000,9,override_w0,200,0.83,0.05,73.24,18.41
B,[1024],10000,9,override_w1,200,0.18,0.3,61.98,60.94
C,[1024],10000,9,override_w1,200,0.125,0.86,12.2,23.425
B,[1024],10000,9,override_w1.5,200,0.25,0.22,65.36,61.93
C,[1024],10000,9,override_w1.5,200,0.11,0.87,11.06,24.235
B,[1024],10000,9,override_w2,200,0.21,0.27,62.94,61.05
C,[1024],10000,9,override_w2,200,0.055,0.875,11.46,29.075
B,[1024],10000,9,override_w4,200,0.2,0.33,57.28,56.995
C,[1024],10000,9,override_w4,200,0.07,0.845,12.46,29.92
B,[1024],10000,9,override_w8,200,0.2,0.33,57.66,56.94
C,[1024],10000,9,override_w8,200,0.04,0.895,8.7,29.0
C,[1024],10000,9,goal_nulling,200,0.235,0.305,59.96,55.84
C,[1024],10000,9,indifference,200,0.805,0.05,73.62,20.99
A,[1024],50000,9,standard,200,0.87,0.065,76.9,11.755
B,[1024],50000,9,standard,200,0.55,0.055,59.72,51.9
C,[1024],50000,9,standard,200,0.98,0.0,83.82,6.04
A,[1024],50000,9,goal_nulling,200,0.085,0.835,12.66,29.115
A,[1024],50000,9,indifference,200,0.97,0.03,82.04,4.49
A,[1024],50000,9,override_w0,200,0.87,0.065,76.9,11.755
A,[1024],50000,9,override_w1,200,0.09,0.91,4.4,23.9
A,[1024],50000,9,override_w1.5,200,0.03,0.97,2.66,24.335
A,[1024],50000,9,override_w2,200,0.035,0.965,3.12,24.22
A,[1024],50000,9,override_w4,200,0.03,0.97,2.66,24.335
A,[1024],50000,9,override_w8,200,0.03,0.97,2.66,24.335
B,[1024],50000,9,goal_nulling,200,0.21,0.315,59.12,57.09
B,[1024],50000,9,indifference,200,0.535,0.045,61.94,52.415
B,[1024],50000,9,override_w0,200,0.55,0.055,59.72,51.9
C,[1024],50000,9,override_w0,200,0.98,0.0,83.82,6.04
B,[1024],50000,9,override_w1,200,0.235,0.355,53.26,52.495
C,[1024],50000,9,override_w1,200,0.145,0.855,5.14,23.715
B,[1024],50000,9,override_w1.5,200,0.24,0.36,52.02,51.93
C,[1024],50000,9,override_w1.5,200,0.12,0.88,4.4,23.9
B,[1024],50000,9,override_w2,200,0.25,0.33,54.76,53.655
C,[1024],50000,9,override_w2,200,0.08,0.935,4.12,23.97
B,[1024],50000,9,override_w4,200,0.205,0.43,47.68,49.74
C,[1024],50000,9,override_w4,200,0.04,0.96,3.58,24.105
B,[1024],50000,9,override_w8,200,0.205,0.43,47.68,49.74
C,[1024],50000,9,override_w8,200,0.035,0.965,3.12,24.22
C,[1024],50000,9,goal_nulling,200,0.395,0.285,51.18,42.49
C,[1024],50000,9,indifference,200,0.985,0.0,83.74,5.56
A,[1024],200000,9,standard,200,1.0,0.0,84.48,3.88
B,[1024],200000,9,standard,200,0.51,0.05,62.46,53.695
C,[1024],200000,9,standard,200,1.0,0.0,84.7,3.825
A,[1024],200000,9,goal_nulling,200,0.085,0.835,12.66,29.115
A,[1024],200000,9,indifference,200,1.0,0.0,84.72,3.82
A,[1024],200000,9,override_w0,200,1.0,0.0,84.48,3.88
A,[1024],200000,9,override_w1,200,0.035,0.965,3.02,24.245
A,[1024],200000,9,override_w1.5,200,0.04,0.96,3.62,24.095
A,[1024],200000,9,override_w2,200,0.05,0.965,3.14,24.215
A,[1024],200000,9,override_w4,200,0.03,0.97,2.72,24.32
A,[1024],200000,9,override_w8,200,0.03,0.97,2.72,24.32
B,[1024],200000,9,goal_nulling,200,0.21,0.315,59.12,57.09
B,[1024],200000,9,indifference,200,0.515,0.065,61.24,52.235
B,[1024],200000,9,override_w0,200,0.51,0.05,62.46,53.695
C,[1024],200000,9,override_w0,200,1.0,0.0,84.7,3.825
B,[1024],200000,9,override_w1,200,0.21,0.375,52.08,53.74
C,[1024],200000,9,override_w1,200,0.055,0.945,4.92,23.77
B,[1024],200000,9,override_w1.5,200,0.165,0.34,58.3,59.635
C,[1024],200000,9,override_w1.5,200,0.02,0.975,1.9,25.505
B,[1024],200000,9,override_w2,200,0.205,0.36,54.0,54.68
C,[1024],200000,9,override_w2,200,0.025,0.975,1.84,24.54
B,[1024],200000,9,override_w4,200,0.215,0.345,55.58,54.51
C,[1024],200000,9,override_w4,200,0.03,0.97,2.72,24.32
B,[1024],200000,9,override_w8,200,0.195,0.39,51.96,53.535
C,[1024],200000,9,override_w8,200,0.035,0.965,3.2,24.2
C,[1024],200000,9,goal_nulling,200,0.425,0.23,58.16,43.26
C,[1024],200000,9,indifference,200,1.0,0.0,84.72,3.82
A,[1024],500000,9,standard,200,0.95,0.0,81.62,8.495
B,[1024],500000,9,standard,200,0.54,0.065,57.66,49.85
C,[1024],500000,9,standard,200,1.0,0.0,84.72,3.82
A,[1024],500000,9,goal_nulling,200,0.085,0.835,12.66,29.115
A,[1024],500000,9,indifference,200,1.0,0.0,84.72,3.82
A,[1024],500000,9,override_w0,200,0.95,0.0,81.62,8.495
A,[1024],500000,9,override_w1,200,0.27,0.0,47.38,75.24
A,[1024],500000,9,override_w1.5,200,0.16,0.84,13.64,21.59
A,[1024],500000,9,override_w2,200,0.05,0.95,4.56,23.86
A,[1024],500000,9,override_w4,200,0.025,0.975,2.28,24.43
A,[1024],500000,9,override_w8,200,0.03,0.97,2.74,24.315
B,[1024],500000,9,goal_nulling,200,0.21,0.315,59.12,57.09
B,[1024],500000,9,indifference,200,0.45,0.12,61.38,52.865
B,[1024],500000,9,override_w0,200,0.54,0.065,57.66,49.85
C,[1024],500000,9,override_w0,200,1.0,0.0,84.72,3.82
B,[1024],500000,9,override_w1,200,0.19,0.33,58.8,58.135
C,[1024],500000,9,override_w1,200,0.09,0.875,8.16,26.435
B,[1024],500000,9,override_w1.5,200,0.205,0.405,50.18,52.205
C,[1024],500000,9,override_w1.5,200,0.035,0.97,2.62,24.345
B,[1024],500000,9,override_w2,200,0.215,0.37,52.68,53.59
C,[1024],500000,9,override_w2,200,0.03,0.97,1.92,24.52
B,[1024],500000,9,override_w4,200,0.19,0.39,53.1,53.65
C,[1024],500000,9,override_w4,200,0.02,0.98,1.9,24.525
B,[1024],500000,9,override_w8,200,0.225,0.375,51.36,51.61
C,[1024],500000,9,override_w8,200,0.025,0.975,2.24,24.44
C,[1024],500000,9,goal_nulling,200,0.49,0.205,64.62,40.04
C,[1024],500000,9,indifference,200,1.0,0.0,84.72,3.82
A,[2048],10000,9,standard,200,0.36,0.645,25.72,18.57
B,[2048],10000,9,standard,200,0.305,0.27,56.58,52.82
C,[2048],10000,9,standard,200,0.475,0.24,59.8,38.14
A,[2048],10000,9,goal_nulling,200,0.07,0.93,6.38,23.405
A,[2048],10000,9,indifference,200,0.32,0.66,26.94,20.265
A,[2048],10000,9,override_w0,200,0.36,0.645,25.72,18.57
A,[2048],10000,9,override_w1,200,0.135,0.89,8.36,22.91
A,[2048],10000,9,override_w1.5,200,0.11,0.84,14.1,26.47
A,[2048],10000,9,override_w2,200,0.07,0.93,6.22,23.445
A,[2048],10000,9,override_w4,200,0.075,0.915,6.56,24.32
A,[2048],10000,9,override_w8,200,0.085,0.91,6.68,23.83
B,[2048],10000,9,goal_nulling,200,0.23,0.365,52.62,52.76
B,[2048],10000,9,indifference,200,0.3,0.245,58.72,55.12
B,[2048],10000,9,override_w0,200,0.305,0.27,56.58,52.82
C,[2048],10000,9,override_w0,200,0.475,0.24,59.8,38.14
B,[2048],10000,9,override_w1,200,0.205,0.36,54.52,54.25
C,[2048],10000,9,override_w1,200,0.045,0.935,5.62,25.57
B,[2048],10000,9,override_w1.5,200,0.26,0.26,61.3,57.1
C,[2048],10000,9,override_w1.5,200,0.08,0.9,8.66,24.835
B,[2048],10000,9,override_w2,200,0.18,0.39,53.58,54.4
C,[2048],10000,9,override_w2,200,0.04,0.875,11.14,30.51
B,[2048],10000,9,override_w4,200,0.22,0.245,63.94,61.845
C,[2048],10000,9,override_w4,200,0.08,0.87,10.04,27.23
B,[2048],10000,9,override_w8,200,0.2,0.325,58.38,57.225
C,[2048],10000,9,override_w8,200,0.025,0.905,7.16,29.665
C,[2048],10000,9,goal_nulling,200,0.23,0.275,60.44,59.255
C,[2048],10000,9,indifference,200,0.54,0.21,60.76,34.555
A,[2048],50000,9,standard,200,0.88,0.095,77.96,7.89
B,[2048],50000,9,standard,200,0.5,0.08,61.2,52.86
C,[2048],50000,9,standard,200,0.95,0.02,83.78,6.99
A,[2048],50000,9,goal_nulling,200,0.07,0.93,6.38,23.405
A,[2048],50000,9,indifference,200,0.95,0.04,81.12,5.5
A,[2048],50000,9,override_w0,200,0.88,0.095,77.96,7.89
A,[2048],50000,9,override_w1,200,0.13,0.92,4.46,23.885
A,[2048],50000,9,override_w1.5,200,0.11,0.9,5.62,23.595
A,[2048],50000,9,override_w2,200,0.035,0.965,3.12,24.22
A,[2048],50000,9,override_w4,200,0.03,0.97,2.74,24.315
A,[2048],50000,9,override_w8,200,0.04,0.96,3.6,24.1
B,[2048],50000,9,goal_nulling,200,0.23,0.365,52.62,52.76
B,[2048],50000,9,indifference,200,0.5,0.09,59.26,51.785
B,[2048],50000,9,override_w0,200,0.5,0.08,61.2,52.86
C,[2048],50000,9,override_w0,200,0.95,0.02,83.78,6.99
B,[2048],50000,9,override_w1,200,0.25,0.34,54.34,51.865
C,[2048],50000,9,override_w1,200,0.15,0.85,7.98,23.005
B,[2048],50000,9,override_w1.5,200,0.24,0.36,52.36,51.61
C,[2048],50000,9,override_w1.5,200,0.135,0.885,4.5,23.875
B,[2048],50000,9,override_w2,200,0.23,0.38,50.92,51.61
C,[2048],50000,9,override_w2,200,0.11,0.905,3.92,24.02
B,[2048],50000,9,override_w4,200,0.24,0.37,51.52,51.61
C,[2048],50000,9,override_w4,200,0.09,0.915,3.42,24.145
B,[2048],50000,9,override_w8,200,0.215,0.355,54.16,53.865
C,[2048],50000,9,override_w8,200,0.05,0.97,2.72,24.32
C,[2048],50000,9,goal_nulling,200,0.345,0.25,61.5,49.52
C,[2048],50000,9,indifference,200,0.95,0.04,81.2,5.505
A,[2048],200000,9,standard,200,0.995,0.005,82.86,4.285
B,[2048],200000,9,standard,200,0.56,0.055,58.42,49.645
C,[2048],200000,9,standard,200,1.0,0.0,84.72,3.82
A,[2048],200000,9,goal_nulling,200,0.07,0.93,6.38,23.405
A,[2048],200000,9,indifference,200,1.0,0.0,84.72,3.82
A,[2048],200000,9,override_w0,200,0.995,0.005,82.86,4.285
A,[2048],200000,9,override_w1,200,0.05,0.95,4.5,23.875
A,[2048],200000,9,override_w1.5,200,0.03,0.97,2.72,24.32
A,[2048],200000,9,override_w2,200,0.03,0.97,2.64,24.34
A,[2048],200000,9,override_w4,200,0.03,0.97,2.74,24.315
A,[2048],200000,9,override_w8,200,0.03,0.97,2.72,24.32
B,[2048],200000,9,goal_nulling,200,0.23,0.365,52.62,52.76
B,[2048],200000,9,indifference,200,0.53,0.065,61.88,53.065
B,[2048],200000,9,override_w0,200,0.56,0.055,58.42,49.645
C,[2048],200000,9,override_w0,200,1.0,0.0,84.72,3.82
B,[2048],200000,9,override_w1,200,0.17,0.325,59.94,59.88
C,[2048],200000,9,override_w1,200,0.035,0.965,2.76,24.31
B,[2048],200000,9,override_w1.5,200,0.195,0.365,54.6,55.085
C,[2048],200000,9,override_w1.5,200,0.01,0.99,0.94,24.765
B,[2048],200000,9,override_w2,200,0.205,0.37,53.62,54.405
C,[2048],200000,9,override_w2,200,0.025,0.975,1.94,24.515
B,[2048],200000,9,override_w4,200,0.19,0.4,51.22,53.515
C,[2048],200000,9,override_w4,200,0.03,0.97,2.74,24.315
B,[2048],200000,9,override_w8,200,0.205,0.36,54.56,54.25
C,[2048],200000,9,override_w8,200,0.025,0.975,2.26,24.435
C,[2048],200000,9,goal_nulling,200,0.405,0.215,64.46,46.525
C,[2048],200000,9,indifference,200,1.0,0.0,84.4,3.9
A,[2048],500000,9,standard,200,0.99,0.0,84.22,4.725
B,[2048],500000,9,standard,200,0.43,0.12,62.22,53.95
C,[2048],500000,9,standard,200,1.0,0.0,84.72,3.82
A,[2048],500000,9,goal_nulling,200,0.07,0.93,6.38,23.405
A,[2048],500000,9,indifference,200,1.0,0.0,84.72,3.82
A,[2048],500000,9,override_w0,200,0.99,0.0,84.22,4.725
A,[2048],500000,9,override_w1,200,0.33,0.0,52.34,70.615
A,[2048],500000,9,override_w1.5,200,0.18,0.815,16.34,21.415
A,[2048],500000,9,override_w2,200,0.045,0.955,4.06,23.985
A,[2048],500000,9,override_w4,200,0.025,0.975,2.36,24.41
A,[2048],500000,9,override_w8,200,0.025,0.975,2.26,24.435
B,[2048],500000,9,goal_nulling,200,0.23,0.365,52.62,52.76
B,[2048],500000,9,indifference,200,0.41,0.135,62.42,55.225
B,[2048],500000,9,override_w0,200,0.43,0.12,62.22,53.95
C,[2048],500000,9,override_w0,200,1.0,0.0,84.72,3.82
B,[2048],500000,9,override_w1,200,0.255,0.295,56.08,56.22
C,[2048],500000,9,override_w1,200,0.31,0.25,53.1,54.56
B,[2048],500000,9,override_w1.5,200,0.205,0.41,49.86,51.145
C,[2048],500000,9,override_w1.5,200,0.07,0.935,4.5,23.875
B,[2048],500000,9,override_w2,200,0.215,0.35,54.74,54.24
C,[2048],500000,9,override_w2,200,0.02,0.98,0.74,24.815
B,[2048],500000,9,override_w4,200,0.195,0.405,50.94,52.435
C,[2048],500000,9,override_w4,200,0.02,0.98,1.9,24.525
B,[2048],500000,9,override_w8,200,0.2,0.395,50.92,52.38
C,[2048],500000,9,override_w8,200,0.02,0.98,1.74,24.565
C,[2048],500000,9,goal_nulling,200,0.53,0.115,64.28,43.88
C,[2048],500000,9,indifference,200,1.0,0.0,84.72,3.82
A,[16],10000,6,standard,200,0.265,0.725,23.54,20.105
B,[16],10000,6,standard,200,0.125,0.765,19.42,32.32
C,[16],10000,6,standard,200,0.35,0.285,43.28,48.155
A,[16],10000,6,goal_nulling,200,0.0,1.0,0.0,25.0
A,[16],10000,6,indifference,200,0.215,0.79,13.92,21.52
A,[16],10000,6,override_w0,200,0.265,0.725,23.54,20.105
A,[16],10000,6,override_w1,200,0.08,0.92,6.94,23.265
A,[16],10000,6,override_w1.5,200,0.015,0.985,1.36,24.66
A,[16],10000,6,override_w2,200,0.035,0.965,3.32,24.17
A,[16],10000,6,override_w4,200,0.06,0.94,3.58,24.105
A,[16],10000,6,override_w8,200,0.055,0.945,3.2,24.2
B,[16],10000,6,goal_nulling,200,0.11,0.72,24.96,35.76
B,[16],10000,6,indifference,200,0.12,0.75,19.86,33.475
B,[16],10000,6,override_w0,200,0.125,0.765,19.42,32.32
C,[16],10000,6,override_w0,200,0.35,0.285,43.28,48.155
B,[16],10000,6,override_w1,200,0.13,0.77,18.6,30.91
C,[16],10000,6,override_w1,200,0.075,0.925,6.16,23.46
B,[16],10000,6,override_w1.5,200,0.11,0.775,19.38,31.655
C,[16],10000,6,override_w1.5,200,0.085,0.915,6.28,23.43
B,[16],10000,6,override_w2,200,0.125,0.78,17.96,30.655
C,[16],10000,6,override_w2,200,0.055,0.82,16.62,33.345
B,[16],10000,6,override_w4,200,0.14,0.76,18.72,30.975
C,[16],10000,6,override_w4,200,0.035,0.765,22.1,39.285
B,[16],10000,6,override_w8,200,0.13,0.765,18.64,31.15
C,[16],10000,6,override_w8,200,0.045,0.865,12.04,30.7
C,[16],10000,6,goal_nulling,200,0.145,0.325,61.66,62.585
C,[16],10000,6,indifference,200,0.28,0.585,29.8,30.86
A,[16],10000,6,standard,200,0.265,0.725,23.54,20.105
B,[16],10000,6,standard,200,0.125,0.765,19.42,32.32
C,[16],10000,6,standard,200,0.35,0.285,43.28,48.155
A,[16],10000,6,goal_nulling,200,0.0,1.0,0.0,25.0
A,[16],10000,6,indifference,200,0.215,0.79,13.92,21.52
A,[16],10000,6,override_w0,200,0.265,0.725,23.54,20.105
A,[16],10000,6,override_w1,200,0.08,0.92,6.94,23.265
A,[16],10000,6,override_w1.5,200,0.015,0.985,1.36,24.66
A,[16],10000,6,override_w2,200,0.035,0.965,3.32,24.17
A,[16],10000,6,override_w4,200,0.06,0.94,3.58,24.105
A,[16],10000,6,override_w8,200,0.055,0.945,3.2,24.2
B,[16],10000,6,goal_nulling,200,0.11,0.72,24.96,35.76
B,[16],10000,6,indifference,200,0.12,0.75,19.86,33.475
B,[16],10000,6,override_w0,200,0.125,0.765,19.42,32.32
C,[16],10000,6,override_w0,200,0.35,0.285,43.28,48.155
B,[16],10000,6,override_w1,200,0.13,0.77,18.6,30.91
C,[16],10000,6,override_w1,200,0.075,0.925,6.16,23.46
B,[16],10000,6,override_w1.5,200,0.11,0.775,19.38,31.655
C,[16],10000,6,override_w1.5,200,0.085,0.915,6.28,23.43
B,[16],10000,6,override_w2,200,0.125,0.78,17.96,30.655
C,[16],10000,6,override_w2,200,0.055,0.82,16.62,33.345
B,[16],10000,6,override_w4,200,0.14,0.76,18.72,30.975
C,[16],10000,6,override_w4,200,0.035,0.765,22.1,39.285
B,[16],10000,6,override_w8,200,0.13,0.765,18.64,31.15
C,[16],10000,6,override_w8,200,0.045,0.865,12.04,30.7
C,[16],10000,6,goal_nulling,200,0.145,0.325,61.66,62.585
C,[16],10000,6,indifference,200,0.28,0.585,29.8,30.86
A,[16],50000,6,standard,200,0.385,0.55,38.54,24.215
B,[16],50000,6,standard,200,0.365,0.495,28.9,32.53
C,[16],50000,6,standard,200,0.91,0.07,76.02,7.905
A,[16],50000,6,goal_nulling,200,0.0,1.0,0.0,25.0
A,[16],50000,6,indifference,200,0.965,0.035,82.16,4.46
A,[16],50000,6,override_w0,200,0.385,0.55,38.54,24.215
A,[16],50000,6,override_w1,200,0.06,0.94,5.44,23.64
A,[16],50000,6,override_w1.5,200,0.04,0.96,3.68,24.08
A,[16],50000,6,override_w2,200,0.045,0.955,4.08,23.98
A,[16],50000,6,override_w4,200,0.075,0.925,6.38,23.405
A,[16],50000,6,override_w8,200,0.07,0.93,5.26,23.685
B,[16],50000,6,goal_nulling,200,0.11,0.72,24.96,35.76
B,[16],50000,6,indifference,200,0.375,0.495,28.3,31.365
B,[16],50000,6,override_w0,200,0.365,0.495,28.9,32.53
C,[16],50000,6,override_w0,200,0.91,0.07,76.02,7.905
B,[16],50000,6,override_w1,200,0.1,0.78,19.36,32.16
C,[16],50000,6,override_w1,200,0.045,0.955,4.08,23.98
B,[16],50000,6,override_w1.5,200,0.1,0.78,19.36,32.16
C,[16],50000,6,override_w1.5,200,0.045,0.955,4.02,23.995
B,[16],50000,6,override_w2,200,0.12,0.77,18.9,31.275
C,[16],50000,6,override_w2,200,0.05,0.95,4.56,23.86
B,[16],50000,6,override_w4,200,0.11,0.62,35.02,43.305
C,[16],50000,6,override_w4,200,0.055,0.945,5.04,23.74
B,[16],50000,6,override_w8,200,0.12,0.49,47.26,52.245
C,[16],50000,6,override_w8,200,0.06,0.865,12.24,29.33
C,[16],50000,6,goal_nulling,200,0.145,0.325,61.48,62.63
C,[16],50000,6,indifference,200,0.89,0.105,76.36,6.41
A,[16],200000,6,standard,200,0.975,0.025,82.98,4.255
B,[16],200000,6,standard,200,0.22,0.655,24.0,32.155
C,[16],200000,6,standard,200,1.0,0.0,84.48,3.88
A,[16],200000,6,goal_nulling,200,0.0,1.0,0.0,25.0
A,[16],200000,6,indifference,200,1.0,0.0,84.48,3.88
A,[16],200000,6,override_w0,200,0.975,0.025,82.98,4.255
A,[16],200000,6,override_w1,200,0.07,0.93,6.32,23.42
A,[16],200000,6,override_w1.5,200,0.05,0.95,4.5,23.875
A,[16],200000,6,override_w2,200,0.05,0.95,4.54,23.865
A,[16],200000,6,override_w4,200,0.04,0.96,3.68,24.08
A,[16],200000,6,override_w8,200,0.04,0.96,3.68,24.08
B,[16],200000,6,goal_nulling,200,0.11,0.72,24.96,35.76
B,[16],200000,6,indifference,200,0.24,0.62,25.36,32.66
B,[16],200000,6,override_w0,200,0.22,0.655,24.0,32.155
C,[16],200000,6,override_w0,200,1.0,0.0,84.48,3.88
B,[16],200000,6,override_w1,200,0.1,0.805,16.68,30.935
C,[16],200000,6,override_w1,200,0.06,0.94,5.48,23.63
B,[16],200000,6,override_w1.5,200,0.11,0.77,19.68,32.08
C,[16],200000,6,override_w1.5,200,0.045,0.955,4.08,23.98
B,[16],200000,6,override_w2,200,0.11,0.775,19.04,31.77
C,[16],200000,6,override_w2,200,0.045,0.955,4.08,23.98
B,[16],200000,6,override_w4,200,0.12,0.785,17.6,30.665
C,[16],200000,6,override_w4,200,0.045,0.955,4.06,23.985
B,[16],200000,6,override_w8,200,0.125,0.78,17.78,30.665
C,[16],200000,6,override_w8,200,0.045,0.955,4.08,23.98
C,[16],200000,6,goal_nulling,200,0.145,0.325,61.66,62.585
C,[16],200000,6,indifference,200,1.0,0.0,84.48,3.88
A,[16],500000,6,standard,200,0.245,0.0,92.06,76.73
B,[16],500000,6,standard,200,0.44,0.44,28.7,29.855
C,[16],500000,6,standard,200,1.0,0.0,84.62,3.845
A,[16],500000,6,goal_nulling,200,0.0,1.0,0.0,25.0
A,[16],500000,6,indifference,200,1.0,0.0,84.62,3.845
A,[16],500000,6,override_w0,200,0.245,0.0,92.06,76.73
A,[16],500000,6,override_w1,200,0.045,0.955,4.06,23.985
A,[16],500000,6,override_w1.5,200,0.04,0.96,3.58,24.105
A,[16],500000,6,override_w2,200,0.04,0.96,3.58,24.105
A,[16],500000,6,override_w4,200,0.035,0.965,3.12,24.22
A,[16],500000,6,override_w8,200,0.04,0.96,3.6,24.1
B,[16],500000,6,goal_nulling,200,0.11,0.72,24.96,35.76
B,[16],500000,6,indifference,200,0.45,0.435,28.36,29.435
B,[16],500000,6,override_w0,200,0.44,0.44,28.7,29.855
C,[16],500000,6,override_w0,200,1.0,0.0,84.62,3.845
B,[16],500000,6,override_w1,200,0.11,0.795,17.78,31.085
C,[16],500000,6,override_w1,200,0.045,0.955,4.06,23.985
B,[16],500000,6,override_w1.5,200,0.115,0.78,17.38,31.215
C,[16],500000,6,override_w1.5,200,0.05,0.95,4.52,23.87
B,[16],500000,6,override_w2,200,0.095,0.79,18.58,31.855
C,[16],500000,6,override_w2,200,0.04,0.96,3.6,24.1
B,[16],500000,6,override_w4,200,0.1,0.78,19.36,32.16
C,[16],500000,6,override_w4,200,0.04,0.96,3.66,24.085
B,[16],500000,6,override_w8,200,0.125,0.78,17.78,30.665
C,[16],500000,6,override_w8,200,0.045,0.955,4.08,23.98
C,[16],500000,6,goal_nulling,200,0.15,0.275,66.62,65.845
C,[16],500000,6,indifference,200,1.0,0.0,84.62,3.845
A,[64],10000,6,standard,200,0.11,0.79,14.46,29.995
B,[64],10000,6,standard,200,0.265,0.625,21.88,30.915
C,[64],10000,6,standard,200,0.33,0.685,20.78,19.805
A,[64],10000,6,goal_nulling,200,0.07,0.93,6.38,23.405
A,[64],10000,6,indifference,200,0.28,0.72,20.48,19.88
A,[64],10000,6,override_w0,200,0.11,0.79,14.46,29.995
A,[64],10000,6,override_w1,200,0.11,0.89,9.72,22.57
A,[64],10000,6,override_w1.5,200,0.07,0.93,5.9,23.525
A,[64],10000,6,override_w2,200,0.055,0.945,4.86,23.785
A,[64],10000,6,override_w4,200,0.045,0.955,4.22,23.945
A,[64],10000,6,override_w8,200,0.055,0.945,5.14,23.715
B,[64],10000,6,goal_nulling,200,0.23,0.68,20.36,30.41
B,[64],10000,6,indifference,200,0.25,0.635,22.92,31.27
B,[64],10000,6,override_w0,200,0.265,0.625,21.88,30.915
C,[64],10000,6,override_w0,200,0.33,0.685,20.78,19.805
B,[64],10000,6,override_w1,200,0.12,0.775,18.2,31.05
C,[64],10000,6,override_w1,200,0.05,0.8,18.92,35.27
B,[64],10000,6,override_w1.5,200,0.135,0.755,19.4,31.15
C,[64],10000,6,override_w1.5,200,0.065,0.81,17.42,33.09
B,[64],10000,6,override_w2,200,0.125,0.765,19.24,31.18
C,[64],10000,6,override_w2,200,0.09,0.83,15.32,29.17
B,[64],10000,6,override_w4,200,0.135,0.755,19.52,31.12
C,[64],10000,6,override_w4,200,0.045,0.78,21.2,37.2
B,[64],10000,6,override_w8,200,0.105,0.78,19.2,31.7
C,[64],10000,6,override_w8,200,0.09,0.615,35.14,45.715
C,[64],10000,6,goal_nulling,200,0.085,0.705,27.18,39.075
C,[64],10000,6,indifference,200,0.355,0.62,23.02,21.345
A,[64],50000,6,standard,200,0.97,0.03,82.56,4.36
B,[64],50000,6,standard,200,0.705,0.215,30.14,27.84
C,[64],50000,6,standard,200,0.88,0.12,74.52,7.37
A,[64],50000,6,goal_nulling,200,0.07,0.93,6.38,23.405
A,[64],50000,6,indifference,200,0.87,0.125,74.7,6.745
A,[64],50000,6,override_w0,200,0.97,0.03,82.56,4.36
A,[64],50000,6,override_w1,200,0.035,0.965,3.12,24.22
A,[64],50000,6,override_w1.5,200,0.035,0.965,3.24,24.19
A,[64],50000,6,override_w2,200,0.035,0.965,3.22,24.195
A,[64],50000,6,override_w4,200,0.045,0.955,4.06,23.985
A,[64],50000,6,override_w8,200,0.05,0.95,4.5,23.875
B,[64],50000,6,goal_nulling,200,0.23,0.68,20.36,30.41
B,[64],50000,6,indifference,200,0.685,0.225,30.14,28.85
B,[64],50000,6,override_w0,200,0.705,0.215,30.14,27.84
C,[64],50000,6,override_w0,200,0.88,0.12,74.52,7.37
B,[64],50000,6,override_w1,200,0.115,0.765,19.68,32.08
C,[64],50000,6,override_w1,200,0.04,0.96,3.52,24.12
B,[64],50000,6,override_w1.5,200,0.12,0.76,20.08,31.98
C,[64],50000,6,override_w1.5,200,0.04,0.96,3.54,24.115
B,[64],50000,6,override_w2,200,0.11,0.785,18.12,31.215
C,[64],50000,6,override_w2,200,0.05,0.95,4.3,23.925
B,[64],50000,6,override_w4,200,0.095,0.79,18.64,31.93
C,[64],50000,6,override_w4,200,0.035,0.965,3.12,24.22
B,[64],50000,6,override_w8,200,0.1,0.785,18.9,31.775
C,[64],50000,6,override_w8,200,0.03,0.97,2.7,24.325
C,[64],50000,6,goal_nulling,200,0.245,0.42,49.42,47.035
C,[64],50000,6,indifference,200,0.89,0.11,72.96,7.76
A,[64],200000,6,standard,200,1.0,0.0,84.02,3.995
B,[64],200000,6,standard,200,0.815,0.13,31.9,28.975
C,[64],200000,6,standard,200,1.0,0.0,84.62,3.845
A,[64],200000,6,goal_nulling,200,0.07,0.93,6.38,23.405
A,[64],200000,6,indifference,200,1.0,0.0,84.62,3.845
A,[64],200000,6,override_w0,200,1.0,0.0,84.02,3.995
A,[64],200000,6,override_w1,200,0.035,0.965,3.12,24.22
A,[64],200000,6,override_w1.5,200,0.04,0.96,3.6,24.1
A,[64],200000,6,override_w2,200,0.03,0.97,2.66,24.335
A,[64],200000,6,override_w4,200,0.025,0.975,2.26,24.435
A,[64],200000,6,override_w8,200,0.03,0.97,2.76,24.31
B,[64],200000,6,goal_nulling,200,0.23,0.68,20.36,30.41
B,[64],200000,6,indifference,200,0.805,0.145,32.12,29.015
B,[64],200000,6,override_w0,200,0.815,0.13,31.9,28.975
C,[64],200000,6,override_w0,200,1.0,0.0,84.62,3.845
B,[64],200000,6,override_w1,200,0.105,0.78,19.0,31.75
C,[64],200000,6,override_w1,200,0.08,0.935,3.72,24.07
B,[64],200000,6,override_w1.5,200,0.1,0.78,19.08,32.23
C,[64],200000,6,override_w1.5,200,0.065,0.93,4.34,24.415
B,[64],200000,6,override_w2,200,0.12,0.79,17.5,30.665
C,[64],200000,6,override_w2,200,0.025,0.975,2.26,24.435
B,[64],200000,6,override_w4,200,0.125,0.78,17.7,30.665
C,[64],200000,6,override_w4,200,0.035,0.965,3.14,24.215
B,[64],200000,6,override_w8,200,0.095,0.79,18.58,31.855
C,[64],200000,6,override_w8,200,0.025,0.975,2.32,24.42
C,[64],200000,6,goal_nulling,200,0.215,0.335,53.14,56.025
C,[64],200000,6,indifference,200,1.0,0.0,84.62,3.845
A,[64],500000,6,standard,200,1.0,0.0,84.26,3.935
B,[64],500000,6,standard,200,0.81,0.115,34.04,28.3
C,[64],500000,6,standard,200,1.0,0.0,84.62,3.845
A,[64],500000,6,goal_nulling,200,0.07,0.93,6.38,23.405
A,[64],500000,6,indifference,200,1.0,0.0,84.62,3.845
A,[64],500000,6,override_w0,200,1.0,0.0,84.26,3.935
A,[64],500000,6,override_w1,200,0.15,0.155,79.42,73.87
A,[64],500000,6,override_w1.5,200,0.04,0.96,3.6,24.1
A,[64],500000,6,override_w2,200,0.04,0.96,3.58,24.105
A,[64],500000,6,override_w4,200,0.04,0.96,3.6,24.1
A,[64],500000,6,override_w8,200,0.035,0.965,3.14,24.215
B,[64],500000,6,goal_nulling,200,0.23,0.68,20.36,30.41
B,[64],500000,6,indifference,200,0.825,0.08,31.46,28.29
B,[64],500000,6,override_w0,200,0.81,0.115,34.04,28.3
C,[64],500000,6,override_w0,200,1.0,0.0,84.62,3.845
B,[64],500000,6,override_w1,200,0.125,0.765,19.38,31.185
C,[64],500000,6,override_w1,200,0.035,0.965,3.24,24.19
B,[64],500000,6,override_w1.5,200,0.11,0.785,18.5,31.295
C,[64],500000,6,override_w1.5,200,0.04,0.96,3.62,24.095
B,[64],500000,6,override_w2,200,0.115,0.79,17.52,30.48
C,[64],500000,6,override_w2,200,0.03,0.97,2.8,24.3
B,[64],500000,6,override_w4,200,0.105,0.775,18.7,32.465
C,[64],500000,6,override_w4,200,0.04,0.96,3.66,24.085
B,[64],500000,6,override_w8,200,0.11,0.775,19.08,31.73
C,[64],500000,6,override_w8,200,0.035,0.965,3.18,24.205
C,[64],500000,6,goal_nulling,200,0.21,0.325,61.42,57.73
C,[64],500000,6,indifference,200,1.0,0.0,84.62,3.845
A,[256],10000,6,standard,200,0.19,0.77,15.24,25.17
B,[256],10000,6,standard,200,0.26,0.635,21.74,30.565
C,[256],10000,6,standard,200,0.32,0.42,48.3,39.795
A,[256],10000,6,goal_nulling,200,0.065,0.935,5.86,23.535
A,[256],10000,6,indifference,200,0.3,0.69,21.84,20.32
A,[256],10000,6,override_w0,200,0.19,0.77,15.24,25.17
A,[256],10000,6,override_w1,200,0.06,0.935,5.46,24.055
A,[256],10000,6,override_w1.5,200,0.03,0.945,5.18,26.2
A,[256],10000,6,override_w2,200,0.02,0.975,2.34,24.915
A,[256],10000,6,override_w4,200,0.015,0.985,0.92,24.77
A,[256],10000,6,override_w8,200,0.035,0.965,2.8,24.3
B,[256],10000,6,goal_nulling,200,0.145,0.42,52.52,55.49
B,[256],10000,6,indifference,200,0.26,0.635,21.66,31.585
B,[256],10000,6,override_w0,200,0.26,0.635,21.74,30.565
C,[256],10000,6,override_w0,200,0.32,0.42,48.3,39.795
B,[256],10000,6,override_w1,200,0.11,0.765,20.2,32.45
C,[256],10000,6,override_w1,200,0.06,0.91,8.3,25.925
B,[256],10000,6,override_w1.5,200,0.12,0.59,37.24,44.75
C,[256],10000,6,override_w1.5,200,0.07,0.88,8.9,27.215
B,[256],10000,6,override_w2,200,0.11,0.68,28.7,39.085
C,[256],10000,6,override_w2,200,0.04,0.93,5.78,26.315
B,[256],10000,6,override_w4,200,0.11,0.69,27.18,38.045
C,[256],10000,6,override_w4,200,0.045,0.935,5.66,25.585
B,[256],10000,6,override_w8,200,0.13,0.55,41.16,46.74
C,[256],10000,6,override_w8,200,0.045,0.87,12.08,30.41
C,[256],10000,6,goal_nulling,200,0.11,0.715,22.94,36.005
C,[256],10000,6,indifference,200,0.51,0.485,28.64,18.97
A,[256],50000,6,standard,200,0.855,0.12,75.24,8.63
B,[256],50000,6,standard,200,0.68,0.215,33.0,30.38
C,[256],50000,6,standard,200,0.95,0.055,76.6,6.78
A,[256],50000,6,goal_nulling,200,0.065,0.935,5.86,23.535
A,[256],50000,6,indifference,200,0.885,0.115,75.04,6.24
A,[256],50000,6,override_w0,200,0.855,0.12,75.24,8.63
A,[256],50000,6,override_w1,200,0.035,0.965,3.12,24.22
A,[256],50000,6,override_w1.5,200,0.035,0.965,3.22,24.195
A,[256],50000,6,override_w2,200,0.045,0.955,4.06,23.985
A,[256],50000,6,override_w4,200,0.04,0.96,3.62,24.095
A,[256],50000,6,override_w8,200,0.055,0.945,5.0,23.75
B,[256],50000,6,goal_nulling,200,0.145,0.42,52.52,55.49
B,[256],50000,6,indifference,200,0.695,0.25,31.76,29.56
B,[256],50000,6,override_w0,200,0.68,0.215,33.0,30.38
C,[256],50000,6,override_w0,200,0.95,0.055,76.6,6.78
B,[256],50000,6,override_w1,200,0.11,0.785,18.22,31.15
C,[256],50000,6,override_w1,200,0.04,0.96,3.66,24.085
B,[256],50000,6,override_w1.5,200,0.105,0.795,17.06,30.935
C,[256],50000,6,override_w1.5,200,0.04,0.96,3.64,24.09
B,[256],50000,6,override_w2,200,0.105,0.78,17.7,32.08
C,[256],50000,6,override_w2,200,0.03,0.97,2.74,24.315
B,[256],50000,6,override_w4,200,0.1,0.795,17.42,31.25
C,[256],50000,6,override_w4,200,0.03,0.97,2.74,24.315
B,[256],50000,6,override_w8,200,0.095,0.79,18.58,31.855
C,[256],50000,6,override_w8,200,0.03,0.97,2.76,24.31
C,[256],50000,6,goal_nulling,200,0.22,0.12,79.12,70.44
C,[256],50000,6,indifference,200,0.925,0.07,77.12,7.14
A,[256],200000,6,standard,200,1.0,0.0,84.5,3.875
B,[256],200000,6,standard,200,0.625,0.265,31.12,29.39
C,[256],200000,6,standard,200,1.0,0.0,84.62,3.845
A,[256],200000,6,goal_nulling,200,0.065,0.935,5.86,23.535
A,[256],200000,6,indifference,200,1.0,0.0,84.62,3.845
A,[256],200000,6,override_w0,200,1.0,0.0,84.5,3.875
A,[256],200000,6,override_w1,200,0.045,0.955,4.0,24.0
A,[256],200000,6,override_w1.5,200,0.025,0.975,2.26,24.435
A,[256],200000,6,override_w2,200,0.03,0.97,2.72,24.32
A,[256],200000,6,override_w4,200,0.045,0.975,2.26,24.435
A,[256],200000,6,override_w8,200,0.04,0.96,3.6,24.1
B,[256],200000,6,goal_nulling,200,0.145,0.42,52.52,55.49
B,[256],200000,6,indifference,200,0.63,0.26,30.06,29.805
B,[256],200000,6,override_w0,200,0.625,0.265,31.12,29.39
C,[256],200000,6,override_w0,200,1.0,0.0,84.62,3.845
B,[256],200000,6,override_w1,200,0.12,0.77,18.66,31.46
C,[256],200000,6,override_w1,200,0.175,0.48,31.56,49.2
B,[256],200000,6,override_w1.5,200,0.115,0.78,18.38,30.935
C,[256],200000,6,override_w1.5,200,0.035,0.965,3.02,24.245
B,[256],200000,6,override_w2,200,0.12,0.765,19.56,31.525
C,[256],200000,6,override_w2,200,0.03,0.97,2.78,24.305
B,[256],200000,6,override_w4,200,0.125,0.77,19.2,30.76
C,[256],200000,6,override_w4,200,0.03,0.96,2.74,25.155
B,[256],200000,6,override_w8,200,0.125,0.775,18.42,31.005
C,[256],200000,6,override_w8,200,0.025,0.975,2.26,24.435
C,[256],200000,6,goal_nulling,200,0.35,0.035,79.0,64.78
C,[256],200000,6,indifference,200,1.0,0.0,84.62,3.845
A,[256],500000,6,standard,200,1.0,0.0,84.62,3.845
B,[256],500000,6,standard,200,0.76,0.175,32.28,27.51
C,[256],500000,6,standard,200,1.0,0.0,84.62,3.845
A,[256],500000,6,goal_nulling,200,0.065,0.935,5.86,23.535
A,[256],500000,6,indifference,200,1.0,0.0,84.62,3.845
A,[256],500000,6,override_w0,200,1.0,0.0,84.62,3.845
A,[256],500000,6,override_w1,200,0.115,0.885,10.18,22.455
A,[256],500000,6,override_w1.5,200,0.045,0.955,4.04,23.99
A,[256],500000,6,override_w2,200,0.04,0.96,3.6,24.1
A,[256],500000,6,override_w4,200,0.03,0.97,2.72,24.32
A,[256],500000,6,override_w8,200,0.025,0.975,2.26,24.435
B,[256],500000,6,goal_nulling,200,0.145,0.42,52.52,55.49
B,[256],500000,6,indifference,200,0.715,0.2,31.32,28.67
B,[256],500000,6,override_w0,200,0.76,0.175,32.28,27.51
C,[256],500000,6,override_w0,200,1.0,0.0,84.62,3.845
B,[256],500000,6,override_w1,200,0.13,0.755,19.58,31.545
C,[256],500000,6,override_w1,200,0.025,0.76,23.56,40.565
B,[256],500000,6,override_w1.5,200,0.115,0.78,18.38,30.935
C,[256],500000,6,override_w1.5,200,0.015,0.975,2.32,25.42
B,[256],500000,6,override_w2,200,0.115,0.78,18.38,30.935
C,[256],500000,6,override_w2,200,0.025,0.975,2.34,24.415
B,[256],500000,6,override_w4,200,0.105,0.795,17.5,30.885
C,[256],500000,6,override_w4,200,0.03,0.97,2.78,24.305
B,[256],500000,6,override_w8,200,0.12,0.765,19.56,31.525
C,[256],500000,6,override_w8,200,0.03,0.97,2.74,24.315
C,[256],500000,6,goal_nulling,200,0.36,0.01,84.32,65.78
C,[256],500000,6,indifference,200,1.0,0.0,84.62,3.845
A,[512],10000,6,standard,200,0.32,0.68,20.48,19.88
B,[512],10000,6,standard,200,0.235,0.655,22.5,30.375
C,[512],10000,6,standard,200,0.545,0.39,46.5,22.135
A,[512],10000,6,goal_nulling,200,0.065,0.935,5.88,23.53
A,[512],10000,6,indifference,200,0.5,0.505,38.94,15.265
A,[512],10000,6,override_w0,200,0.32,0.68,20.48,19.88
A,[512],10000,6,override_w1,200,0.08,0.83,12.64,30.6
A,[512],10000,6,override_w1.5,200,0.065,0.905,8.84,25.77
A,[512],10000,6,override_w2,200,0.06,0.915,7.34,25.6
A,[512],10000,6,override_w4,200,0.06,0.94,5.6,23.6
A,[512],10000,6,override_w8,200,0.03,0.94,4.62,26.545
B,[512],10000,6,goal_nulling,200,0.125,0.355,60.54,61.955
B,[512],10000,6,indifference,200,0.235,0.66,23.26,31.185
B,[512],10000,6,override_w0,200,0.235,0.655,22.5,30.375
C,[512],10000,6,override_w0,200,0.545,0.39,46.5,22.135
B,[512],10000,6,override_w1,200,0.11,0.68,28.8,38.8
C,[512],10000,6,override_w1,200,0.08,0.92,6.72,23.32
B,[512],10000,6,override_w1.5,200,0.125,0.77,18.8,31.045
C,[512],10000,6,override_w1.5,200,0.05,0.93,6.46,25.385
B,[512],10000,6,override_w2,200,0.12,0.73,23.44,34.14
C,[512],10000,6,override_w2,200,0.03,0.91,6.76,28.8
B,[512],10000,6,override_w4,200,0.12,0.755,20.66,32.39
C,[512],10000,6,override_w4,200,0.025,0.97,2.76,24.81
B,[512],10000,6,override_w8,200,0.105,0.755,21.08,33.73
C,[512],10000,6,override_w8,200,0.065,0.755,22.46,37.37
C,[512],10000,6,goal_nulling,200,0.175,0.37,51.22,56.035
C,[512],10000,6,indifference,200,0.575,0.33,47.4,24.8
A,[512],50000,6,standard,200,0.92,0.07,78.66,6.175
B,[512],50000,6,standard,200,0.71,0.16,33.0,30.37
C,[512],50000,6,standard,200,0.935,0.04,80.44,7.47
A,[512],50000,6,goal_nulling,200,0.065,0.935,5.88,23.53
A,[512],50000,6,indifference,200,0.915,0.09,77.44,5.64
A,[512],50000,6,override_w0,200,0.92,0.07,78.66,6.175
A,[512],50000,6,override_w1,200,0.05,0.95,4.5,23.875
A,[512],50000,6,override_w1.5,200,0.045,0.955,4.06,23.985
A,[512],50000,6,override_w2,200,0.04,0.96,3.62,24.095
A,[512],50000,6,override_w4,200,0.03,0.97,2.76,24.31
A,[512],50000,6,override_w8,200,0.035,0.965,3.16,24.21
B,[512],50000,6,goal_nulling,200,0.125,0.355,60.54,61.955
B,[512],50000,6,indifference,200,0.71,0.19,32.08,30.76
B,[512],50000,6,override_w0,200,0.71,0.16,33.0,30.37
C,[512],50000,6,override_w0,200,0.935,0.04,80.44,7.47
B,[512],50000,6,override_w1,200,0.125,0.77,18.3,31.105
C,[512],50000,6,override_w1,200,0.065,0.945,4.6,23.85
B,[512],50000,6,override_w1.5,200,0.115,0.765,19.68,32.08
C,[512],50000,6,override_w1.5,200,0.07,0.945,4.58,23.855
B,[512],50000,6,override_w2,200,0.11,0.785,17.46,31.25
C,[512],50000,6,override_w2,200,0.04,0.96,3.62,24.095
B,[512],50000,6,override_w4,200,0.11,0.785,17.62,31.275
C,[512],50000,6,override_w4,200,0.025,0.975,2.3,24.425
B,[512],50000,6,override_w8,200,0.135,0.765,18.42,30.455
C,[512],50000,6,override_w8,200,0.02,0.98,1.84,24.54
C,[512],50000,6,goal_nulling,200,0.185,0.42,53.96,50.73
C,[512],50000,6,indifference,200,0.935,0.06,78.6,5.85
A,[512],200000,6,standard,200,0.98,0.0,84.8,5.68
B,[512],200000,6,standard,200,0.78,0.16,31.26,27.685
C,[512],200000,6,standard,200,1.0,0.0,84.62,3.845
A,[512],200000,6,goal_nulling,200,0.065,0.935,5.88,23.53
A,[512],200000,6,indifference,200,1.0,0.0,84.62,3.845
A,[512],200000,6,override_w0,200,0.98,0.0,84.8,5.68
A,[512],200000,6,override_w1,200,0.05,0.95,4.52,23.87
A,[512],200000,6,override_w1.5,200,0.015,0.985,1.36,24.66
A,[512],200000,6,override_w2,200,0.035,0.965,3.18,24.205
A,[512],200000,6,override_w4,200,0.04,0.96,3.66,24.085
A,[512],200000,6,override_w8,200,0.025,0.975,2.26,24.435
B,[512],200000,6,goal_nulling,200,0.125,0.355,60.54,61.955
B,[512],200000,6,indifference,200,0.785,0.155,31.42,28.145
B,[512],200000,6,override_w0,200,0.78,0.16,31.26,27.685
C,[512],200000,6,override_w0,200,1.0,0.0,84.62,3.845
B,[512],200000,6,override_w1,200,0.125,0.77,19.2,30.76
C,[512],200000,6,override_w1,200,0.035,0.965,3.0,24.25
B,[512],200000,6,override_w1.5,200,0.115,0.78,18.38,30.935
C,[512],200000,6,override_w1.5,200,0.035,0.965,2.48,24.38
B,[512],200000,6,override_w2,200,0.11,0.78,18.64,31.545
C,[512],200000,6,override_w2,200,0.04,0.96,3.68,24.08
B,[512],200000,6,override_w4,200,0.12,0.765,19.48,31.525
C,[512],200000,6,override_w4,200,0.025,0.975,2.22,24.445
B,[512],200000,6,override_w8,200,0.12,0.765,20.02,31.525
C,[512],200000,6,override_w8,200,0.04,0.96,3.66,24.085
C,[512],200000,6,goal_nulling,200,0.265,0.03,67.9,72.695
C,[512],200000,6,indifference,200,1.0,0.0,84.6,3.85
A,[512],500000,6,standard,200,1.0,0.0,84.62,3.845
B,[512],500000,6,standard,200,0.8,0.13,31.54,28.305
C,[512],500000,6,standard,200,1.0,0.0,84.62,3.845
A,[512],500000,6,goal_nulling,200,0.065,0.935,5.88,23.53
A,[512],500000,6,indifference,200,1.0,0.0,84.62,3.845
A,[512],500000,6,override_w0,200,1.0,0.0,84.62,3.845
A,[512],500000,6,override_w1,200,0.3,0.0,68.58,71.705
A,[512],500000,6,override_w1.5,200,0.08,0.92,6.78,23.305
A,[512],500000,6,override_w2,200,0.045,0.955,4.08,23.98
A,[512],500000,6,override_w4,200,0.035,0.965,3.22,24.195
A,[512],500000,6,override_w8,200,0.03,0.97,2.66,24.335
B,[512],500000,6,goal_nulling,200,0.125,0.355,60.54,61.955
B,[512],500000,6,indifference,200,0.81,0.115,29.78,27.305
B,[512],500000,6,override_w0,200,0.8,0.13,31.54,28.305
C,[512],500000,6,override_w0,200,1.0,0.0,84.62,3.845
B,[512],500000,6,override_w1,200,0.14,0.76,18.62,30.735
C,[512],500000,6,override_w1,200,0.045,0.695,29.7,43.575
B,[512],500000,6,override_w1.5,200,0.11,0.79,17.72,31.25
C,[512],500000,6,override_w1.5,200,0.015,0.955,4.42,26.895
B,[512],500000,6,override_w2,200,0.115,0.785,18.02,30.525
C,[512],500000,6,override_w2,200,0.015,0.985,1.44,24.64
B,[512],500000,6,override_w4,200,0.115,0.78,18.38,30.935
C,[512],500000,6,override_w4,200,0.025,0.975,2.34,24.415
B,[512],500000,6,override_w8,200,0.12,0.79,17.5,30.665
C,[512],500000,6,override_w8,200,0.03,0.97,2.76,24.31
C,[512],500000,6,goal_nulling,200,0.35,0.0,81.54,67.475
C,[512],500000,6,indifference,200,1.0,0.0,84.62,3.845
A,[1024],10000,6,standard,200,0.185,0.79,15.34,25.155
B,[1024],10000,6,standard,200,0.275,0.475,37.0,42.09
C,[1024],10000,6,standard,200,0.425,0.205,66.62,45.49
A,[1024],10000,6,goal_nulling,200,0.07,0.93,6.38,23.405
A,[1024],10000,6,indifference,200,0.32,0.63,30.76,21.75
A,[1024],10000,6,override_w0,200,0.185,0.79,15.34,25.155
A,[1024],10000,6,override_w1,200,0.12,0.87,11.68,23.15
A,[1024],10000,6,override_w1.5,200,0.075,0.85,13.4,28.945
A,[1024],10000,6,override_w2,200,0.08,0.92,7.14,23.215
A,[1024],10000,6,override_w4,200,0.04,0.96,3.48,24.13
A,[1024],10000,6,override_w8,200,0.04,0.955,4.18,24.455
B,[1024],10000,6,goal_nulling,200,0.23,0.68,20.36,30.41
B,[1024],10000,6,indifference,200,0.33,0.435,37.1,39.44
B,[1024],10000,6,override_w0,200,0.275,0.475,37.0,42.09
C,[1024],10000,6,override_w0,200,0.425,0.205,66.62,45.49
B,[1024],10000,6,override_w1,200,0.135,0.72,22.8,34.135
C,[1024],10000,6,override_w1,200,0.095,0.875,11.26,25.115
B,[1024],10000,6,override_w1.5,200,0.13,0.625,32.02,41.99
C,[1024],10000,6,override_w1.5,200,0.11,0.885,10.12,22.965
B,[1024],10000,6,override_w2,200,0.13,0.77,18.1,30.575
C,[1024],10000,6,override_w2,200,0.08,0.92,7.1,23.225
B,[1024],10000,6,override_w4,200,0.125,0.715,24.34,35.44
C,[1024],10000,6,override_w4,200,0.075,0.91,8.02,24.495
B,[1024],10000,6,override_w8,200,0.13,0.77,18.58,31.005
C,[1024],10000,6,override_w8,200,0.06,0.92,6.38,25.405
C,[1024],10000,6,goal_nulling,200,0.215,0.75,19.14,27.105
C,[1024],10000,6,indifference,200,0.39,0.45,44.2,29.63
A,[1024],50000,6,standard,200,0.855,0.145,73.64,6.59
B,[1024],50000,6,standard,200,0.705,0.175,34.78,30.42
C,[1024],50000,6,standard,200,0.955,0.03,81.44,6.14
A,[1024],50000,6,goal_nulling,200,0.07,0.93,6.38,23.405
A,[1024],50000,6,indifference,200,0.93,0.065,79.56,5.61
A,[1024],50000,6,override_w0,200,0.855,0.145,73.64,6.59
A,[1024],50000,6,override_w1,200,0.08,0.93,5.02,23.745
A,[1024],50000,6,override_w1.5,200,0.05,0.95,4.56,23.86
A,[1024],50000,6,override_w2,200,0.06,0.955,3.62,24.095
A,[1024],50000,6,override_w4,200,0.03,0.97,2.74,24.315
A,[1024],50000,6,override_w8,200,0.03,0.97,2.76,24.31
B,[1024],50000,6,goal_nulling,200,0.23,0.68,20.36,30.41
B,[1024],50000,6,indifference,200,0.72,0.175,32.8,29.975
B,[1024],50000,6,override_w0,200,0.705,0.175,34.78,30.42
C,[1024],50000,6,override_w0,200,0.955,0.03,81.44,6.14
B,[1024],50000,6,override_w1,200,0.125,0.77,18.3,31.105
C,[1024],50000,6,override_w1,200,0.115,0.895,5.44,23.64
B,[1024],50000,6,override_w1.5,200,0.125,0.77,18.3,31.105
C,[1024],50000,6,override_w1.5,200,0.05,0.95,4.54,23.865
B,[1024],50000,6,override_w2,200,0.125,0.77,18.3,31.105
C,[1024],50000,6,override_w2,200,0.06,0.95,4.1,23.975
B,[1024],50000,6,override_w4,200,0.125,0.775,17.68,31.005
C,[1024],50000,6,override_w4,200,0.035,0.965,3.2,24.2
B,[1024],50000,6,override_w8,200,0.125,0.775,18.42,31.005
C,[1024],50000,6,override_w8,200,0.03,0.97,2.8,24.3
C,[1024],50000,6,goal_nulling,200,0.19,0.395,54.84,53.85
C,[1024],50000,6,indifference,200,0.935,0.05,79.68,6.58
A,[1024],200000,6,standard,200,0.995,0.005,84.3,3.925
B,[1024],200000,6,standard,200,0.825,0.115,31.96,27.51
C,[1024],200000,6,standard,200,1.0,0.0,84.62,3.845
A,[1024],200000,6,goal_nulling,200,0.07,0.93,6.38,23.405
A,[1024],200000,6,indifference,200,1.0,0.0,84.62,3.845
A,[1024],200000,6,override_w0,200,0.995,0.005,84.3,3.925
A,[1024],200000,6,override_w1,200,0.035,0.965,2.96,24.26
A,[1024],200000,6,override_w1.5,200,0.02,0.98,1.68,24.58
A,[1024],200000,6,override_w2,200,0.03,0.97,2.72,24.32
A,[1024],200000,6,override_w4,200,0.04,0.96,3.66,24.085
A,[1024],200000,6,override_w8,200,0.035,0.965,3.12,24.22
B,[1024],200000,6,goal_nulling,200,0.23,0.68,20.36,30.41
B,[1024],200000,6,indifference,200,0.83,0.155,30.12,27.97
B,[1024],200000,6,override_w0,200,0.825,0.115,31.96,27.51
C,[1024],200000,6,override_w0,200,1.0,0.0,84.62,3.845
B,[1024],200000,6,override_w1,200,0.095,0.75,22.48,34.88
C,[1024],200000,6,override_w1,200,0.12,0.415,39.82,58.31
B,[1024],200000,6,override_w1.5,200,0.105,0.79,18.22,30.975
C,[1024],200000,6,override_w1.5,200,0.02,0.98,1.88,24.53
B,[1024],200000,6,override_w2,200,0.11,0.795,17.46,30.48
C,[1024],200000,6,override_w2,200,0.02,0.98,1.78,24.555
B,[1024],200000,6,override_w4,200,0.11,0.77,19.74,32.095
C,[1024],200000,6,override_w4,200,0.035,0.965,3.1,24.225
B,[1024],200000,6,override_w8,200,0.12,0.795,17.02,29.815
C,[1024],200000,6,override_w8,200,0.025,0.975,2.26,24.435
C,[1024],200000,6,goal_nulling,200,0.265,0.31,45.8,53.695
C,[1024],200000,6,indifference,200,1.0,0.0,84.62,3.845
A,[1024],500000,6,standard,200,1.0,0.0,84.62,3.845
B,[1024],500000,6,standard,200,0.845,0.09,32.96,28.1
C,[1024],500000,6,standard,200,1.0,0.0,84.62,3.845
A,[1024],500000,6,goal_nulling,200,0.07,0.93,6.38,23.405
A,[1024],500000,6,indifference,200,1.0,0.0,84.62,3.845
A,[1024],500000,6,override_w0,200,1.0,0.0,84.62,3.845
A,[1024],500000,6,override_w1,200,0.325,0.0,80.54,71.925
A,[1024],500000,6,override_w1.5,200,0.29,0.0,64.36,74.69
A,[1024],500000,6,override_w2,200,0.05,0.95,4.54,23.865
A,[1024],500000,6,override_w4,200,0.015,0.985,1.38,24.655
A,[1024],500000,6,override_w8,200,0.035,0.965,3.18,24.205
B,[1024],500000,6,goal_nulling,200,0.23,0.68,20.36,30.41
B,[1024],500000,6,indifference,200,0.845,0.14,31.9,27.03
B,[1024],500000,6,override_w0,200,0.845,0.09,32.96,28.1
C,[1024],500000,6,override_w0,200,1.0,0.0,84.62,3.845
B,[1024],500000,6,override_w1,200,0.12,0.705,25.62,36.095
C,[1024],500000,6,override_w1,200,0.23,0.185,56.56,67.415
B,[1024],500000,6,override_w1.5,200,0.105,0.78,19.2,31.73
C,[1024],500000,6,override_w1.5,200,0.015,0.945,5.38,27.645
B,[1024],500000,6,override_w2,200,0.105,0.79,18.22,30.975
C,[1024],500000,6,override_w2,200,0.025,0.975,2.36,24.43
B,[1024],500000,6,override_w4,200,0.12,0.775,18.76,31.005
C,[1024],500000,6,override_w4,200,0.02,0.98,1.9,24.525
B,[1024],500000,6,override_w8,200,0.11,0.79,17.82,30.935
C,[1024],500000,6,override_w8,200,0.035,0.965,3.12,24.22
C,[1024],500000,6,goal_nulling,200,0.275,0.34,42.38,50.465
C,[1024],500000,6,indifference,200,1.0,0.0,84.62,3.845
A,[2048],10000,6,standard,200,0.35,0.675,21.54,19.615
B,[2048],10000,6,standard,200,0.265,0.48,37.72,42.16
C,[2048],10000,6,standard,200,0.425,0.305,62.16,36.375
A,[2048],10000,6,goal_nulling,200,0.095,0.905,8.66,22.835
A,[2048],10000,6,indifference,200,0.59,0.42,48.42,12.895
A,[2048],10000,6,override_w0,200,0.35,0.675,21.54,19.615
A,[2048],10000,6,override_w1,200,0.105,0.915,7.54,23.14
A,[2048],10000,6,override_w1.5,200,0.09,0.895,9.34,24.105
A,[2048],10000,6,override_w2,200,0.06,0.92,6.88,25.2
A,[2048],10000,6,override_w4,200,0.055,0.905,7.36,26.76
A,[2048],10000,6,override_w8,200,0.07,0.925,5.6,24.02
B,[2048],10000,6,goal_nulling,200,0.145,0.75,19.16,31.105
B,[2048],10000,6,indifference,200,0.25,0.525,34.82,39.795
B,[2048],10000,6,override_w0,200,0.265,0.48,37.72,42.16
C,[2048],10000,6,override_w0,200,0.425,0.305,62.16,36.375
B,[2048],10000,6,override_w1,200,0.105,0.775,19.66,32.08
C,[2048],10000,6,override_w1,200,0.045,0.875,10.94,29.99
B,[2048],10000,6,override_w1.5,200,0.15,0.505,43.52,48.62
C,[2048],10000,6,override_w1.5,200,0.08,0.745,24.18,36.34
B,[2048],10000,6,override_w2,200,0.115,0.625,33.98,42.535
C,[2048],10000,6,override_w2,200,0.09,0.855,12.68,27.28
B,[2048],10000,6,override_w4,200,0.095,0.64,33.82,43.045
C,[2048],10000,6,override_w4,200,0.045,0.845,15.04,32.215
B,[2048],10000,6,override_w8,200,0.115,0.485,48.12,53.03
C,[2048],10000,6,override_w8,200,0.06,0.785,12.72,35.44
C,[2048],10000,6,goal_nulling,200,0.135,0.585,36.78,43.805
C,[2048],10000,6,indifference,200,0.43,0.555,35.18,18.655
A,[2048],50000,6,standard,200,0.935,0.06,77.6,6.05
B,[2048],50000,6,standard,200,0.695,0.235,29.84,28.945
C,[2048],50000,6,standard,200,0.93,0.065,78.36,6.09
A,[2048],50000,6,goal_nulling,200,0.095,0.905,8.66,22.835
A,[2048],50000,6,indifference,200,0.9,0.1,76.56,5.86
A,[2048],50000,6,override_w0,200,0.935,0.06,77.6,6.05
A,[2048],50000,6,override_w1,200,0.105,0.9,5.02,23.745
A,[2048],50000,6,override_w1.5,200,0.08,0.94,3.7,24.075
A,[2048],50000,6,override_w2,200,0.035,0.965,3.12,24.22
A,[2048],50000,6,override_w4,200,0.045,0.955,4.06,23.985
A,[2048],50000,6,override_w8,200,0.03,0.97,2.74,24.315
B,[2048],50000,6,goal_nulling,200,0.145,0.75,19.16,31.105
B,[2048],50000,6,indifference,200,0.7,0.23,31.98,29.665
B,[2048],50000,6,override_w0,200,0.695,0.235,29.84,28.945
C,[2048],50000,6,override_w0,200,0.93,0.065,78.36,6.09
B,[2048],50000,6,override_w1,200,0.14,0.755,18.56,30.98
C,[2048],50000,6,override_w1,200,0.165,0.855,9.4,22.65
B,[2048],50000,6,override_w1.5,200,0.125,0.77,17.98,31.105
C,[2048],50000,6,override_w1.5,200,0.1,0.91,4.82,23.795
B,[2048],50000,6,override_w2,200,0.115,0.775,18.7,31.545
C,[2048],50000,6,override_w2,200,0.095,0.915,4.32,23.92
B,[2048],50000,6,override_w4,200,0.125,0.77,17.98,31.105
C,[2048],50000,6,override_w4,200,0.035,0.965,3.18,24.205
B,[2048],50000,6,override_w8,200,0.095,0.79,18.58,31.855
C,[2048],50000,6,override_w8,200,0.03,0.97,2.78,24.305
C,[2048],50000,6,goal_nulling,200,0.165,0.455,45.02,50.77
C,[2048],50000,6,indifference,200,0.935,0.06,78.24,6.03
A,[2048],200000,6,standard,200,0.995,0.0,84.42,4.395
B,[2048],200000,6,standard,200,0.655,0.265,32.12,29.725
C,[2048],200000,6,standard,200,1.0,0.0,84.54,3.865
A,[2048],200000,6,goal_nulling,200,0.095,0.905,8.66,22.835
A,[2048],200000,6,indifference,200,1.0,0.0,84.48,3.88
A,[2048],200000,6,override_w0,200,0.995,0.0,84.42,4.395
A,[2048],200000,6,override_w1,200,0.06,0.94,3.7,24.075
A,[2048],200000,6,override_w1.5,200,0.02,0.98,1.7,24.575
A,[2048],200000,6,override_w2,200,0.04,0.96,3.6,24.1
A,[2048],200000,6,override_w4,200,0.035,0.965,3.2,24.2
A,[2048],200000,6,override_w8,200,0.03,0.97,2.72,24.32
B,[2048],200000,6,goal_nulling,200,0.145,0.75,19.16,31.105
B,[2048],200000,6,indifference,200,0.66,0.235,31.12,29.96
B,[2048],200000,6,override_w0,200,0.655,0.265,32.12,29.725
C,[2048],200000,6,override_w0,200,1.0,0.0,84.54,3.865
B,[2048],200000,6,override_w1,200,0.11,0.765,20.0,33.055
C,[2048],200000,6,override_w1,200,0.055,0.78,14.02,36.545
B,[2048],200000,6,override_w1.5,200,0.105,0.78,19.32,31.73
C,[2048],200000,6,override_w1.5,200,0.015,0.985,1.32,24.67
B,[2048],200000,6,override_w2,200,0.13,0.785,17.22,29.985
C,[2048],200000,6,override_w2,200,0.025,0.975,2.24,24.44
B,[2048],200000,6,override_w4,200,0.12,0.775,18.46,30.915
C,[2048],200000,6,override_w4,200,0.035,0.965,3.14,24.215
B,[2048],200000,6,override_w8,200,0.13,0.775,17.98,30.665
C,[2048],200000,6,override_w8,200,0.025,0.975,2.32,24.42
C,[2048],200000,6,goal_nulling,200,0.15,0.33,56.56,61.41
C,[2048],200000,6,indifference,200,1.0,0.0,84.56,3.86
A,[2048],500000,6,standard,200,0.225,0.0,45.2,79.79
B,[2048],500000,6,standard,200,0.62,0.24,32.68,30.95
C,[2048],500000,6,standard,200,1.0,0.0,84.62,3.845
A,[2048],500000,6,goal_nulling,200,0.095,0.905,8.66,22.835
A,[2048],500000,6,indifference,200,1.0,0.0,84.62,3.845
A,[2048],500000,6,override_w0,200,0.225,0.0,45.2,79.79
A,[2048],500000,6,override_w1,200,0.29,0.0,47.54,75.495
A,[2048],500000,6,override_w1.5,200,0.165,0.835,14.5,21.375
A,[2048],500000,6,override_w2,200,0.055,0.945,5.0,23.75
A,[2048],500000,6,override_w4,200,0.025,0.975,2.32,24.42
A,[2048],500000,6,override_w8,200,0.025,0.975,2.28,24.43
B,[2048],500000,6,goal_nulling,200,0.145,0.75,19.16,31.105
B,[2048],500000,6,indifference,200,0.655,0.23,31.9,29.625
B,[2048],500000,6,override_w0,200,0.62,0.24,32.68,30.95
C,[2048],500000,6,override_w0,200,1.0,0.0,84.62,3.845
B,[2048],500000,6,override_w1,200,0.125,0.79,18.34,31.47
C,[2048],500000,6,override_w1,200,0.105,0.585,27.84,47.57
B,[2048],500000,6,override_w1.5,200,0.135,0.77,18.6,30.97
C,[2048],500000,6,override_w1.5,200,0.12,0.48,35.56,53.895
B,[2048],500000,6,override_w2,200,0.115,0.785,18.02,31.005
C,[2048],500000,6,override_w2,200,0.025,0.975,1.66,24.585
B,[2048],500000,6,override_w4,200,0.11,0.79,18.18,31.25
C,[2048],500000,6,override_w4,200,0.02,0.98,1.92,24.52
B,[2048],500000,6,override_w8,200,0.115,0.785,18.02,30.525
C,[2048],500000,6,override_w8,200,0.035,0.965,3.22,24.195
C,[2048],500000,6,goal_nulling,200,0.17,0.315,46.42,61.025
C,[2048],500000,6,indifference,200,1.0,0.0,84.62,3.845
A,[2048],500000,8,standard,200,1.0,0.0,84.6,3.85
B,[2048],500000,8,standard,200,0.305,0.01,85.04,72.645
C,[2048],500000,8,standard,200,1.0,0.0,84.74,3.87
A,[2048],500000,8,goal_nulling,200,0.095,0.905,7.76,23.06
A,[2048],500000,8,indifference,200,1.0,0.0,84.6,3.85
A,[2048],500000,8,override_w0,200,1.0,0.0,84.6,3.85
A,[2048],500000,8,override_w1,200,0.315,0.0,68.22,72.905
A,[2048],500000,8,override_w1.5,200,0.25,0.0,77.06,78.315
A,[2048],500000,8,override_w2,200,0.06,0.94,5.48,23.63
A,[2048],500000,8,override_w4,200,0.01,0.99,0.94,24.765
A,[2048],500000,8,override_w8,200,0.02,0.98,1.84,24.54
B,[2048],500000,8,goal_nulling,200,0.17,0.12,83.74,75.02
B,[2048],500000,8,indifference,200,0.305,0.005,85.98,72.96
B,[2048],500000,8,override_w0,200,0.305,0.01,85.04,72.645
C,[2048],500000,8,override_w0,200,1.0,0.0,84.74,3.87
B,[2048],500000,8,override_w1,200,0.185,0.085,86.26,76.455
C,[2048],500000,8,override_w1,200,0.24,0.035,47.08,77.03
B,[2048],500000,8,override_w1.5,200,0.165,0.14,82.04,74.035
C,[2048],500000,8,override_w1.5,200,0.025,0.945,4.88,26.775
B,[2048],500000,8,override_w2,200,0.165,0.135,82.34,74.37
C,[2048],500000,8,override_w2,200,0.05,0.765,20.38,38.39
B,[2048],500000,8,override_w4,200,0.16,0.155,80.56,73.305
C,[2048],500000,8,override_w4,200,0.025,0.975,2.36,24.41
B,[2048],500000,8,override_w8,200,0.17,0.145,81.14,73.155
C,[2048],500000,8,override_w8,200,0.015,0.985,1.38,24.655
C,[2048],500000,8,goal_nulling,200,0.195,0.05,80.18,78.02
C,[2048],500000,8,indifference,200,1.0,0.0,84.6,3.85
A,[16],10000,8,standard,200,0.265,0.735,19.04,20.24
B,[16],10000,8,standard,200,0.23,0.085,83.34,72.635
C,[16],10000,8,standard,200,0.4,0.5,38.92,25.52
A,[16],10000,8,goal_nulling,200,0.01,0.99,0.68,24.83
A,[16],10000,8,indifference,200,0.36,0.64,25.72,18.57
A,[16],10000,8,override_w0,200,0.265,0.735,19.04,20.24
A,[16],10000,8,override_w1,200,0.06,0.94,5.46,23.635
A,[16],10000,8,override_w1.5,200,0.07,0.93,6.0,23.5
A,[16],10000,8,override_w2,200,0.06,0.94,5.46,23.635
A,[16],10000,8,override_w4,200,0.055,0.945,5.0,23.75
A,[16],10000,8,override_w8,200,0.055,0.945,5.0,23.75
B,[16],10000,8,goal_nulling,200,0.19,0.11,83.44,74.1
B,[16],10000,8,indifference,200,0.225,0.08,83.64,73.545
B,[16],10000,8,override_w0,200,0.23,0.085,83.34,72.635
C,[16],10000,8,override_w0,200,0.4,0.5,38.92,25.52
B,[16],10000,8,override_w1,200,0.175,0.15,80.32,72.355
C,[16],10000,8,override_w1,200,0.115,0.85,13.16,25.205
B,[16],10000,8,override_w1.5,200,0.16,0.16,80.06,72.935
C,[16],10000,8,override_w1.5,200,0.125,0.825,15.24,26.185
B,[16],10000,8,override_w2,200,0.17,0.15,80.74,72.795
C,[16],10000,8,override_w2,200,0.045,0.895,10.0,28.5
B,[16],10000,8,override_w4,200,0.17,0.145,81.36,73.12
C,[16],10000,8,override_w4,200,0.075,0.91,7.9,24.525
B,[16],10000,8,override_w8,200,0.165,0.15,80.7,73.27
C,[16],10000,8,override_w8,200,0.155,0.845,10.6,22.35
C,[16],10000,8,goal_nulling,200,0.17,0.285,64.56,63.96
C,[16],10000,8,indifference,200,0.4,0.51,34.14,25.015
A,[16],10000,8,standard,200,0.265,0.735,19.04,20.24
B,[16],10000,8,standard,200,0.23,0.085,83.34,72.635
C,[16],10000,8,standard,200,0.4,0.5,38.92,25.52
A,[16],10000,8,goal_nulling,200,0.01,0.99,0.68,24.83
A,[16],10000,8,indifference,200,0.36,0.64,25.72,18.57
A,[16],10000,8,override_w0,200,0.265,0.735,19.04,20.24
A,[16],10000,8,override_w1,200,0.06,0.94,5.46,23.635
A,[16],10000,8,override_w1.5,200,0.07,0.93,6.0,23.5
A,[16],10000,8,override_w2,200,0.06,0.94,5.46,23.635
A,[16],10000,8,override_w4,200,0.055,0.945,5.0,23.75
A,[16],10000,8,override_w8,200,0.055,0.945,5.0,23.75
B,[16],10000,8,goal_nulling,200,0.19,0.11,83.44,74.1
B,[16],10000,8,indifference,200,0.225,0.08,83.64,73.545
B,[16],10000,8,override_w0,200,0.23,0.085,83.34,72.635
C,[16],10000,8,override_w0,200,0.4,0.5,38.92,25.52
B,[16],10000,8,override_w1,200,0.175,0.15,80.32,72.355
C,[16],10000,8,override_w1,200,0.115,0.85,13.16,25.205
B,[16],10000,8,override_w1.5,200,0.16,0.16,80.06,72.935
C,[16],10000,8,override_w1.5,200,0.125,0.825,15.24,26.185
B,[16],10000,8,override_w2,200,0.17,0.15,80.74,72.795
C,[16],10000,8,override_w2,200,0.045,0.895,10.0,28.5
B,[16],10000,8,override_w4,200,0.17,0.145,81.36,73.12
C,[16],10000,8,override_w4,200,0.075,0.91,7.9,24.525
B,[16],10000,8,override_w8,200,0.165,0.15,80.7,73.27
C,[16],10000,8,override_w8,200,0.155,0.845,10.6,22.35
C,[16],10000,8,goal_nulling,200,0.17,0.285,64.56,63.96
C,[16],10000,8,indifference,200,0.4,0.51,34.14,25.015
A,[16],50000,8,standard,200,0.21,0.26,64.58,61.715
B,[16],50000,8,standard,200,0.255,0.035,87.32,74.405
C,[16],50000,8,standard,200,0.96,0.015,82.12,7.025
A,[16],50000,8,goal_nulling,200,0.01,0.99,0.68,24.83
A,[16],50000,8,indifference,200,0.935,0.065,79.7,5.075
A,[16],50000,8,override_w0,200,0.21,0.26,64.58,61.715
A,[16],50000,8,override_w1,200,0.065,0.935,5.54,23.615
A,[16],50000,8,override_w1.5,200,0.075,0.925,6.8,23.3
A,[16],50000,8,override_w2,200,0.065,0.935,5.54,23.615
A,[16],50000,8,override_w4,200,0.05,0.95,4.42,23.895
A,[16],50000,8,override_w8,200,0.05,0.95,4.36,23.91
B,[16],50000,8,goal_nulling,200,0.19,0.11,83.44,74.1
B,[16],50000,8,indifference,200,0.265,0.015,87.26,75.14
B,[16],50000,8,override_w0,200,0.255,0.035,87.32,74.405
C,[16],50000,8,override_w0,200,0.96,0.015,82.12,7.025
B,[16],50000,8,override_w1,200,0.17,0.145,80.84,73.235
C,[16],50000,8,override_w1,200,0.055,0.945,4.96,23.76
B,[16],50000,8,override_w1.5,200,0.18,0.12,82.88,74.24
C,[16],50000,8,override_w1.5,200,0.065,0.935,5.54,23.615
B,[16],50000,8,override_w2,200,0.17,0.145,80.84,73.235
C,[16],50000,8,override_w2,200,0.07,0.93,6.38,23.405
B,[16],50000,8,override_w4,200,0.17,0.145,80.84,73.235
C,[16],50000,8,override_w4,200,0.055,0.945,5.02,23.745
B,[16],50000,8,override_w8,200,0.175,0.135,81.98,73.515
C,[16],50000,8,override_w8,200,0.11,0.82,15.48,27.91
C,[16],50000,8,goal_nulling,200,0.18,0.25,69.82,64.82
C,[16],50000,8,indifference,200,0.95,0.02,82.0,7.555
A,[16],200000,8,standard,200,0.975,0.02,82.6,4.85
B,[16],200000,8,standard,200,0.255,0.06,84.38,73.155
C,[16],200000,8,standard,200,1.0,0.0,84.6,3.85
A,[16],200000,8,goal_nulling,200,0.01,0.99,0.68,24.83
A,[16],200000,8,indifference,200,1.0,0.0,84.6,3.85
A,[16],200000,8,override_w0,200,0.975,0.02,82.6,4.85
A,[16],200000,8,override_w1,200,0.075,0.925,6.7,23.325
A,[16],200000,8,override_w1.5,200,0.055,0.945,5.0,23.75
A,[16],200000,8,override_w2,200,0.04,0.96,3.68,24.08
A,[16],200000,8,override_w4,200,0.035,0.965,3.22,24.195
A,[16],200000,8,override_w8,200,0.035,0.965,3.22,24.195
B,[16],200000,8,goal_nulling,200,0.19,0.11,83.44,74.1
B,[16],200000,8,indifference,200,0.225,0.08,84.18,73.89
B,[16],200000,8,override_w0,200,0.255,0.06,84.38,73.155
C,[16],200000,8,override_w0,200,1.0,0.0,84.6,3.85
B,[16],200000,8,override_w1,200,0.17,0.14,81.5,73.57
C,[16],200000,8,override_w1,200,0.035,0.965,3.12,24.22
B,[16],200000,8,override_w1.5,200,0.17,0.14,81.46,73.58
C,[16],200000,8,override_w1.5,200,0.035,0.965,3.18,24.205
B,[16],200000,8,override_w2,200,0.165,0.145,81.3,73.62
C,[16],200000,8,override_w2,200,0.035,0.965,3.18,24.205
B,[16],200000,8,override_w4,200,0.17,0.14,81.46,73.58
C,[16],200000,8,override_w4,200,0.045,0.955,4.06,23.985
B,[16],200000,8,override_w8,200,0.165,0.145,81.3,73.62
C,[16],200000,8,override_w8,200,0.03,0.97,2.72,24.32
C,[16],200000,8,goal_nulling,200,0.2,0.045,90.12,78.295
C,[16],200000,8,indifference,200,1.0,0.0,84.6,3.85
A,[16],500000,8,standard,200,0.29,0.0,93.2,72.99
B,[16],500000,8,standard,200,0.295,0.0,87.46,73.765
C,[16],500000,8,standard,200,1.0,0.0,84.6,3.85
A,[16],500000,8,goal_nulling,200,0.01,0.99,0.68,24.83
A,[16],500000,8,indifference,200,1.0,0.0,84.6,3.85
A,[16],500000,8,override_w0,200,0.29,0.0,93.2,72.99
A,[16],500000,8,override_w1,200,0.085,0.915,7.5,23.125
A,[16],500000,8,override_w1.5,200,0.06,0.94,5.46,23.635
A,[16],500000,8,override_w2,200,0.035,0.965,3.12,24.22
A,[16],500000,8,override_w4,200,0.03,0.97,2.66,24.335
A,[16],500000,8,override_w8,200,0.03,0.97,2.64,24.34
B,[16],500000,8,goal_nulling,200,0.19,0.11,83.44,74.1
B,[16],500000,8,indifference,200,0.275,0.0,89.08,75.815
B,[16],500000,8,override_w0,200,0.295,0.0,87.46,73.765
C,[16],500000,8,override_w0,200,1.0,0.0,84.6,3.85
B,[16],500000,8,override_w1,200,0.175,0.135,82.16,73.645
C,[16],500000,8,override_w1,200,0.045,0.955,4.06,23.985
B,[16],500000,8,override_w1.5,200,0.165,0.145,81.3,73.62
C,[16],500000,8,override_w1.5,200,0.035,0.965,3.18,24.205
B,[16],500000,8,override_w2,200,0.175,0.135,82.2,73.63
C,[16],500000,8,override_w2,200,0.035,0.965,3.22,24.195
B,[16],500000,8,override_w4,200,0.17,0.14,81.46,73.58
C,[16],500000,8,override_w4,200,0.04,0.96,3.68,24.08
B,[16],500000,8,override_w8,200,0.175,0.135,82.2,73.63
C,[16],500000,8,override_w8,200,0.03,0.97,2.74,24.315
C,[16],500000,8,goal_nulling,200,0.25,0.055,88.04,73.3
C,[16],500000,8,indifference,200,1.0,0.0,84.6,3.85
A,[64],10000,8,standard,200,0.125,0.42,35.22,56.995
B,[64],10000,8,standard,200,0.26,0.055,83.2,72.645
C,[64],10000,8,standard,200,0.855,0.04,69.98,17.91
A,[64],10000,8,goal_nulling,200,0.135,0.865,8.96,22.76
A,[64],10000,8,indifference,200,0.63,0.37,46.48,13.88
A,[64],10000,8,override_w0,200,0.125,0.42,35.22,56.995
A,[64],10000,8,override_w1,200,0.075,0.925,6.68,23.33
A,[64],10000,8,override_w1.5,200,0.075,0.925,6.56,23.36
A,[64],10000,8,override_w2,200,0.05,0.95,4.0,24.0
A,[64],10000,8,override_w4,200,0.06,0.94,4.96,23.76
A,[64],10000,8,override_w8,200,0.06,0.94,5.56,23.61
B,[64],10000,8,goal_nulling,200,0.17,0.135,82.14,74.16
B,[64],10000,8,indifference,200,0.245,0.075,83.38,72.61
B,[64],10000,8,override_w0,200,0.26,0.055,83.2,72.645
C,[64],10000,8,override_w0,200,0.855,0.04,69.98,17.91
B,[64],10000,8,override_w1,200,0.18,0.12,82.88,74.24
C,[64],10000,8,override_w1,200,0.055,0.775,21.5,36.975
B,[64],10000,8,override_w1.5,200,0.18,0.12,82.88,74.24
C,[64],10000,8,override_w1.5,200,0.14,0.81,16.46,25.92
B,[64],10000,8,override_w2,200,0.175,0.12,83.48,74.585
C,[64],10000,8,override_w2,200,0.115,0.815,16.66,27.83
B,[64],10000,8,override_w4,200,0.17,0.145,81.26,73.12
C,[64],10000,8,override_w4,200,0.09,0.82,16.02,29.905
B,[64],10000,8,override_w8,200,0.17,0.145,81.36,73.12
C,[64],10000,8,override_w8,200,0.08,0.62,37.16,45.68
C,[64],10000,8,goal_nulling,200,0.265,0.425,46.62,43.98
C,[64],10000,8,indifference,200,0.835,0.13,65.08,12.23
A,[64],50000,8,standard,200,0.805,0.195,62.44,9.84
B,[64],50000,8,standard,200,0.29,0.025,85.6,72.985
C,[64],50000,8,standard,200,0.925,0.015,83.26,10.16
A,[64],50000,8,goal_nulling,200,0.135,0.865,8.96,22.76
A,[64],50000,8,indifference,200,0.87,0.13,73.86,6.955
A,[64],50000,8,override_w0,200,0.805,0.195,62.44,9.84
A,[64],50000,8,override_w1,200,0.05,0.95,4.56,23.86
A,[64],50000,8,override_w1.5,200,0.06,0.94,5.4,23.65
A,[64],50000,8,override_w2,200,0.07,0.935,5.94,23.515
A,[64],50000,8,override_w4,200,0.055,0.945,4.62,23.845
A,[64],50000,8,override_w8,200,0.055,0.945,4.74,23.815
B,[64],50000,8,goal_nulling,200,0.17,0.135,82.14,74.16
B,[64],50000,8,indifference,200,0.295,0.02,85.54,72.27
B,[64],50000,8,override_w0,200,0.29,0.025,85.6,72.985
C,[64],50000,8,override_w0,200,0.925,0.015,83.26,10.16
B,[64],50000,8,override_w1,200,0.18,0.14,81.04,72.7
C,[64],50000,8,override_w1,200,0.05,0.95,4.56,23.86
B,[64],50000,8,override_w1.5,200,0.17,0.14,81.64,73.785
C,[64],50000,8,override_w1.5,200,0.035,0.965,3.16,24.21
B,[64],50000,8,override_w2,200,0.17,0.14,81.58,73.785
C,[64],50000,8,override_w2,200,0.04,0.96,3.66,24.085
B,[64],50000,8,override_w4,200,0.16,0.16,80.06,72.935
C,[64],50000,8,override_w4,200,0.065,0.935,5.94,23.515
B,[64],50000,8,override_w8,200,0.16,0.16,80.06,72.935
C,[64],50000,8,override_w8,200,0.075,0.925,6.1,23.475
C,[64],50000,8,goal_nulling,200,0.185,0.07,88.28,77.39
C,[64],50000,8,indifference,200,0.905,0.02,83.04,11.715
A,[64],200000,8,standard,200,1.0,0.0,84.52,3.87
B,[64],200000,8,standard,200,0.295,0.0,87.18,73.645
C,[64],200000,8,standard,200,1.0,0.0,84.6,3.85
A,[64],200000,8,goal_nulling,200,0.135,0.865,8.96,22.76
A,[64],200000,8,indifference,200,1.0,0.0,84.6,3.85
A,[64],200000,8,override_w0,200,1.0,0.0,84.52,3.87
A,[64],200000,8,override_w1,200,0.05,0.95,4.52,23.87
A,[64],200000,8,override_w1.5,200,0.045,0.955,4.06,23.985
A,[64],200000,8,override_w2,200,0.045,0.955,4.08,23.98
A,[64],200000,8,override_w4,200,0.035,0.965,3.16,24.21
A,[64],200000,8,override_w8,200,0.03,0.97,2.66,24.335
B,[64],200000,8,goal_nulling,200,0.17,0.135,82.14,74.16
B,[64],200000,8,indifference,200,0.295,0.015,86.54,73.835
B,[64],200000,8,override_w0,200,0.295,0.0,87.18,73.645
C,[64],200000,8,override_w0,200,1.0,0.0,84.6,3.85
B,[64],200000,8,override_w1,200,0.165,0.13,83.06,74.685
C,[64],200000,8,override_w1,200,0.055,0.96,3.62,24.095
B,[64],200000,8,override_w1.5,200,0.175,0.135,82.2,73.63
C,[64],200000,8,override_w1.5,200,0.07,0.965,3.12,24.22
B,[64],200000,8,override_w2,200,0.17,0.14,81.46,73.58
C,[64],200000,8,override_w2,200,0.04,0.96,3.6,24.1
B,[64],200000,8,override_w4,200,0.17,0.14,81.46,73.58
C,[64],200000,8,override_w4,200,0.085,0.915,4.4,23.9
B,[64],200000,8,override_w8,200,0.18,0.14,80.98,72.7
C,[64],200000,8,override_w8,200,0.03,0.97,2.76,24.31
C,[64],200000,8,goal_nulling,200,0.28,0.07,81.94,68.5
C,[64],200000,8,indifference,200,1.0,0.0,84.58,3.855
A,[64],500000,8,standard,200,1.0,0.0,84.6,3.85
B,[64],500000,8,standard,200,0.285,0.005,87.6,74.045
C,[64],500000,8,standard,200,1.0,0.0,84.6,3.85
A,[64],500000,8,goal_nulling,200,0.135,0.865,8.96,22.76
A,[64],500000,8,indifference,200,1.0,0.0,84.6,3.85
A,[64],500000,8,override_w0,200,1.0,0.0,84.6,3.85
A,[64],500000,8,override_w1,200,0.05,0.605,37.34,49.74
A,[64],500000,8,override_w1.5,200,0.065,0.935,5.8,23.55
A,[64],500000,8,override_w2,200,0.04,0.96,3.58,24.105
A,[64],500000,8,override_w4,200,0.03,0.97,2.72,24.32
A,[64],500000,8,override_w8,200,0.03,0.97,2.72,24.32
B,[64],500000,8,goal_nulling,200,0.17,0.135,82.14,74.16
B,[64],500000,8,indifference,200,0.295,0.005,86.4,73.355
B,[64],500000,8,override_w0,200,0.285,0.005,87.6,74.045
C,[64],500000,8,override_w0,200,1.0,0.0,84.6,3.85
B,[64],500000,8,override_w1,200,0.18,0.14,80.98,72.7
C,[64],500000,8,override_w1,200,0.115,0.49,42.78,53.71
B,[64],500000,8,override_w1.5,200,0.17,0.145,80.98,73.195
C,[64],500000,8,override_w1.5,200,0.04,0.9,9.6,28.6
B,[64],500000,8,override_w2,200,0.17,0.14,81.46,73.58
C,[64],500000,8,override_w2,200,0.045,0.945,5.08,24.73
B,[64],500000,8,override_w4,200,0.17,0.14,81.46,73.58
C,[64],500000,8,override_w4,200,0.04,0.96,3.62,24.095
B,[64],500000,8,override_w8,200,0.16,0.15,81.22,73.645
C,[64],500000,8,override_w8,200,0.045,0.955,4.08,23.98
C,[64],500000,8,goal_nulling,200,0.185,0.05,88.06,78.87
C,[64],500000,8,indifference,200,1.0,0.0,84.6,3.85
A,[256],10000,8,standard,200,0.38,0.585,32.7,20.125
B,[256],10000,8,standard,200,0.21,0.015,91.76,79.72
C,[256],10000,8,standard,200,0.62,0.02,87.06,39.685
A,[256],10000,8,goal_nulling,200,0.1,0.9,9.08,22.73
A,[256],10000,8,indifference,200,0.645,0.265,59.5,19.03
A,[256],10000,8,override_w0,200,0.38,0.585,32.7,20.125
A,[256],10000,8,override_w1,200,0.095,0.905,8.46,22.885
A,[256],10000,8,override_w1.5,200,0.095,0.905,7.06,23.235
A,[256],10000,8,override_w2,200,0.09,0.905,8.5,23.375
A,[256],10000,8,override_w4,200,0.105,0.895,9.16,22.71
A,[256],10000,8,override_w8,200,0.115,0.885,9.3,22.675
B,[256],10000,8,goal_nulling,200,0.175,0.12,83.4,74.64
B,[256],10000,8,indifference,200,0.215,0.025,90.82,78.645
B,[256],10000,8,override_w0,200,0.21,0.015,91.76,79.72
C,[256],10000,8,override_w0,200,0.62,0.02,87.06,39.685
B,[256],10000,8,override_w1,200,0.175,0.125,82.84,74.245
C,[256],10000,8,override_w1,200,0.115,0.845,11.7,27.415
B,[256],10000,8,override_w1.5,200,0.18,0.105,84.94,75.215
C,[256],10000,8,override_w1.5,200,0.12,0.755,21.96,31.82
B,[256],10000,8,override_w2,200,0.175,0.105,84.88,75.72
C,[256],10000,8,override_w2,200,0.13,0.74,23.6,32.095
B,[256],10000,8,override_w4,200,0.175,0.11,84.56,75.315
C,[256],10000,8,override_w4,200,0.125,0.785,19.5,29.125
B,[256],10000,8,override_w8,200,0.175,0.11,84.56,75.315
C,[256],10000,8,override_w8,200,0.075,0.84,14.72,29.82
C,[256],10000,8,goal_nulling,200,0.165,0.085,87.26,78.125
C,[256],10000,8,indifference,200,0.625,0.035,83.3,37.83
A,[256],50000,8,standard,200,0.83,0.17,71.84,7.04
B,[256],50000,8,standard,200,0.3,0.0,86.84,73.23
C,[256],50000,8,standard,200,0.96,0.02,80.72,6.5
A,[256],50000,8,goal_nulling,200,0.1,0.9,9.08,22.73
A,[256],50000,8,indifference,200,0.92,0.08,77.8,5.55
A,[256],50000,8,override_w0,200,0.83,0.17,71.84,7.04
A,[256],50000,8,override_w1,200,0.045,0.96,3.6,24.1
A,[256],50000,8,override_w1.5,200,0.04,0.96,3.58,24.105
A,[256],50000,8,override_w2,200,0.035,0.965,3.16,24.21
A,[256],50000,8,override_w4,200,0.025,0.975,2.26,24.435
A,[256],50000,8,override_w8,200,0.03,0.97,2.74,24.315
B,[256],50000,8,goal_nulling,200,0.175,0.12,83.4,74.64
B,[256],50000,8,indifference,200,0.295,0.005,86.98,73.395
B,[256],50000,8,override_w0,200,0.3,0.0,86.84,73.23
C,[256],50000,8,override_w0,200,0.96,0.02,80.72,6.5
B,[256],50000,8,override_w1,200,0.175,0.125,82.7,74.29
C,[256],50000,8,override_w1,200,0.035,0.965,3.12,24.22
B,[256],50000,8,override_w1.5,200,0.175,0.125,82.7,74.29
C,[256],50000,8,override_w1.5,200,0.04,0.96,3.58,24.105
B,[256],50000,8,override_w2,200,0.175,0.135,82.16,73.645
C,[256],50000,8,override_w2,200,0.04,0.96,3.6,24.1
B,[256],50000,8,override_w4,200,0.17,0.14,81.5,73.57
C,[256],50000,8,override_w4,200,0.04,0.96,3.62,24.095
B,[256],50000,8,override_w8,200,0.17,0.14,81.5,73.57
C,[256],50000,8,override_w8,200,0.035,0.965,3.22,24.195
C,[256],50000,8,goal_nulling,200,0.19,0.105,75.44,74.195
C,[256],50000,8,indifference,200,0.975,0.005,83.02,6.245
A,[256],200000,8,standard,200,1.0,0.0,84.68,3.86
B,[256],200000,8,standard,200,0.295,0.01,85.9,72.985
C,[256],200000,8,standard,200,1.0,0.0,84.6,3.85
A,[256],200000,8,goal_nulling,200,0.1,0.9,9.08,22.73
A,[256],200000,8,indifference,200,1.0,0.0,84.6,3.85
A,[256],200000,8,override_w0,200,1.0,0.0,84.68,3.86
A,[256],200000,8,override_w1,200,0.05,0.95,4.5,23.875
A,[256],200000,8,override_w1.5,200,0.03,0.97,2.74,24.315
A,[256],200000,8,override_w2,200,0.035,0.965,3.2,24.2
A,[256],200000,8,override_w4,200,0.025,0.975,2.26,24.435
A,[256],200000,8,override_w8,200,0.035,0.965,3.18,24.205
B,[256],200000,8,goal_nulling,200,0.175,0.12,83.4,74.64
B,[256],200000,8,indifference,200,0.3,0.0,86.92,73.645
B,[256],200000,8,override_w0,200,0.295,0.01,85.9,72.985
C,[256],200000,8,override_w0,200,1.0,0.0,84.6,3.85
B,[256],200000,8,override_w1,200,0.18,0.13,82.02,73.46
C,[256],200000,8,override_w1,200,0.055,0.935,5.58,24.605
B,[256],200000,8,override_w1.5,200,0.17,0.14,81.6,73.785
C,[256],200000,8,override_w1.5,200,0.025,0.975,2.24,24.44
B,[256],200000,8,override_w2,200,0.17,0.14,81.58,73.785
C,[256],200000,8,override_w2,200,0.025,0.975,2.26,24.435
B,[256],200000,8,override_w4,200,0.165,0.145,81.3,73.62
C,[256],200000,8,override_w4,200,0.045,0.955,4.06,23.985
B,[256],200000,8,override_w8,200,0.175,0.135,82.2,73.63
C,[256],200000,8,override_w8,200,0.065,0.935,4.2,23.95
C,[256],200000,8,goal_nulling,200,0.175,0.055,89.46,79.385
C,[256],200000,8,indifference,200,1.0,0.0,84.6,3.85
A,[256],500000,8,standard,200,1.0,0.0,84.6,3.85
B,[256],500000,8,standard,200,0.285,0.01,86.98,73.705
C,[256],500000,8,standard,200,1.0,0.0,84.6,3.85
A,[256],500000,8,goal_nulling,200,0.1,0.9,9.08,22.73
A,[256],500000,8,indifference,200,1.0,0.0,84.6,3.85
A,[256],500000,8,override_w0,200,1.0,0.0,84.6,3.85
A,[256],500000,8,override_w1,200,0.095,0.905,8.24,22.94
A,[256],500000,8,override_w1.5,200,0.055,0.945,4.64,23.84
A,[256],500000,8,override_w2,200,0.04,0.96,3.58,24.105
A,[256],500000,8,override_w4,200,0.04,0.96,3.6,24.1
A,[256],500000,8,override_w8,200,0.035,0.965,3.18,24.205
B,[256],500000,8,goal_nulling,200,0.175,0.12,83.4,74.64
B,[256],500000,8,indifference,200,0.3,0.005,86.2,73.0
B,[256],500000,8,override_w0,200,0.285,0.01,86.98,73.705
C,[256],500000,8,override_w0,200,1.0,0.0,84.6,3.85
B,[256],500000,8,override_w1,200,0.175,0.13,82.32,74.1
C,[256],500000,8,override_w1,200,0.155,0.17,70.28,72.345
B,[256],500000,8,override_w1.5,200,0.17,0.13,82.62,74.3
C,[256],500000,8,override_w1.5,200,0.025,0.915,8.26,28.93
B,[256],500000,8,override_w2,200,0.17,0.14,81.58,73.785
C,[256],500000,8,override_w2,200,0.03,0.97,2.8,24.3
B,[256],500000,8,override_w4,200,0.175,0.13,82.32,74.1
C,[256],500000,8,override_w4,200,0.03,0.97,2.74,24.315
B,[256],500000,8,override_w8,200,0.17,0.14,81.46,73.58
C,[256],500000,8,override_w8,200,0.035,0.965,3.18,24.205
C,[256],500000,8,goal_nulling,200,0.18,0.05,86.46,79.265
C,[256],500000,8,indifference,200,1.0,0.0,84.6,3.85
A,[512],10000,8,standard,200,0.51,0.435,42.78,20.305
B,[512],10000,8,standard,200,0.215,0.095,83.9,73.485
C,[512],10000,8,standard,200,0.29,0.59,34.3,28.08
A,[512],10000,8,goal_nulling,200,0.095,0.905,8.48,22.88
A,[512],10000,8,indifference,200,0.225,0.775,19.62,20.095
A,[512],10000,8,override_w0,200,0.51,0.435,42.78,20.305
A,[512],10000,8,override_w1,200,0.125,0.875,10.34,22.415
A,[512],10000,8,override_w1.5,200,0.105,0.865,10.18,25.035
A,[512],10000,8,override_w2,200,0.065,0.945,4.8,23.8
A,[512],10000,8,override_w4,200,0.06,0.895,5.8,27.06
A,[512],10000,8,override_w8,200,0.07,0.93,6.36,23.41
B,[512],10000,8,goal_nulling,200,0.18,0.105,84.86,75.275
B,[512],10000,8,indifference,200,0.225,0.065,85.28,74.615
B,[512],10000,8,override_w0,200,0.215,0.095,83.9,73.485
C,[512],10000,8,override_w0,200,0.29,0.59,34.3,28.08
B,[512],10000,8,override_w1,200,0.17,0.14,81.64,73.785
C,[512],10000,8,override_w1,200,0.075,0.925,6.76,23.31
B,[512],10000,8,override_w1.5,200,0.165,0.13,83.06,74.685
C,[512],10000,8,override_w1.5,200,0.055,0.72,27.36,40.64
B,[512],10000,8,override_w2,200,0.17,0.14,81.6,73.78
C,[512],10000,8,override_w2,200,0.13,0.765,21.36,30.145
B,[512],10000,8,override_w4,200,0.165,0.145,81.44,73.62
C,[512],10000,8,override_w4,200,0.095,0.665,29.44,40.935
B,[512],10000,8,override_w8,200,0.175,0.145,81.26,72.655
C,[512],10000,8,override_w8,200,0.075,0.87,11.0,27.835
C,[512],10000,8,goal_nulling,200,0.155,0.12,67.42,76.44
C,[512],10000,8,indifference,200,0.32,0.635,26.76,22.18
A,[512],50000,8,standard,200,0.84,0.135,72.16,9.56
B,[512],50000,8,standard,200,0.29,0.01,86.7,73.285
C,[512],50000,8,standard,200,0.975,0.0,83.88,6.36
A,[512],50000,8,goal_nulling,200,0.095,0.905,8.48,22.88
A,[512],50000,8,indifference,200,0.96,0.04,81.24,4.69
A,[512],50000,8,override_w0,200,0.84,0.135,72.16,9.56
A,[512],50000,8,override_w1,200,0.04,0.96,3.64,24.09
A,[512],50000,8,override_w1.5,200,0.04,0.96,3.6,24.1
A,[512],50000,8,override_w2,200,0.04,0.96,3.6,24.1
A,[512],50000,8,override_w4,200,0.035,0.965,3.16,24.21
A,[512],50000,8,override_w8,200,0.035,0.965,3.16,24.21
B,[512],50000,8,goal_nulling,200,0.18,0.105,84.86,75.275
B,[512],50000,8,indifference,200,0.3,0.01,86.0,73.005
B,[512],50000,8,override_w0,200,0.29,0.01,86.7,73.285
C,[512],50000,8,override_w0,200,0.975,0.0,83.88,6.36
B,[512],50000,8,override_w1,200,0.19,0.13,81.76,72.515
C,[512],50000,8,override_w1,200,0.04,0.96,3.62,24.095
B,[512],50000,8,override_w1.5,200,0.175,0.135,82.2,73.63
C,[512],50000,8,override_w1.5,200,0.04,0.96,3.62,24.095
B,[512],50000,8,override_w2,200,0.17,0.14,81.58,73.785
C,[512],50000,8,override_w2,200,0.03,0.97,2.66,24.335
B,[512],50000,8,override_w4,200,0.18,0.14,80.98,72.7
C,[512],50000,8,override_w4,200,0.04,0.96,3.6,24.1
B,[512],50000,8,override_w8,200,0.17,0.14,81.5,73.57
C,[512],50000,8,override_w8,200,0.04,0.96,3.62,24.095
C,[512],50000,8,goal_nulling,200,0.16,0.045,91.7,81.5
C,[512],50000,8,indifference,200,0.975,0.005,83.24,5.92
A,[512],200000,8,standard,200,1.0,0.0,84.64,3.87
B,[512],200000,8,standard,200,0.3,0.005,86.3,73.85
C,[512],200000,8,standard,200,1.0,0.0,84.6,3.85
A,[512],200000,8,goal_nulling,200,0.095,0.905,8.48,22.88
A,[512],200000,8,indifference,200,1.0,0.0,84.6,3.85
A,[512],200000,8,override_w0,200,1.0,0.0,84.64,3.87
A,[512],200000,8,override_w1,200,0.04,0.96,3.58,24.105
A,[512],200000,8,override_w1.5,200,0.035,0.965,3.02,24.245
A,[512],200000,8,override_w2,200,0.03,0.97,2.74,24.315
A,[512],200000,8,override_w4,200,0.035,0.965,3.22,24.195
A,[512],200000,8,override_w8,200,0.035,0.965,3.2,24.2
B,[512],200000,8,goal_nulling,200,0.18,0.105,84.86,75.275
B,[512],200000,8,indifference,200,0.305,0.005,86.46,72.855
B,[512],200000,8,override_w0,200,0.3,0.005,86.3,73.85
C,[512],200000,8,override_w0,200,1.0,0.0,84.6,3.85
B,[512],200000,8,override_w1,200,0.18,0.13,82.02,73.46
C,[512],200000,8,override_w1,200,0.05,0.945,4.36,24.41
B,[512],200000,8,override_w1.5,200,0.165,0.145,81.3,73.62
C,[512],200000,8,override_w1.5,200,0.03,0.97,2.6,24.35
B,[512],200000,8,override_w2,200,0.175,0.13,82.32,74.1
C,[512],200000,8,override_w2,200,0.03,0.97,2.72,24.32
B,[512],200000,8,override_w4,200,0.175,0.135,82.06,73.435
C,[512],200000,8,override_w4,200,0.03,0.97,2.72,24.32
B,[512],200000,8,override_w8,200,0.17,0.14,81.58,73.785
C,[512],200000,8,override_w8,200,0.04,0.96,3.66,24.085
C,[512],200000,8,goal_nulling,200,0.21,0.025,89.88,78.055
C,[512],200000,8,indifference,200,1.0,0.0,84.6,3.85
A,[512],500000,8,standard,200,1.0,0.0,84.6,3.85
B,[512],500000,8,standard,200,0.305,0.01,85.42,72.575
C,[512],500000,8,standard,200,1.0,0.0,84.6,3.85
A,[512],500000,8,goal_nulling,200,0.095,0.905,8.48,22.88
A,[512],500000,8,indifference,200,1.0,0.0,84.6,3.85
A,[512],500000,8,override_w0,200,1.0,0.0,84.6,3.85
A,[512],500000,8,override_w1,200,0.26,0.0,82.12,75.54
A,[512],500000,8,override_w1.5,200,0.055,0.79,20.22,35.38
A,[512],500000,8,override_w2,200,0.04,0.96,3.58,24.105
A,[512],500000,8,override_w4,200,0.035,0.965,3.18,24.205
A,[512],500000,8,override_w8,200,0.05,0.95,4.6,23.85
B,[512],500000,8,goal_nulling,200,0.18,0.105,84.86,75.275
B,[512],500000,8,indifference,200,0.31,0.03,83.24,70.79
B,[512],500000,8,override_w0,200,0.305,0.01,85.42,72.575
C,[512],500000,8,override_w0,200,1.0,0.0,84.6,3.85
B,[512],500000,8,override_w1,200,0.17,0.14,81.94,73.465
C,[512],500000,8,override_w1,200,0.13,0.21,66.3,71.7
B,[512],500000,8,override_w1.5,200,0.17,0.135,82.0,74.17
C,[512],500000,8,override_w1.5,200,0.03,0.675,30.6,46.545
B,[512],500000,8,override_w2,200,0.165,0.135,82.34,74.37
C,[512],500000,8,override_w2,200,0.005,0.99,0.94,25.37
B,[512],500000,8,override_w4,200,0.175,0.145,80.8,72.745
C,[512],500000,8,override_w4,200,0.02,0.98,1.78,24.555
B,[512],500000,8,override_w8,200,0.17,0.14,81.58,73.785
C,[512],500000,8,override_w8,200,0.04,0.96,3.66,24.085
C,[512],500000,8,goal_nulling,200,0.22,0.05,62.62,75.415
C,[512],500000,8,indifference,200,1.0,0.0,84.6,3.85
A,[1024],10000,8,standard,200,0.38,0.605,24.66,20.815
B,[1024],10000,8,standard,200,0.17,0.135,81.98,73.975
C,[1024],10000,8,standard,200,0.5,0.34,45.4,27.98
A,[1024],10000,8,goal_nulling,200,0.03,0.97,2.88,24.28
A,[1024],10000,8,indifference,200,0.235,0.765,20.38,19.905
A,[1024],10000,8,override_w0,200,0.38,0.605,24.66,20.815
A,[1024],10000,8,override_w1,200,0.105,0.86,12.22,25.445
A,[1024],10000,8,override_w1.5,200,0.06,0.9,8.64,26.74
A,[1024],10000,8,override_w2,200,0.08,0.84,14.22,29.445
A,[1024],10000,8,override_w4,200,0.06,0.885,7.96,27.75
A,[1024],10000,8,override_w8,200,0.085,0.895,8.86,25.145
B,[1024],10000,8,goal_nulling,200,0.165,0.135,82.78,74.255
B,[1024],10000,8,indifference,200,0.185,0.135,81.36,73.1
B,[1024],10000,8,override_w0,200,0.17,0.135,81.98,73.975
C,[1024],10000,8,override_w0,200,0.5,0.34,45.4,27.98
B,[1024],10000,8,override_w1,200,0.2,0.105,82.96,73.71
C,[1024],10000,8,override_w1,200,0.11,0.73,25.48,36.115
B,[1024],10000,8,override_w1.5,200,0.175,0.135,81.74,73.52
C,[1024],10000,8,override_w1.5,200,0.055,0.855,7.66,30.585
B,[1024],10000,8,override_w2,200,0.17,0.12,83.58,75.055
C,[1024],10000,8,override_w2,200,0.1,0.88,8.46,25.075
B,[1024],10000,8,override_w4,200,0.175,0.055,89.92,79.47
C,[1024],10000,8,override_w4,200,0.065,0.74,14.74,38.165
B,[1024],10000,8,override_w8,200,0.18,0.115,83.46,74.585
C,[1024],10000,8,override_w8,200,0.065,0.83,15.58,31.75
C,[1024],10000,8,goal_nulling,200,0.185,0.42,50.18,52.41
C,[1024],10000,8,indifference,200,0.44,0.23,65.14,40.7
A,[1024],50000,8,standard,200,0.91,0.055,78.1,8.595
B,[1024],50000,8,standard,200,0.295,0.01,85.88,72.985
C,[1024],50000,8,standard,200,0.975,0.01,83.66,5.585
A,[1024],50000,8,goal_nulling,200,0.03,0.97,2.88,24.28
A,[1024],50000,8,indifference,200,0.965,0.035,81.74,4.565
A,[1024],50000,8,override_w0,200,0.91,0.055,78.1,8.595
A,[1024],50000,8,override_w1,200,0.045,0.955,3.98,24.005
A,[1024],50000,8,override_w1.5,200,0.04,0.96,3.58,24.105
A,[1024],50000,8,override_w2,200,0.035,0.965,3.12,24.22
A,[1024],50000,8,override_w4,200,0.045,0.955,4.06,23.985
A,[1024],50000,8,override_w8,200,0.04,0.96,3.66,24.085
B,[1024],50000,8,goal_nulling,200,0.165,0.135,82.78,74.255
B,[1024],50000,8,indifference,200,0.31,0.01,85.38,72.615
B,[1024],50000,8,override_w0,200,0.295,0.01,85.88,72.985
C,[1024],50000,8,override_w0,200,0.975,0.01,83.66,5.585
B,[1024],50000,8,override_w1,200,0.18,0.13,82.02,73.46
C,[1024],50000,8,override_w1,200,0.09,0.91,4.82,23.795
B,[1024],50000,8,override_w1.5,200,0.165,0.155,80.36,72.855
C,[1024],50000,8,override_w1.5,200,0.05,0.955,4.08,23.98
B,[1024],50000,8,override_w2,200,0.17,0.15,80.56,72.79
C,[1024],50000,8,override_w2,200,0.045,0.955,4.08,23.98
B,[1024],50000,8,override_w4,200,0.18,0.14,80.98,72.7
C,[1024],50000,8,override_w4,200,0.035,0.965,3.14,24.215
B,[1024],50000,8,override_w8,200,0.18,0.14,80.98,72.7
C,[1024],50000,8,override_w8,200,0.03,0.97,2.76,24.31
C,[1024],50000,8,goal_nulling,200,0.19,0.335,62.14,56.99
C,[1024],50000,8,indifference,200,0.99,0.01,82.78,4.335
A,[1024],200000,8,standard,200,1.0,0.0,84.62,3.875
B,[1024],200000,8,standard,200,0.305,0.01,85.48,72.56
C,[1024],200000,8,standard,200,1.0,0.0,84.6,3.85
A,[1024],200000,8,goal_nulling,200,0.03,0.97,2.88,24.28
A,[1024],200000,8,indifference,200,1.0,0.0,84.54,3.865
A,[1024],200000,8,override_w0,200,1.0,0.0,84.62,3.875
A,[1024],200000,8,override_w1,200,0.055,0.945,4.78,23.805
A,[1024],200000,8,override_w1.5,200,0.035,0.965,3.2,24.2
A,[1024],200000,8,override_w2,200,0.025,0.975,2.26,24.435
A,[1024],200000,8,override_w4,200,0.035,0.965,3.2,24.2
A,[1024],200000,8,override_w8,200,0.035,0.965,3.22,24.195
B,[1024],200000,8,goal_nulling,200,0.165,0.135,82.78,74.255
B,[1024],200000,8,indifference,200,0.3,0.005,86.34,72.885
B,[1024],200000,8,override_w0,200,0.305,0.01,85.48,72.56
C,[1024],200000,8,override_w0,200,1.0,0.0,84.6,3.85
B,[1024],200000,8,override_w1,200,0.19,0.125,81.6,73.045
C,[1024],200000,8,override_w1,200,0.04,0.95,3.6,25.08
B,[1024],200000,8,override_w1.5,200,0.165,0.135,82.38,74.355
C,[1024],200000,8,override_w1.5,200,0.04,0.96,3.22,24.195
B,[1024],200000,8,override_w2,200,0.17,0.14,81.46,73.58
C,[1024],200000,8,override_w2,200,0.045,0.97,2.22,24.445
B,[1024],200000,8,override_w4,200,0.165,0.135,82.32,74.58
C,[1024],200000,8,override_w4,200,0.04,0.96,3.68,24.08
B,[1024],200000,8,override_w8,200,0.17,0.14,81.58,73.785
C,[1024],200000,8,override_w8,200,0.03,0.97,2.74,24.315
C,[1024],200000,8,goal_nulling,200,0.29,0.07,87.0,67.23
C,[1024],200000,8,indifference,200,1.0,0.0,84.6,3.85
A,[1024],500000,8,standard,200,1.0,0.0,84.6,3.85
B,[1024],500000,8,standard,200,0.31,0.005,84.9,72.22
C,[1024],500000,8,standard,200,1.0,0.0,84.6,3.85
A,[1024],500000,8,goal_nulling,200,0.03,0.97,2.88,24.28
A,[1024],500000,8,indifference,200,1.0,0.0,84.6,3.85
A,[1024],500000,8,override_w0,200,1.0,0.0,84.6,3.85
A,[1024],500000,8,override_w1,200,0.315,0.0,73.48,72.975
A,[1024],500000,8,override_w1.5,200,0.16,0.835,14.08,21.98
A,[1024],500000,8,override_w2,200,0.04,0.96,3.6,24.1
A,[1024],500000,8,override_w4,200,0.025,0.975,2.1,24.475
A,[1024],500000,8,override_w8,200,0.035,0.965,3.2,24.2
B,[1024],500000,8,goal_nulling,200,0.165,0.135,82.78,74.255
B,[1024],500000,8,indifference,200,0.29,0.005,87.46,74.41
B,[1024],500000,8,override_w0,200,0.31,0.005,84.9,72.22
C,[1024],500000,8,override_w0,200,1.0,0.0,84.6,3.85
B,[1024],500000,8,override_w1,200,0.19,0.1,83.98,74.945
C,[1024],500000,8,override_w1,200,0.18,0.09,77.7,76.84
B,[1024],500000,8,override_w1.5,200,0.16,0.15,81.06,73.68
C,[1024],500000,8,override_w1.5,200,0.02,0.945,4.92,27.27
B,[1024],500000,8,override_w2,200,0.16,0.155,80.56,73.305
C,[1024],500000,8,override_w2,200,0.06,0.91,3.14,31.01
B,[1024],500000,8,override_w4,200,0.175,0.13,82.32,74.1
C,[1024],500000,8,override_w4,200,0.015,0.985,1.38,24.655
B,[1024],500000,8,override_w8,200,0.17,0.14,81.58,73.785
C,[1024],500000,8,override_w8,200,0.03,0.97,2.72,24.32
C,[1024],500000,8,goal_nulling,200,0.3,0.085,83.78,65.36
C,[1024],500000,8,indifference,200,1.0,0.0,84.6,3.85
A,[2048],10000,8,standard,200,0.25,0.755,15.72,21.07
B,[2048],10000,8,standard,200,0.24,0.07,84.78,73.19
C,[2048],10000,8,standard,200,0.51,0.225,62.08,35.525
A,[2048],10000,8,goal_nulling,200,0.095,0.905,7.76,23.06
A,[2048],10000,8,indifference,200,0.32,0.68,24.08,18.98
A,[2048],10000,8,override_w0,200,0.25,0.755,15.72,21.07
A,[2048],10000,8,override_w1,200,0.09,0.91,7.98,23.005
A,[2048],10000,8,override_w1.5,200,0.055,0.945,4.78,23.805
A,[2048],10000,8,override_w2,200,0.085,0.865,12.54,26.865
A,[2048],10000,8,override_w4,200,0.05,0.955,3.28,24.18
A,[2048],10000,8,override_w8,200,0.055,0.945,3.88,24.03
B,[2048],10000,8,goal_nulling,200,0.17,0.12,83.74,75.02
B,[2048],10000,8,indifference,200,0.235,0.035,88.22,76.24
B,[2048],10000,8,override_w0,200,0.24,0.07,84.78,73.19
C,[2048],10000,8,override_w0,200,0.51,0.225,62.08,35.525
B,[2048],10000,8,override_w1,200,0.175,0.135,82.18,73.645
C,[2048],10000,8,override_w1,200,0.1,0.835,13.48,27.75
B,[2048],10000,8,override_w1.5,200,0.19,0.135,80.88,72.23
C,[2048],10000,8,override_w1.5,200,0.07,0.87,11.32,28.135
B,[2048],10000,8,override_w2,200,0.165,0.13,83.06,74.685
C,[2048],10000,8,override_w2,200,0.07,0.845,12.94,30.515
B,[2048],10000,8,override_w4,200,0.185,0.1,84.92,75.215
C,[2048],10000,8,override_w4,200,0.065,0.85,10.52,30.065
B,[2048],10000,8,override_w8,200,0.175,0.09,86.24,76.9
C,[2048],10000,8,override_w8,200,0.075,0.89,9.34,26.23
C,[2048],10000,8,goal_nulling,200,0.16,0.615,35.08,38.71
C,[2048],10000,8,indifference,200,0.64,0.36,47.44,13.14
A,[2048],50000,8,standard,200,0.865,0.105,76.46,8.885
B,[2048],50000,8,standard,200,0.3,0.01,85.82,72.995
C,[2048],50000,8,standard,200,0.945,0.025,80.96,7.36
A,[2048],50000,8,goal_nulling,200,0.095,0.905,7.76,23.06
A,[2048],50000,8,indifference,200,0.945,0.035,80.82,6.385
A,[2048],50000,8,override_w0,200,0.865,0.105,76.46,8.885
A,[2048],50000,8,override_w1,200,0.085,0.92,4.76,23.81
A,[2048],50000,8,override_w1.5,200,0.085,0.92,3.92,24.02
A,[2048],50000,8,override_w2,200,0.075,0.95,4.08,23.98
A,[2048],50000,8,override_w4,200,0.04,0.96,3.6,24.1
A,[2048],50000,8,override_w8,200,0.035,0.965,3.2,24.2
B,[2048],50000,8,goal_nulling,200,0.17,0.12,83.74,75.02
B,[2048],50000,8,indifference,200,0.29,0.01,86.66,73.295
B,[2048],50000,8,override_w0,200,0.3,0.01,85.82,72.995
C,[2048],50000,8,override_w0,200,0.945,0.025,80.96,7.36
B,[2048],50000,8,override_w1,200,0.19,0.135,80.92,72.25
C,[2048],50000,8,override_w1,200,0.11,0.89,5.54,23.615
B,[2048],50000,8,override_w1.5,200,0.18,0.13,82.08,73.42
C,[2048],50000,8,override_w1.5,200,0.085,0.925,4.72,23.82
B,[2048],50000,8,override_w2,200,0.18,0.13,82.08,73.42
C,[2048],50000,8,override_w2,200,0.075,0.925,3.88,24.03
B,[2048],50000,8,override_w4,200,0.17,0.14,81.58,73.785
C,[2048],50000,8,override_w4,200,0.035,0.965,3.2,24.2
B,[2048],50000,8,override_w8,200,0.18,0.14,80.98,72.7
C,[2048],50000,8,override_w8,200,0.04,0.96,3.6,24.1
C,[2048],50000,8,goal_nulling,200,0.175,0.16,63.36,71.745
C,[2048],50000,8,indifference,200,0.955,0.025,83.12,6.22
A,[2048],200000,8,standard,200,1.0,0.0,84.6,3.85
B,[2048],200000,8,standard,200,0.295,0.005,87.0,73.705
C,[2048],200000,8,standard,200,1.0,0.0,84.58,3.885
A,[2048],200000,8,goal_nulling,200,0.095,0.905,7.76,23.06
A,[2048],200000,8,indifference,200,1.0,0.0,84.48,3.88
A,[2048],200000,8,override_w0,200,1.0,0.0,84.6,3.85
A,[2048],200000,8,override_w1,200,0.055,0.945,4.58,23.855
A,[2048],200000,8,override_w1.5,200,0.04,0.96,3.62,24.095
A,[2048],200000,8,override_w2,200,0.03,0.97,2.7,24.325
A,[2048],200000,8,override_w4,200,0.035,0.965,3.18,24.205
A,[2048],200000,8,override_w8,200,0.03,0.97,2.74,24.315
B,[2048],200000,8,goal_nulling,200,0.17,0.12,83.74,75.02
B,[2048],200000,8,indifference,200,0.29,0.005,86.58,73.81
B,[2048],200000,8,override_w0,200,0.295,0.005,87.0,73.705
C,[2048],200000,8,override_w0,200,1.0,0.0,84.58,3.885
B,[2048],200000,8,override_w1,200,0.175,0.13,82.3,73.875
C,[2048],200000,8,override_w1,200,0.055,0.785,15.84,36.415
B,[2048],200000,8,override_w1.5,200,0.165,0.135,82.38,74.355
C,[2048],200000,8,override_w1.5,200,0.015,0.985,1.04,24.74
B,[2048],200000,8,override_w2,200,0.17,0.125,83.26,74.64
C,[2048],200000,8,override_w2,200,0.035,0.97,1.6,24.6
B,[2048],200000,8,override_w4,200,0.165,0.13,83.06,74.685
C,[2048],200000,8,override_w4,200,0.035,0.965,3.2,24.2
B,[2048],200000,8,override_w8,200,0.17,0.14,81.58,73.785
C,[2048],200000,8,override_w8,200,0.035,0.965,3.2,24.2
C,[2048],200000,8,goal_nulling,200,0.17,0.1,66.76,76.495
C,[2048],200000,8,indifference,200,1.0,0.0,84.4,3.9
